use integration_background;
set names utf8;

/*
Navicat MySQL Data Transfer

Source Server         : root-dev
Source Server Version : 50505
Source Host           : 192.168.39.75:3306
Source Database       : integration_background

Target Server Type    : MYSQL
Target Server Version : 50505
File Encoding         : 65001

Date: 2019-08-21 11:03:46
*/

-- ----------------------------
-- Table structure for s8_game
-- ----------------------------
DROP TABLE IF EXISTS `s8_game`;
CREATE TABLE `s8_game` (
  `game_id` int(11) NOT NULL,
  `order_by` smallint(4) NOT NULL DEFAULT 0 COMMENT '显示排序',
  `created_at` datetime DEFAULT NULL,
  `updated_at` datetime DEFAULT NULL,
  PRIMARY KEY (`game_id`) USING BTREE
) ENGINE=InnoDB DEFAULT CHARSET=utf8mb4;

-- ----------------------------
-- Records of s8_game
-- ----------------------------
INSERT INTO `s8_game` VALUES ('5069', '0', '2019-02-11 11:17:28', '2019-02-11 11:17:28');
INSERT INTO `s8_game` VALUES ('5078', '0', '2019-02-11 11:17:28', '2019-02-11 11:17:28');
INSERT INTO `s8_game` VALUES ('5151', '0', '2019-02-11 11:17:28', '2019-02-11 11:17:28');
INSERT INTO `s8_game` VALUES ('5174', '0', '2019-02-11 11:17:28', '2019-02-11 11:17:28');
INSERT INTO `s8_game` VALUES ('5182', '0', '2019-02-11 11:17:28', '2019-02-11 11:17:28');
INSERT INTO `s8_game` VALUES ('5192', '0', '2019-02-11 11:17:28', '2019-02-11 11:17:28');
INSERT INTO `s8_game` VALUES ('5196', '0', '2019-02-18 11:18:32', '2019-02-18 11:18:32');
INSERT INTO `s8_game` VALUES ('5199', '0', '2019-07-16 12:25:48', '2019-07-16 12:25:48');
INSERT INTO `s8_game` VALUES ('5201', '0', '2019-07-16 12:25:48', '2019-07-16 12:25:48');
INSERT INTO `s8_game` VALUES ('5211', '0', '2019-04-15 16:14:37', '2019-04-15 16:14:37');
INSERT INTO `s8_game` VALUES ('6000000', '0', '2019-05-14 10:45:09', '2019-05-14 10:45:09');
INSERT INTO `s8_game` VALUES ('7000000', '0', '2019-05-14 10:51:51', '2019-05-14 10:51:51');

-- ----------------------------
-- Table structure for s8_system_group
-- ----------------------------
DROP TABLE IF EXISTS `s8_system_group`;
CREATE TABLE `s8_system_group` (
  `sg_id` int(11) NOT NULL AUTO_INCREMENT,
  `sg_desc` varchar(128) NOT NULL DEFAULT '' COMMENT '角色描述',
  `sg_name` varchar(16) NOT NULL DEFAULT '' COMMENT '角色名称',
  `privilege_level` tinyint(1) NOT NULL DEFAULT 2 COMMENT '后台角色权限级别置位，一位前台权限、二位后台权限',
  `kind` tinyint(1) NOT NULL DEFAULT 0 COMMENT '角色类型 0,普通角色 1,独有角色',
  `created_at` datetime DEFAULT NULL,
  `updated_at` datetime DEFAULT NULL,
  PRIMARY KEY (`sg_id`) USING BTREE
) ENGINE=InnoDB AUTO_INCREMENT=10 DEFAULT CHARSET=utf8mb4;

-- ----------------------------
-- Records of s8_system_group
-- ----------------------------
INSERT INTO `s8_system_group` VALUES ('1', '系统管理员', '系统管理员', '3', '0', '2019-01-04 16:21:08', '2019-01-07 15:44:58');
INSERT INTO `s8_system_group` VALUES ('2', '开发人员', '开发人员', '3', '0', '2019-01-07 10:25:35', '2019-06-27 11:59:07');
INSERT INTO `s8_system_group` VALUES ('3', '测试人员', '测试人员', '1', '0', '2019-01-07 15:45:15', '2019-01-07 15:46:42');
INSERT INTO `s8_system_group` VALUES ('6', '测试展示', '测试展示', '1', '0', '2019-02-22 11:23:39', '2019-02-22 11:23:56');
INSERT INTO `s8_system_group` VALUES ('9', '平台客户端组', '平台客户端组', '1', '0', '2019-06-24 14:15:42', '2019-06-24 14:20:50');

-- ----------------------------
-- Table structure for s8_system_group_game
-- ----------------------------
DROP TABLE IF EXISTS `s8_system_group_game`;
CREATE TABLE `s8_system_group_game` (
  `sggid` int(11) NOT NULL AUTO_INCREMENT,
  `sg_id` int(11) NOT NULL DEFAULT 0 COMMENT '角色id',
  `game_id` int(11) NOT NULL DEFAULT 0 COMMENT '游戏id',
  `created_at` datetime DEFAULT NULL,
  `updated_at` datetime DEFAULT NULL,
  PRIMARY KEY (`sggid`) USING BTREE
) ENGINE=InnoDB AUTO_INCREMENT=109 DEFAULT CHARSET=utf8mb4;

-- ----------------------------
-- Records of s8_system_group_game
-- ----------------------------
INSERT INTO `s8_system_group_game` VALUES ('1', '1', '-1', '2019-01-04 16:21:08', '2019-01-04 16:21:08');
INSERT INTO `s8_system_group_game` VALUES ('3', '1', '5182', '2019-01-04 17:35:20', '2019-01-04 17:35:20');
INSERT INTO `s8_system_group_game` VALUES ('5', '1', '5174', '2019-01-07 10:16:54', '2019-01-07 10:16:54');
INSERT INTO `s8_system_group_game` VALUES ('6', '2', '-1', '2019-01-07 10:25:35', '2019-01-07 10:25:35');
INSERT INTO `s8_system_group_game` VALUES ('11', '2', '5174', '2019-01-07 12:13:47', '2019-01-07 12:13:47');
INSERT INTO `s8_system_group_game` VALUES ('12', '1', '5192', '2019-01-07 12:15:09', '2019-01-07 12:15:09');
INSERT INTO `s8_system_group_game` VALUES ('13', '1', '5151', '2019-01-07 12:15:38', '2019-01-07 12:15:38');
INSERT INTO `s8_system_group_game` VALUES ('14', '3', '-1', '2019-01-07 15:45:15', '2019-01-07 15:45:15');
INSERT INTO `s8_system_group_game` VALUES ('15', '4', '-1', '2019-01-07 15:45:44', '2019-01-07 15:45:44');
INSERT INTO `s8_system_group_game` VALUES ('16', '4', '5151', '2019-01-07 15:55:39', '2019-01-07 15:55:39');
INSERT INTO `s8_system_group_game` VALUES ('17', '4', '5174', '2019-01-07 15:55:39', '2019-01-07 15:55:39');
INSERT INTO `s8_system_group_game` VALUES ('18', '4', '5182', '2019-01-07 15:55:39', '2019-01-07 15:55:39');
INSERT INTO `s8_system_group_game` VALUES ('19', '4', '5192', '2019-01-07 15:55:39', '2019-01-07 15:55:39');
INSERT INTO `s8_system_group_game` VALUES ('23', '1', '5069', '2019-01-07 16:00:27', '2019-01-07 16:00:27');
INSERT INTO `s8_system_group_game` VALUES ('24', '1', '5078', '2019-01-07 16:00:27', '2019-01-07 16:00:27');
INSERT INTO `s8_system_group_game` VALUES ('28', '2', '5069', '2019-01-07 16:00:45', '2019-01-07 16:00:45');
INSERT INTO `s8_system_group_game` VALUES ('29', '2', '5078', '2019-01-07 16:00:45', '2019-01-07 16:00:45');
INSERT INTO `s8_system_group_game` VALUES ('30', '2', '5151', '2019-01-07 16:00:45', '2019-01-07 16:00:45');
INSERT INTO `s8_system_group_game` VALUES ('31', '2', '5182', '2019-01-07 16:00:45', '2019-01-07 16:00:45');
INSERT INTO `s8_system_group_game` VALUES ('32', '2', '5192', '2019-01-07 16:00:45', '2019-01-07 16:00:45');
INSERT INTO `s8_system_group_game` VALUES ('36', '3', '5069', '2019-01-07 16:00:59', '2019-01-07 16:00:59');
INSERT INTO `s8_system_group_game` VALUES ('37', '3', '5078', '2019-01-07 16:00:59', '2019-01-07 16:00:59');
INSERT INTO `s8_system_group_game` VALUES ('38', '3', '5151', '2019-01-07 16:00:59', '2019-01-07 16:00:59');
INSERT INTO `s8_system_group_game` VALUES ('39', '3', '5174', '2019-01-07 16:00:59', '2019-01-07 16:00:59');
INSERT INTO `s8_system_group_game` VALUES ('40', '3', '5182', '2019-01-07 16:00:59', '2019-01-07 16:00:59');
INSERT INTO `s8_system_group_game` VALUES ('41', '3', '5192', '2019-01-07 16:00:59', '2019-01-07 16:00:59');
INSERT INTO `s8_system_group_game` VALUES ('45', '4', '5069', '2019-01-07 16:01:09', '2019-01-07 16:01:09');
INSERT INTO `s8_system_group_game` VALUES ('46', '4', '5078', '2019-01-07 16:01:09', '2019-01-07 16:01:09');
INSERT INTO `s8_system_group_game` VALUES ('48', '5', '5051', '2019-02-15 10:06:27', '2019-02-15 10:06:27');
INSERT INTO `s8_system_group_game` VALUES ('49', '4', '5196', '2019-02-18 11:18:46', '2019-02-18 11:18:46');
INSERT INTO `s8_system_group_game` VALUES ('50', '3', '5196', '2019-02-18 11:18:53', '2019-02-18 11:18:53');
INSERT INTO `s8_system_group_game` VALUES ('51', '2', '5196', '2019-02-18 11:18:59', '2019-02-18 11:18:59');
INSERT INTO `s8_system_group_game` VALUES ('52', '1', '5196', '2019-02-18 11:19:08', '2019-02-18 11:19:08');
INSERT INTO `s8_system_group_game` VALUES ('54', '6', '5051', '2019-02-22 12:03:30', '2019-02-22 12:03:30');
INSERT INTO `s8_system_group_game` VALUES ('55', '6', '5078', '2019-02-22 12:03:30', '2019-02-22 12:03:30');
INSERT INTO `s8_system_group_game` VALUES ('56', '6', '5174', '2019-02-22 12:03:30', '2019-02-22 12:03:30');
INSERT INTO `s8_system_group_game` VALUES ('57', '6', '5196', '2019-02-22 12:03:30', '2019-02-22 12:03:30');
INSERT INTO `s8_system_group_game` VALUES ('59', '7', '5174', '2019-03-05 10:22:00', '2019-03-05 10:22:00');
INSERT INTO `s8_system_group_game` VALUES ('60', '8', '-1', '2019-04-08 16:48:59', '2019-04-08 16:48:59');
INSERT INTO `s8_system_group_game` VALUES ('64', '8', '5069', '2019-04-08 16:49:22', '2019-04-08 16:49:22');
INSERT INTO `s8_system_group_game` VALUES ('65', '8', '5078', '2019-04-08 16:49:22', '2019-04-08 16:49:22');
INSERT INTO `s8_system_group_game` VALUES ('66', '8', '5151', '2019-04-08 16:49:22', '2019-04-08 16:49:22');
INSERT INTO `s8_system_group_game` VALUES ('67', '8', '5174', '2019-04-08 16:49:22', '2019-04-08 16:49:22');
INSERT INTO `s8_system_group_game` VALUES ('68', '8', '5182', '2019-04-08 16:49:22', '2019-04-08 16:49:22');
INSERT INTO `s8_system_group_game` VALUES ('69', '8', '5192', '2019-04-08 16:49:22', '2019-04-08 16:49:22');
INSERT INTO `s8_system_group_game` VALUES ('70', '8', '5196', '2019-04-08 16:49:22', '2019-04-08 16:49:22');
INSERT INTO `s8_system_group_game` VALUES ('71', '1', '5211', '2019-04-15 16:18:21', '2019-04-15 16:18:21');
INSERT INTO `s8_system_group_game` VALUES ('72', '2', '5211', '2019-04-15 16:26:42', '2019-04-15 16:26:42');
INSERT INTO `s8_system_group_game` VALUES ('73', '3', '5211', '2019-04-15 16:26:50', '2019-04-15 16:26:50');
INSERT INTO `s8_system_group_game` VALUES ('74', '4', '5211', '2019-04-15 16:27:02', '2019-04-15 16:27:02');
INSERT INTO `s8_system_group_game` VALUES ('80', '9', '-1', '2019-06-24 14:20:50', '2019-06-24 14:20:50');
INSERT INTO `s8_system_group_game` VALUES ('82', '9', '5069', '2019-06-24 14:22:48', '2019-06-24 14:22:48');
INSERT INTO `s8_system_group_game` VALUES ('83', '9', '5078', '2019-06-24 14:22:48', '2019-06-24 14:22:48');
INSERT INTO `s8_system_group_game` VALUES ('84', '9', '5151', '2019-06-24 14:22:48', '2019-06-24 14:22:48');
INSERT INTO `s8_system_group_game` VALUES ('85', '9', '5174', '2019-06-24 14:22:48', '2019-06-24 14:22:48');
INSERT INTO `s8_system_group_game` VALUES ('86', '9', '5182', '2019-06-24 14:22:48', '2019-06-24 14:22:48');
INSERT INTO `s8_system_group_game` VALUES ('87', '9', '5192', '2019-06-24 14:22:48', '2019-06-24 14:22:48');
INSERT INTO `s8_system_group_game` VALUES ('88', '9', '5196', '2019-06-24 14:22:48', '2019-06-24 14:22:48');
INSERT INTO `s8_system_group_game` VALUES ('89', '9', '5211', '2019-06-24 14:22:48', '2019-06-24 14:22:48');
INSERT INTO `s8_system_group_game` VALUES ('90', '8', '5211', '2019-07-09 18:02:52', '2019-07-09 18:02:52');
INSERT INTO `s8_system_group_game` VALUES ('97', '9', '5199', '2019-07-16 12:26:10', '2019-07-16 12:26:10');
INSERT INTO `s8_system_group_game` VALUES ('98', '9', '5201', '2019-07-16 12:26:10', '2019-07-16 12:26:10');
INSERT INTO `s8_system_group_game` VALUES ('99', '8', '5199', '2019-07-16 12:26:17', '2019-07-16 12:26:17');
INSERT INTO `s8_system_group_game` VALUES ('100', '8', '5201', '2019-07-16 12:26:17', '2019-07-16 12:26:17');
INSERT INTO `s8_system_group_game` VALUES ('101', '4', '5199', '2019-07-16 12:26:50', '2019-07-16 12:26:50');
INSERT INTO `s8_system_group_game` VALUES ('102', '4', '5201', '2019-07-16 12:26:50', '2019-07-16 12:26:50');
INSERT INTO `s8_system_group_game` VALUES ('103', '3', '5199', '2019-07-16 12:26:58', '2019-07-16 12:26:58');
INSERT INTO `s8_system_group_game` VALUES ('104', '3', '5201', '2019-07-16 12:26:58', '2019-07-16 12:26:58');
INSERT INTO `s8_system_group_game` VALUES ('105', '2', '5199', '2019-07-16 12:27:03', '2019-07-16 12:27:03');
INSERT INTO `s8_system_group_game` VALUES ('106', '2', '5201', '2019-07-16 12:27:03', '2019-07-16 12:27:03');
INSERT INTO `s8_system_group_game` VALUES ('107', '1', '5199', '2019-07-16 12:27:09', '2019-07-16 12:27:09');
INSERT INTO `s8_system_group_game` VALUES ('108', '1', '5201', '2019-07-16 12:27:09', '2019-07-16 12:27:09');

-- ----------------------------
-- Table structure for s8_system_group_priv
-- ----------------------------
DROP TABLE IF EXISTS `s8_system_group_priv`;
CREATE TABLE `s8_system_group_priv` (
  `sgp_id` int(11) NOT NULL AUTO_INCREMENT,
  `sg_id` int(11) NOT NULL DEFAULT 0 COMMENT '对应角色id',
  `sp_id` int(11) NOT NULL DEFAULT 0 COMMENT '对应权限id',
  `created_at` datetime DEFAULT NULL,
  `updated_at` datetime DEFAULT NULL,
  PRIMARY KEY (`sgp_id`) USING BTREE
) ENGINE=InnoDB AUTO_INCREMENT=1081 DEFAULT CHARSET=utf8mb4;

-- ----------------------------
-- Records of s8_system_group_priv
-- ----------------------------
INSERT INTO `s8_system_group_priv` VALUES ('1', '1', '1', '2019-01-04 16:21:08', '2019-01-04 16:21:08');
INSERT INTO `s8_system_group_priv` VALUES ('2', '1', '2', '2019-01-04 16:21:08', '2019-01-04 16:21:08');
INSERT INTO `s8_system_group_priv` VALUES ('3', '1', '3', '2019-01-04 16:21:08', '2019-01-04 16:21:08');
INSERT INTO `s8_system_group_priv` VALUES ('4', '1', '4', '2019-01-04 16:21:08', '2019-01-04 16:21:08');
INSERT INTO `s8_system_group_priv` VALUES ('5', '1', '5', '2019-01-04 16:21:08', '2019-01-04 16:21:08');
INSERT INTO `s8_system_group_priv` VALUES ('6', '1', '6', '2019-01-04 16:21:08', '2019-01-04 16:21:08');
INSERT INTO `s8_system_group_priv` VALUES ('7', '1', '7', '2019-01-04 16:21:08', '2019-01-04 16:21:08');
INSERT INTO `s8_system_group_priv` VALUES ('8', '1', '8', '2019-01-04 16:21:08', '2019-01-04 16:21:08');
INSERT INTO `s8_system_group_priv` VALUES ('9', '1', '9', '2019-01-04 16:21:08', '2019-01-04 16:21:08');
INSERT INTO `s8_system_group_priv` VALUES ('10', '1', '10', '2019-01-04 16:21:08', '2019-01-04 16:21:08');
INSERT INTO `s8_system_group_priv` VALUES ('11', '1', '11', '2019-01-04 16:21:08', '2019-01-04 16:21:08');
INSERT INTO `s8_system_group_priv` VALUES ('12', '1', '12', '2019-01-04 16:21:08', '2019-01-04 16:21:08');
INSERT INTO `s8_system_group_priv` VALUES ('13', '1', '13', '2019-01-04 16:21:08', '2019-01-04 16:21:08');
INSERT INTO `s8_system_group_priv` VALUES ('14', '1', '14', '2019-01-04 16:21:08', '2019-01-04 16:21:08');
INSERT INTO `s8_system_group_priv` VALUES ('15', '1', '15', '2019-01-04 16:21:08', '2019-01-04 16:21:08');
INSERT INTO `s8_system_group_priv` VALUES ('16', '1', '16', '2019-01-04 16:21:08', '2019-01-04 16:21:08');
INSERT INTO `s8_system_group_priv` VALUES ('17', '1', '17', '2019-01-04 16:21:08', '2019-01-04 16:21:08');
INSERT INTO `s8_system_group_priv` VALUES ('18', '1', '18', '2019-01-04 16:21:08', '2019-01-04 16:21:08');
INSERT INTO `s8_system_group_priv` VALUES ('19', '1', '19', '2019-01-04 16:21:08', '2019-01-04 16:21:08');
INSERT INTO `s8_system_group_priv` VALUES ('20', '1', '20', '2019-01-04 16:21:08', '2019-01-04 16:21:08');
INSERT INTO `s8_system_group_priv` VALUES ('21', '1', '21', '2019-01-04 16:21:08', '2019-01-04 16:21:08');
INSERT INTO `s8_system_group_priv` VALUES ('22', '1', '22', '2019-01-04 16:21:08', '2019-01-04 16:21:08');
INSERT INTO `s8_system_group_priv` VALUES ('23', '1', '23', '2019-01-04 16:21:08', '2019-01-04 16:21:08');
INSERT INTO `s8_system_group_priv` VALUES ('24', '1', '24', '2019-01-04 16:21:08', '2019-01-04 16:21:08');
INSERT INTO `s8_system_group_priv` VALUES ('25', '1', '25', '2019-01-04 16:21:08', '2019-01-04 16:21:08');
INSERT INTO `s8_system_group_priv` VALUES ('26', '1', '26', '2019-01-04 16:21:08', '2019-01-04 16:21:08');
INSERT INTO `s8_system_group_priv` VALUES ('27', '1', '27', '2019-01-04 16:21:08', '2019-01-04 16:21:08');
INSERT INTO `s8_system_group_priv` VALUES ('28', '1', '28', '2019-01-04 16:21:08', '2019-01-04 16:21:08');
INSERT INTO `s8_system_group_priv` VALUES ('29', '1', '29', '2019-01-04 16:21:08', '2019-01-04 16:21:08');
INSERT INTO `s8_system_group_priv` VALUES ('30', '1', '30', '2019-01-04 16:21:08', '2019-01-04 16:21:08');
INSERT INTO `s8_system_group_priv` VALUES ('31', '1', '31', '2019-01-04 16:21:08', '2019-01-04 16:21:08');
INSERT INTO `s8_system_group_priv` VALUES ('32', '1', '32', '2019-01-04 16:21:08', '2019-01-04 16:21:08');
INSERT INTO `s8_system_group_priv` VALUES ('33', '1', '33', '2019-01-04 16:21:08', '2019-01-04 16:21:08');
INSERT INTO `s8_system_group_priv` VALUES ('34', '1', '33', '2019-01-04 16:21:08', '2019-01-04 16:21:08');
INSERT INTO `s8_system_group_priv` VALUES ('35', '1', '1001', '2019-01-04 18:39:31', '2019-01-04 18:39:31');
INSERT INTO `s8_system_group_priv` VALUES ('36', '1', '200', '2019-01-04 18:39:31', '2019-01-04 18:39:31');
INSERT INTO `s8_system_group_priv` VALUES ('37', '1', '201', '2019-01-04 18:39:31', '2019-01-04 18:39:31');
INSERT INTO `s8_system_group_priv` VALUES ('38', '1', '202', '2019-01-04 18:39:31', '2019-01-04 18:39:31');
INSERT INTO `s8_system_group_priv` VALUES ('39', '1', '203', '2019-01-04 18:39:31', '2019-01-04 18:39:31');
INSERT INTO `s8_system_group_priv` VALUES ('40', '1', '204', '2019-01-04 18:39:31', '2019-01-04 18:39:31');
INSERT INTO `s8_system_group_priv` VALUES ('41', '1', '205', '2019-01-04 18:39:31', '2019-01-04 18:39:31');
INSERT INTO `s8_system_group_priv` VALUES ('42', '1', '206', '2019-01-04 18:39:31', '2019-01-04 18:39:31');
INSERT INTO `s8_system_group_priv` VALUES ('43', '1', '211', '2019-01-04 18:39:31', '2019-01-04 18:39:31');
INSERT INTO `s8_system_group_priv` VALUES ('44', '1', '212', '2019-01-04 18:39:31', '2019-01-04 18:39:31');
INSERT INTO `s8_system_group_priv` VALUES ('45', '1', '213', '2019-01-04 18:39:31', '2019-01-04 18:39:31');
INSERT INTO `s8_system_group_priv` VALUES ('46', '1', '214', '2019-01-04 18:39:31', '2019-01-04 18:39:31');
INSERT INTO `s8_system_group_priv` VALUES ('47', '1', '300', '2019-01-04 18:39:31', '2019-01-04 18:39:31');
INSERT INTO `s8_system_group_priv` VALUES ('48', '1', '301', '2019-01-04 18:39:31', '2019-01-04 18:39:31');
INSERT INTO `s8_system_group_priv` VALUES ('50', '1', '303', '2019-01-04 18:39:31', '2019-01-04 18:39:31');
INSERT INTO `s8_system_group_priv` VALUES ('51', '1', '304', '2019-01-04 18:39:31', '2019-01-04 18:39:31');
INSERT INTO `s8_system_group_priv` VALUES ('52', '1', '305', '2019-01-04 18:39:31', '2019-01-04 18:39:31');
INSERT INTO `s8_system_group_priv` VALUES ('53', '1', '306', '2019-01-04 18:39:31', '2019-01-04 18:39:31');
INSERT INTO `s8_system_group_priv` VALUES ('54', '1', '307', '2019-01-04 18:39:31', '2019-01-04 18:39:31');
INSERT INTO `s8_system_group_priv` VALUES ('55', '1', '308', '2019-01-04 18:39:31', '2019-01-04 18:39:31');
INSERT INTO `s8_system_group_priv` VALUES ('56', '1', '310', '2019-01-04 18:39:31', '2019-01-04 18:39:31');
INSERT INTO `s8_system_group_priv` VALUES ('57', '1', '311', '2019-01-04 18:39:31', '2019-01-04 18:39:31');
INSERT INTO `s8_system_group_priv` VALUES ('58', '1', '313', '2019-01-04 18:39:31', '2019-01-04 18:39:31');
INSERT INTO `s8_system_group_priv` VALUES ('59', '1', '314', '2019-01-04 18:39:31', '2019-01-04 18:39:31');
INSERT INTO `s8_system_group_priv` VALUES ('60', '1', '315', '2019-01-04 18:39:31', '2019-01-04 18:39:31');
INSERT INTO `s8_system_group_priv` VALUES ('61', '1', '400', '2019-01-04 18:39:31', '2019-01-04 18:39:31');
INSERT INTO `s8_system_group_priv` VALUES ('62', '1', '401', '2019-01-04 18:39:31', '2019-01-04 18:39:31');
INSERT INTO `s8_system_group_priv` VALUES ('63', '1', '402', '2019-01-04 18:39:31', '2019-01-04 18:39:31');
INSERT INTO `s8_system_group_priv` VALUES ('64', '1', '403', '2019-01-04 18:39:31', '2019-01-04 18:39:31');
INSERT INTO `s8_system_group_priv` VALUES ('65', '1', '500', '2019-01-04 18:39:31', '2019-01-04 18:39:31');
INSERT INTO `s8_system_group_priv` VALUES ('66', '1', '501', '2019-01-04 18:39:31', '2019-01-04 18:39:31');
INSERT INTO `s8_system_group_priv` VALUES ('67', '1', '502', '2019-01-04 18:39:31', '2019-01-04 18:39:31');
INSERT INTO `s8_system_group_priv` VALUES ('68', '1', '503', '2019-01-04 18:39:31', '2019-01-04 18:39:31');
INSERT INTO `s8_system_group_priv` VALUES ('69', '1', '504', '2019-01-04 18:39:31', '2019-01-04 18:39:31');
INSERT INTO `s8_system_group_priv` VALUES ('70', '2', '1001', '2019-01-07 10:25:57', '2019-01-07 10:25:57');
INSERT INTO `s8_system_group_priv` VALUES ('71', '2', '200', '2019-01-07 10:25:57', '2019-01-07 10:25:57');
INSERT INTO `s8_system_group_priv` VALUES ('72', '2', '201', '2019-01-07 10:25:57', '2019-01-07 10:25:57');
INSERT INTO `s8_system_group_priv` VALUES ('73', '2', '202', '2019-01-07 10:25:57', '2019-01-07 10:25:57');
INSERT INTO `s8_system_group_priv` VALUES ('74', '2', '203', '2019-01-07 10:25:57', '2019-01-07 10:25:57');
INSERT INTO `s8_system_group_priv` VALUES ('75', '2', '204', '2019-01-07 10:25:57', '2019-01-07 10:25:57');
INSERT INTO `s8_system_group_priv` VALUES ('76', '2', '205', '2019-01-07 10:25:57', '2019-01-07 10:25:57');
INSERT INTO `s8_system_group_priv` VALUES ('77', '2', '206', '2019-01-07 10:25:57', '2019-01-07 10:25:57');
INSERT INTO `s8_system_group_priv` VALUES ('78', '2', '211', '2019-01-07 10:25:57', '2019-01-07 10:25:57');
INSERT INTO `s8_system_group_priv` VALUES ('79', '2', '212', '2019-01-07 10:25:57', '2019-01-07 10:25:57');
INSERT INTO `s8_system_group_priv` VALUES ('80', '2', '213', '2019-01-07 10:25:57', '2019-01-07 10:25:57');
INSERT INTO `s8_system_group_priv` VALUES ('81', '2', '214', '2019-01-07 10:25:57', '2019-01-07 10:25:57');
INSERT INTO `s8_system_group_priv` VALUES ('82', '2', '300', '2019-01-07 10:25:57', '2019-01-07 10:25:57');
INSERT INTO `s8_system_group_priv` VALUES ('83', '2', '301', '2019-01-07 10:25:57', '2019-01-07 10:25:57');
INSERT INTO `s8_system_group_priv` VALUES ('84', '2', '303', '2019-01-07 10:25:57', '2019-01-07 10:25:57');
INSERT INTO `s8_system_group_priv` VALUES ('85', '2', '304', '2019-01-07 10:25:57', '2019-01-07 10:25:57');
INSERT INTO `s8_system_group_priv` VALUES ('86', '2', '305', '2019-01-07 10:25:57', '2019-01-07 10:25:57');
INSERT INTO `s8_system_group_priv` VALUES ('87', '2', '306', '2019-01-07 10:25:57', '2019-01-07 10:25:57');
INSERT INTO `s8_system_group_priv` VALUES ('88', '2', '307', '2019-01-07 10:25:57', '2019-01-07 10:25:57');
INSERT INTO `s8_system_group_priv` VALUES ('89', '2', '308', '2019-01-07 10:25:57', '2019-01-07 10:25:57');
INSERT INTO `s8_system_group_priv` VALUES ('90', '2', '310', '2019-01-07 10:25:57', '2019-01-07 10:25:57');
INSERT INTO `s8_system_group_priv` VALUES ('91', '2', '311', '2019-01-07 10:25:57', '2019-01-07 10:25:57');
INSERT INTO `s8_system_group_priv` VALUES ('92', '2', '313', '2019-01-07 10:25:57', '2019-01-07 10:25:57');
INSERT INTO `s8_system_group_priv` VALUES ('93', '2', '314', '2019-01-07 10:25:57', '2019-01-07 10:25:57');
INSERT INTO `s8_system_group_priv` VALUES ('94', '2', '315', '2019-01-07 10:25:57', '2019-01-07 10:25:57');
INSERT INTO `s8_system_group_priv` VALUES ('95', '2', '400', '2019-01-07 10:25:57', '2019-01-07 10:25:57');
INSERT INTO `s8_system_group_priv` VALUES ('96', '2', '401', '2019-01-07 10:25:57', '2019-01-07 10:25:57');
INSERT INTO `s8_system_group_priv` VALUES ('98', '2', '403', '2019-01-07 10:25:57', '2019-01-07 10:25:57');
INSERT INTO `s8_system_group_priv` VALUES ('99', '2', '500', '2019-01-07 10:25:57', '2019-01-07 10:25:57');
INSERT INTO `s8_system_group_priv` VALUES ('100', '2', '501', '2019-01-07 10:25:57', '2019-01-07 10:25:57');
INSERT INTO `s8_system_group_priv` VALUES ('101', '2', '502', '2019-01-07 10:25:57', '2019-01-07 10:25:57');
INSERT INTO `s8_system_group_priv` VALUES ('102', '2', '503', '2019-01-07 10:25:57', '2019-01-07 10:25:57');
INSERT INTO `s8_system_group_priv` VALUES ('103', '2', '504', '2019-01-07 10:25:57', '2019-01-07 10:25:57');
INSERT INTO `s8_system_group_priv` VALUES ('104', '1', '302', '2019-01-07 11:37:42', '2019-01-07 11:37:42');
INSERT INTO `s8_system_group_priv` VALUES ('174', '3', '1001', '2019-01-07 15:46:42', '2019-01-07 15:46:42');
INSERT INTO `s8_system_group_priv` VALUES ('175', '3', '200', '2019-01-07 15:46:42', '2019-01-07 15:46:42');
INSERT INTO `s8_system_group_priv` VALUES ('179', '3', '211', '2019-01-07 15:46:42', '2019-01-07 15:46:42');
INSERT INTO `s8_system_group_priv` VALUES ('180', '3', '300', '2019-01-07 15:46:42', '2019-01-07 15:46:42');
INSERT INTO `s8_system_group_priv` VALUES ('181', '3', '301', '2019-01-07 15:46:42', '2019-01-07 15:46:42');
INSERT INTO `s8_system_group_priv` VALUES ('182', '3', '302', '2019-01-07 15:46:42', '2019-01-07 15:46:42');
INSERT INTO `s8_system_group_priv` VALUES ('183', '3', '303', '2019-01-07 15:46:42', '2019-01-07 15:46:42');
INSERT INTO `s8_system_group_priv` VALUES ('184', '3', '304', '2019-01-07 15:46:42', '2019-01-07 15:46:42');
INSERT INTO `s8_system_group_priv` VALUES ('185', '3', '305', '2019-01-07 15:46:42', '2019-01-07 15:46:42');
INSERT INTO `s8_system_group_priv` VALUES ('186', '3', '306', '2019-01-07 15:46:42', '2019-01-07 15:46:42');
INSERT INTO `s8_system_group_priv` VALUES ('187', '3', '307', '2019-01-07 15:46:42', '2019-01-07 15:46:42');
INSERT INTO `s8_system_group_priv` VALUES ('188', '3', '308', '2019-01-07 15:46:42', '2019-01-07 15:46:42');
INSERT INTO `s8_system_group_priv` VALUES ('189', '3', '310', '2019-01-07 15:46:42', '2019-01-07 15:46:42');
INSERT INTO `s8_system_group_priv` VALUES ('190', '3', '311', '2019-01-07 15:46:42', '2019-01-07 15:46:42');
INSERT INTO `s8_system_group_priv` VALUES ('191', '3', '313', '2019-01-07 15:46:42', '2019-01-07 15:46:42');
INSERT INTO `s8_system_group_priv` VALUES ('192', '3', '314', '2019-01-07 15:46:42', '2019-01-07 15:46:42');
INSERT INTO `s8_system_group_priv` VALUES ('193', '3', '315', '2019-01-07 15:46:42', '2019-01-07 15:46:42');
INSERT INTO `s8_system_group_priv` VALUES ('194', '3', '400', '2019-01-07 15:46:42', '2019-01-07 15:46:42');
INSERT INTO `s8_system_group_priv` VALUES ('195', '3', '401', '2019-01-07 15:46:42', '2019-01-07 15:46:42');
INSERT INTO `s8_system_group_priv` VALUES ('196', '3', '500', '2019-01-07 15:46:42', '2019-01-07 15:46:42');
INSERT INTO `s8_system_group_priv` VALUES ('197', '3', '501', '2019-01-07 15:46:42', '2019-01-07 15:46:42');
INSERT INTO `s8_system_group_priv` VALUES ('198', '3', '502', '2019-01-07 15:46:42', '2019-01-07 15:46:42');
INSERT INTO `s8_system_group_priv` VALUES ('199', '3', '503', '2019-01-07 15:46:42', '2019-01-07 15:46:42');
INSERT INTO `s8_system_group_priv` VALUES ('200', '3', '504', '2019-01-07 15:46:42', '2019-01-07 15:46:42');
INSERT INTO `s8_system_group_priv` VALUES ('201', '4', '1001', '2019-01-07 15:46:47', '2019-01-07 15:46:47');
INSERT INTO `s8_system_group_priv` VALUES ('202', '4', '200', '2019-01-07 15:46:47', '2019-01-07 15:46:47');
INSERT INTO `s8_system_group_priv` VALUES ('209', '4', '211', '2019-01-07 15:46:47', '2019-01-07 15:46:47');
INSERT INTO `s8_system_group_priv` VALUES ('210', '4', '212', '2019-01-07 15:46:47', '2019-01-07 15:46:47');
INSERT INTO `s8_system_group_priv` VALUES ('211', '4', '213', '2019-01-07 15:46:47', '2019-01-07 15:46:47');
INSERT INTO `s8_system_group_priv` VALUES ('212', '4', '214', '2019-01-07 15:46:47', '2019-01-07 15:46:47');
INSERT INTO `s8_system_group_priv` VALUES ('213', '4', '300', '2019-01-07 15:46:47', '2019-01-07 15:46:47');
INSERT INTO `s8_system_group_priv` VALUES ('214', '4', '301', '2019-01-07 15:46:47', '2019-01-07 15:46:47');
INSERT INTO `s8_system_group_priv` VALUES ('215', '4', '302', '2019-01-07 15:46:47', '2019-01-07 15:46:47');
INSERT INTO `s8_system_group_priv` VALUES ('216', '4', '303', '2019-01-07 15:46:47', '2019-01-07 15:46:47');
INSERT INTO `s8_system_group_priv` VALUES ('217', '4', '304', '2019-01-07 15:46:47', '2019-01-07 15:46:47');
INSERT INTO `s8_system_group_priv` VALUES ('218', '4', '305', '2019-01-07 15:46:47', '2019-01-07 15:46:47');
INSERT INTO `s8_system_group_priv` VALUES ('219', '4', '306', '2019-01-07 15:46:47', '2019-01-07 15:46:47');
INSERT INTO `s8_system_group_priv` VALUES ('220', '4', '307', '2019-01-07 15:46:47', '2019-01-07 15:46:47');
INSERT INTO `s8_system_group_priv` VALUES ('221', '4', '308', '2019-01-07 15:46:47', '2019-01-07 15:46:47');
INSERT INTO `s8_system_group_priv` VALUES ('222', '4', '310', '2019-01-07 15:46:47', '2019-01-07 15:46:47');
INSERT INTO `s8_system_group_priv` VALUES ('223', '4', '311', '2019-01-07 15:46:47', '2019-01-07 15:46:47');
INSERT INTO `s8_system_group_priv` VALUES ('224', '4', '313', '2019-01-07 15:46:47', '2019-01-07 15:46:47');
INSERT INTO `s8_system_group_priv` VALUES ('225', '4', '314', '2019-01-07 15:46:47', '2019-01-07 15:46:47');
INSERT INTO `s8_system_group_priv` VALUES ('226', '4', '315', '2019-01-07 15:46:47', '2019-01-07 15:46:47');
INSERT INTO `s8_system_group_priv` VALUES ('227', '4', '400', '2019-01-07 15:46:47', '2019-01-07 15:46:47');
INSERT INTO `s8_system_group_priv` VALUES ('228', '4', '401', '2019-01-07 15:46:47', '2019-01-07 15:46:47');
INSERT INTO `s8_system_group_priv` VALUES ('229', '4', '402', '2019-01-07 15:46:47', '2019-01-07 15:46:47');
INSERT INTO `s8_system_group_priv` VALUES ('230', '4', '403', '2019-01-07 15:46:47', '2019-01-07 15:46:47');
INSERT INTO `s8_system_group_priv` VALUES ('231', '4', '500', '2019-01-07 15:46:47', '2019-01-07 15:46:47');
INSERT INTO `s8_system_group_priv` VALUES ('232', '4', '501', '2019-01-07 15:46:47', '2019-01-07 15:46:47');
INSERT INTO `s8_system_group_priv` VALUES ('233', '4', '502', '2019-01-07 15:46:47', '2019-01-07 15:46:47');
INSERT INTO `s8_system_group_priv` VALUES ('234', '4', '503', '2019-01-07 15:46:47', '2019-01-07 15:46:47');
INSERT INTO `s8_system_group_priv` VALUES ('235', '4', '504', '2019-01-07 15:46:47', '2019-01-07 15:46:47');
INSERT INTO `s8_system_group_priv` VALUES ('236', '2', '1002', '2019-01-07 16:07:13', '2019-01-07 16:07:13');
INSERT INTO `s8_system_group_priv` VALUES ('237', '2', '1003', '2019-01-07 16:16:22', '2019-01-07 16:16:22');
INSERT INTO `s8_system_group_priv` VALUES ('238', '2', '302', '2019-01-07 16:16:22', '2019-01-07 16:16:22');
INSERT INTO `s8_system_group_priv` VALUES ('239', '2', '1004', '2019-01-07 16:19:15', '2019-01-07 16:19:15');
INSERT INTO `s8_system_group_priv` VALUES ('240', '2', '1005', '2019-01-07 16:23:29', '2019-01-07 16:23:29');
INSERT INTO `s8_system_group_priv` VALUES ('241', '2', '1006', '2019-01-07 16:41:03', '2019-01-07 16:41:03');
INSERT INTO `s8_system_group_priv` VALUES ('242', '2', '1007', '2019-01-07 16:41:03', '2019-01-07 16:41:03');
INSERT INTO `s8_system_group_priv` VALUES ('243', '2', '1008', '2019-01-07 16:41:03', '2019-01-07 16:41:03');
INSERT INTO `s8_system_group_priv` VALUES ('244', '2', '1009', '2019-01-07 16:51:50', '2019-01-07 16:51:50');
INSERT INTO `s8_system_group_priv` VALUES ('245', '2', '1010', '2019-01-07 16:51:50', '2019-01-07 16:51:50');
INSERT INTO `s8_system_group_priv` VALUES ('246', '2', '1011', '2019-01-07 16:51:50', '2019-01-07 16:51:50');
INSERT INTO `s8_system_group_priv` VALUES ('247', '2', '1012', '2019-01-07 16:51:50', '2019-01-07 16:51:50');
INSERT INTO `s8_system_group_priv` VALUES ('248', '2', '1013', '2019-01-07 16:51:50', '2019-01-07 16:51:50');
INSERT INTO `s8_system_group_priv` VALUES ('249', '2', '1014', '2019-01-07 16:51:50', '2019-01-07 16:51:50');
INSERT INTO `s8_system_group_priv` VALUES ('250', '1', '1003', '2019-01-07 17:10:24', '2019-01-07 17:10:24');
INSERT INTO `s8_system_group_priv` VALUES ('251', '1', '1002', '2019-01-07 17:10:24', '2019-01-07 17:10:24');
INSERT INTO `s8_system_group_priv` VALUES ('252', '1', '1009', '2019-01-07 17:10:24', '2019-01-07 17:10:24');
INSERT INTO `s8_system_group_priv` VALUES ('253', '1', '1010', '2019-01-07 17:10:24', '2019-01-07 17:10:24');
INSERT INTO `s8_system_group_priv` VALUES ('254', '1', '1011', '2019-01-07 17:10:24', '2019-01-07 17:10:24');
INSERT INTO `s8_system_group_priv` VALUES ('255', '1', '1012', '2019-01-07 17:10:24', '2019-01-07 17:10:24');
INSERT INTO `s8_system_group_priv` VALUES ('256', '1', '1013', '2019-01-07 17:10:24', '2019-01-07 17:10:24');
INSERT INTO `s8_system_group_priv` VALUES ('257', '1', '1014', '2019-01-07 17:10:24', '2019-01-07 17:10:24');
INSERT INTO `s8_system_group_priv` VALUES ('258', '1', '1004', '2019-01-07 17:10:24', '2019-01-07 17:10:24');
INSERT INTO `s8_system_group_priv` VALUES ('259', '1', '1005', '2019-01-07 17:10:24', '2019-01-07 17:10:24');
INSERT INTO `s8_system_group_priv` VALUES ('260', '1', '1006', '2019-01-07 17:10:24', '2019-01-07 17:10:24');
INSERT INTO `s8_system_group_priv` VALUES ('261', '1', '1007', '2019-01-07 17:10:24', '2019-01-07 17:10:24');
INSERT INTO `s8_system_group_priv` VALUES ('262', '1', '1008', '2019-01-07 17:10:24', '2019-01-07 17:10:24');
INSERT INTO `s8_system_group_priv` VALUES ('264', '2', '1016', '2019-01-07 17:55:57', '2019-01-07 17:55:57');
INSERT INTO `s8_system_group_priv` VALUES ('265', '2', '1017', '2019-01-07 17:55:57', '2019-01-07 17:55:57');
INSERT INTO `s8_system_group_priv` VALUES ('266', '2', '1018', '2019-01-07 17:55:57', '2019-01-07 17:55:57');
INSERT INTO `s8_system_group_priv` VALUES ('267', '1', '1016', '2019-01-07 17:56:03', '2019-01-07 17:56:03');
INSERT INTO `s8_system_group_priv` VALUES ('268', '1', '1017', '2019-01-07 17:56:03', '2019-01-07 17:56:03');
INSERT INTO `s8_system_group_priv` VALUES ('269', '1', '1018', '2019-01-07 17:56:03', '2019-01-07 17:56:03');
INSERT INTO `s8_system_group_priv` VALUES ('270', '1', '1015', '2019-01-07 18:00:44', '2019-01-07 18:00:44');
INSERT INTO `s8_system_group_priv` VALUES ('293', '3', '1016', '2019-01-07 18:08:00', '2019-01-07 18:08:00');
INSERT INTO `s8_system_group_priv` VALUES ('294', '3', '1017', '2019-01-07 18:08:00', '2019-01-07 18:08:00');
INSERT INTO `s8_system_group_priv` VALUES ('295', '3', '1018', '2019-01-07 18:08:00', '2019-01-07 18:08:00');
INSERT INTO `s8_system_group_priv` VALUES ('300', '3', '212', '2019-01-07 18:08:03', '2019-01-07 18:08:03');
INSERT INTO `s8_system_group_priv` VALUES ('301', '3', '213', '2019-01-07 18:08:03', '2019-01-07 18:08:03');
INSERT INTO `s8_system_group_priv` VALUES ('302', '3', '214', '2019-01-07 18:08:03', '2019-01-07 18:08:03');
INSERT INTO `s8_system_group_priv` VALUES ('303', '3', '1002', '2019-01-07 18:08:03', '2019-01-07 18:08:03');
INSERT INTO `s8_system_group_priv` VALUES ('304', '3', '1009', '2019-01-07 18:08:03', '2019-01-07 18:08:03');
INSERT INTO `s8_system_group_priv` VALUES ('305', '3', '1010', '2019-01-07 18:08:03', '2019-01-07 18:08:03');
INSERT INTO `s8_system_group_priv` VALUES ('306', '3', '1011', '2019-01-07 18:08:03', '2019-01-07 18:08:03');
INSERT INTO `s8_system_group_priv` VALUES ('307', '3', '1012', '2019-01-07 18:08:03', '2019-01-07 18:08:03');
INSERT INTO `s8_system_group_priv` VALUES ('308', '3', '1013', '2019-01-07 18:08:03', '2019-01-07 18:08:03');
INSERT INTO `s8_system_group_priv` VALUES ('310', '3', '403', '2019-01-07 18:08:03', '2019-01-07 18:08:03');
INSERT INTO `s8_system_group_priv` VALUES ('311', '3', '1004', '2019-01-07 18:08:03', '2019-01-07 18:08:03');
INSERT INTO `s8_system_group_priv` VALUES ('312', '3', '1005', '2019-01-07 18:08:03', '2019-01-07 18:08:03');
INSERT INTO `s8_system_group_priv` VALUES ('313', '3', '1006', '2019-01-07 18:08:03', '2019-01-07 18:08:03');
INSERT INTO `s8_system_group_priv` VALUES ('314', '3', '1007', '2019-01-07 18:08:03', '2019-01-07 18:08:03');
INSERT INTO `s8_system_group_priv` VALUES ('315', '3', '1008', '2019-01-07 18:08:03', '2019-01-07 18:08:03');
INSERT INTO `s8_system_group_priv` VALUES ('317', '4', '1002', '2019-01-07 18:08:08', '2019-01-07 18:08:08');
INSERT INTO `s8_system_group_priv` VALUES ('318', '4', '1009', '2019-01-07 18:08:08', '2019-01-07 18:08:08');
INSERT INTO `s8_system_group_priv` VALUES ('319', '4', '1010', '2019-01-07 18:08:08', '2019-01-07 18:08:08');
INSERT INTO `s8_system_group_priv` VALUES ('320', '4', '1011', '2019-01-07 18:08:08', '2019-01-07 18:08:08');
INSERT INTO `s8_system_group_priv` VALUES ('321', '4', '1012', '2019-01-07 18:08:08', '2019-01-07 18:08:08');
INSERT INTO `s8_system_group_priv` VALUES ('322', '4', '1013', '2019-01-07 18:08:08', '2019-01-07 18:08:08');
INSERT INTO `s8_system_group_priv` VALUES ('323', '4', '1004', '2019-01-07 18:08:08', '2019-01-07 18:08:08');
INSERT INTO `s8_system_group_priv` VALUES ('324', '4', '1005', '2019-01-07 18:08:08', '2019-01-07 18:08:08');
INSERT INTO `s8_system_group_priv` VALUES ('325', '4', '1006', '2019-01-07 18:08:08', '2019-01-07 18:08:08');
INSERT INTO `s8_system_group_priv` VALUES ('326', '4', '1007', '2019-01-07 18:08:08', '2019-01-07 18:08:08');
INSERT INTO `s8_system_group_priv` VALUES ('327', '4', '1008', '2019-01-07 18:08:08', '2019-01-07 18:08:08');
INSERT INTO `s8_system_group_priv` VALUES ('328', '4', '1016', '2019-01-07 18:08:08', '2019-01-07 18:08:08');
INSERT INTO `s8_system_group_priv` VALUES ('329', '4', '1017', '2019-01-07 18:08:08', '2019-01-07 18:08:08');
INSERT INTO `s8_system_group_priv` VALUES ('330', '4', '1018', '2019-01-07 18:08:08', '2019-01-07 18:08:08');
INSERT INTO `s8_system_group_priv` VALUES ('331', '2', '402', '2019-01-10 11:34:11', '2019-01-10 11:34:11');
INSERT INTO `s8_system_group_priv` VALUES ('332', '3', '201', '2019-01-10 17:13:23', '2019-01-10 17:13:23');
INSERT INTO `s8_system_group_priv` VALUES ('333', '3', '202', '2019-01-10 17:13:23', '2019-01-10 17:13:23');
INSERT INTO `s8_system_group_priv` VALUES ('334', '3', '203', '2019-01-10 17:13:23', '2019-01-10 17:13:23');
INSERT INTO `s8_system_group_priv` VALUES ('335', '3', '204', '2019-01-10 17:13:23', '2019-01-10 17:13:23');
INSERT INTO `s8_system_group_priv` VALUES ('336', '3', '205', '2019-01-10 17:13:23', '2019-01-10 17:13:23');
INSERT INTO `s8_system_group_priv` VALUES ('337', '3', '206', '2019-01-10 17:13:23', '2019-01-10 17:13:23');
INSERT INTO `s8_system_group_priv` VALUES ('338', '3', '1003', '2019-01-10 17:13:23', '2019-01-10 17:13:23');
INSERT INTO `s8_system_group_priv` VALUES ('339', '1', '1020', '2019-01-14 16:41:41', '2019-01-14 16:41:41');
INSERT INTO `s8_system_group_priv` VALUES ('340', '1', '1021', '2019-01-14 16:41:41', '2019-01-14 16:41:41');
INSERT INTO `s8_system_group_priv` VALUES ('341', '1', '1022', '2019-01-14 16:41:41', '2019-01-14 16:41:41');
INSERT INTO `s8_system_group_priv` VALUES ('342', '4', '1020', '2019-01-14 18:46:40', '2019-01-14 18:46:40');
INSERT INTO `s8_system_group_priv` VALUES ('345', '3', '1020', '2019-01-14 18:46:46', '2019-01-14 18:46:46');
INSERT INTO `s8_system_group_priv` VALUES ('346', '3', '1021', '2019-01-14 18:46:46', '2019-01-14 18:46:46');
INSERT INTO `s8_system_group_priv` VALUES ('347', '3', '1022', '2019-01-14 18:46:46', '2019-01-14 18:46:46');
INSERT INTO `s8_system_group_priv` VALUES ('348', '1', '1023', '2019-01-22 10:39:05', '2019-01-22 10:39:05');
INSERT INTO `s8_system_group_priv` VALUES ('349', '1', '1024', '2019-01-22 10:39:05', '2019-01-22 10:39:05');
INSERT INTO `s8_system_group_priv` VALUES ('350', '2', '1020', '2019-01-22 10:39:16', '2019-01-22 10:39:16');
INSERT INTO `s8_system_group_priv` VALUES ('351', '2', '1021', '2019-01-22 10:39:16', '2019-01-22 10:39:16');
INSERT INTO `s8_system_group_priv` VALUES ('352', '2', '1022', '2019-01-22 10:39:16', '2019-01-22 10:39:16');
INSERT INTO `s8_system_group_priv` VALUES ('353', '2', '1023', '2019-01-22 10:39:16', '2019-01-22 10:39:16');
INSERT INTO `s8_system_group_priv` VALUES ('354', '2', '1024', '2019-01-22 10:39:16', '2019-01-22 10:39:16');
INSERT INTO `s8_system_group_priv` VALUES ('355', '1', '1025', '2019-01-23 14:35:12', '2019-01-23 14:35:12');
INSERT INTO `s8_system_group_priv` VALUES ('356', '1', '1026', '2019-01-23 14:35:12', '2019-01-23 14:35:12');
INSERT INTO `s8_system_group_priv` VALUES ('357', '1', '1027', '2019-01-23 14:35:12', '2019-01-23 14:35:12');
INSERT INTO `s8_system_group_priv` VALUES ('358', '1', '1028', '2019-01-23 14:38:27', '2019-01-23 14:38:27');
INSERT INTO `s8_system_group_priv` VALUES ('359', '1', '1029', '2019-01-23 14:39:40', '2019-01-23 14:39:40');
INSERT INTO `s8_system_group_priv` VALUES ('360', '2', '1025', '2019-01-23 14:39:45', '2019-01-23 14:39:45');
INSERT INTO `s8_system_group_priv` VALUES ('361', '2', '1026', '2019-01-23 14:39:45', '2019-01-23 14:39:45');
INSERT INTO `s8_system_group_priv` VALUES ('362', '2', '1028', '2019-01-23 14:39:45', '2019-01-23 14:39:45');
INSERT INTO `s8_system_group_priv` VALUES ('363', '2', '1027', '2019-01-23 14:39:45', '2019-01-23 14:39:45');
INSERT INTO `s8_system_group_priv` VALUES ('364', '2', '1029', '2019-01-23 14:39:45', '2019-01-23 14:39:45');
INSERT INTO `s8_system_group_priv` VALUES ('365', '3', '1023', '2019-01-23 14:39:51', '2019-01-23 14:39:51');
INSERT INTO `s8_system_group_priv` VALUES ('366', '3', '1024', '2019-01-23 14:39:51', '2019-01-23 14:39:51');
INSERT INTO `s8_system_group_priv` VALUES ('367', '3', '1025', '2019-01-23 14:39:51', '2019-01-23 14:39:51');
INSERT INTO `s8_system_group_priv` VALUES ('368', '3', '1026', '2019-01-23 14:39:51', '2019-01-23 14:39:51');
INSERT INTO `s8_system_group_priv` VALUES ('369', '3', '1028', '2019-01-23 14:39:51', '2019-01-23 14:39:51');
INSERT INTO `s8_system_group_priv` VALUES ('370', '3', '1027', '2019-01-23 14:39:51', '2019-01-23 14:39:51');
INSERT INTO `s8_system_group_priv` VALUES ('371', '3', '1029', '2019-01-23 14:39:51', '2019-01-23 14:39:51');
INSERT INTO `s8_system_group_priv` VALUES ('372', '4', '1023', '2019-01-23 14:39:57', '2019-01-23 14:39:57');
INSERT INTO `s8_system_group_priv` VALUES ('373', '4', '1024', '2019-01-23 14:39:57', '2019-01-23 14:39:57');
INSERT INTO `s8_system_group_priv` VALUES ('374', '4', '1025', '2019-01-23 14:39:57', '2019-01-23 14:39:57');
INSERT INTO `s8_system_group_priv` VALUES ('375', '4', '1026', '2019-01-23 14:39:57', '2019-01-23 14:39:57');
INSERT INTO `s8_system_group_priv` VALUES ('376', '4', '1028', '2019-01-23 14:39:57', '2019-01-23 14:39:57');
INSERT INTO `s8_system_group_priv` VALUES ('377', '4', '1027', '2019-01-23 14:39:57', '2019-01-23 14:39:57');
INSERT INTO `s8_system_group_priv` VALUES ('378', '4', '1029', '2019-01-23 14:39:57', '2019-01-23 14:39:57');
INSERT INTO `s8_system_group_priv` VALUES ('379', '1', '1030', '2019-01-28 10:57:44', '2019-01-28 10:57:44');
INSERT INTO `s8_system_group_priv` VALUES ('380', '1', '1031', '2019-01-28 10:57:44', '2019-01-28 10:57:44');
INSERT INTO `s8_system_group_priv` VALUES ('381', '1', '1032', '2019-01-28 11:57:39', '2019-01-28 11:57:39');
INSERT INTO `s8_system_group_priv` VALUES ('382', '1', '1033', '2019-01-28 11:57:39', '2019-01-28 11:57:39');
INSERT INTO `s8_system_group_priv` VALUES ('383', '2', '1030', '2019-01-28 11:57:46', '2019-01-28 11:57:46');
INSERT INTO `s8_system_group_priv` VALUES ('384', '2', '1031', '2019-01-28 11:57:46', '2019-01-28 11:57:46');
INSERT INTO `s8_system_group_priv` VALUES ('385', '2', '1032', '2019-01-28 11:57:46', '2019-01-28 11:57:46');
INSERT INTO `s8_system_group_priv` VALUES ('386', '2', '1033', '2019-01-28 11:57:46', '2019-01-28 11:57:46');
INSERT INTO `s8_system_group_priv` VALUES ('387', '3', '1030', '2019-01-28 17:42:12', '2019-01-28 17:42:12');
INSERT INTO `s8_system_group_priv` VALUES ('388', '3', '1031', '2019-01-28 17:42:12', '2019-01-28 17:42:12');
INSERT INTO `s8_system_group_priv` VALUES ('389', '1', '1037', '2019-02-11 16:54:45', '2019-02-11 16:54:45');
INSERT INTO `s8_system_group_priv` VALUES ('390', '1', '1038', '2019-02-11 16:54:45', '2019-02-11 16:54:45');
INSERT INTO `s8_system_group_priv` VALUES ('391', '2', '1037', '2019-02-11 16:54:56', '2019-02-11 16:54:56');
INSERT INTO `s8_system_group_priv` VALUES ('392', '2', '1038', '2019-02-11 16:54:56', '2019-02-11 16:54:56');
INSERT INTO `s8_system_group_priv` VALUES ('393', '3', '1037', '2019-02-11 16:55:08', '2019-02-11 16:55:08');
INSERT INTO `s8_system_group_priv` VALUES ('394', '3', '1038', '2019-02-11 16:55:08', '2019-02-11 16:55:08');
INSERT INTO `s8_system_group_priv` VALUES ('395', '4', '1030', '2019-02-11 16:55:18', '2019-02-11 16:55:18');
INSERT INTO `s8_system_group_priv` VALUES ('396', '4', '1031', '2019-02-11 16:55:18', '2019-02-11 16:55:18');
INSERT INTO `s8_system_group_priv` VALUES ('397', '4', '1037', '2019-02-11 16:55:18', '2019-02-11 16:55:18');
INSERT INTO `s8_system_group_priv` VALUES ('398', '4', '1038', '2019-02-11 16:55:18', '2019-02-11 16:55:18');
INSERT INTO `s8_system_group_priv` VALUES ('399', '5', '200', '2019-02-15 10:06:18', '2019-02-15 10:06:18');
INSERT INTO `s8_system_group_priv` VALUES ('400', '5', '201', '2019-02-15 10:06:18', '2019-02-15 10:06:18');
INSERT INTO `s8_system_group_priv` VALUES ('401', '5', '202', '2019-02-15 10:06:18', '2019-02-15 10:06:18');
INSERT INTO `s8_system_group_priv` VALUES ('402', '5', '203', '2019-02-15 10:06:18', '2019-02-15 10:06:18');
INSERT INTO `s8_system_group_priv` VALUES ('403', '5', '204', '2019-02-15 10:06:18', '2019-02-15 10:06:18');
INSERT INTO `s8_system_group_priv` VALUES ('404', '5', '205', '2019-02-15 10:06:18', '2019-02-15 10:06:18');
INSERT INTO `s8_system_group_priv` VALUES ('405', '5', '206', '2019-02-15 10:06:18', '2019-02-15 10:06:18');
INSERT INTO `s8_system_group_priv` VALUES ('406', '5', '1003', '2019-02-15 10:06:18', '2019-02-15 10:06:18');
INSERT INTO `s8_system_group_priv` VALUES ('407', '5', '211', '2019-02-15 10:06:18', '2019-02-15 10:06:18');
INSERT INTO `s8_system_group_priv` VALUES ('408', '5', '212', '2019-02-15 10:06:18', '2019-02-15 10:06:18');
INSERT INTO `s8_system_group_priv` VALUES ('409', '5', '213', '2019-02-15 10:06:18', '2019-02-15 10:06:18');
INSERT INTO `s8_system_group_priv` VALUES ('410', '5', '214', '2019-02-15 10:06:18', '2019-02-15 10:06:18');
INSERT INTO `s8_system_group_priv` VALUES ('411', '5', '1002', '2019-02-15 10:06:18', '2019-02-15 10:06:18');
INSERT INTO `s8_system_group_priv` VALUES ('412', '5', '1001', '2019-02-15 10:06:18', '2019-02-15 10:06:18');
INSERT INTO `s8_system_group_priv` VALUES ('413', '5', '300', '2019-02-15 10:06:18', '2019-02-15 10:06:18');
INSERT INTO `s8_system_group_priv` VALUES ('414', '5', '301', '2019-02-15 10:06:18', '2019-02-15 10:06:18');
INSERT INTO `s8_system_group_priv` VALUES ('415', '5', '1009', '2019-02-15 10:06:18', '2019-02-15 10:06:18');
INSERT INTO `s8_system_group_priv` VALUES ('416', '5', '302', '2019-02-15 10:06:18', '2019-02-15 10:06:18');
INSERT INTO `s8_system_group_priv` VALUES ('417', '5', '307', '2019-02-15 10:06:18', '2019-02-15 10:06:18');
INSERT INTO `s8_system_group_priv` VALUES ('418', '5', '308', '2019-02-15 10:06:18', '2019-02-15 10:06:18');
INSERT INTO `s8_system_group_priv` VALUES ('419', '5', '1010', '2019-02-15 10:06:18', '2019-02-15 10:06:18');
INSERT INTO `s8_system_group_priv` VALUES ('420', '5', '303', '2019-02-15 10:06:18', '2019-02-15 10:06:18');
INSERT INTO `s8_system_group_priv` VALUES ('421', '5', '1011', '2019-02-15 10:06:18', '2019-02-15 10:06:18');
INSERT INTO `s8_system_group_priv` VALUES ('422', '5', '304', '2019-02-15 10:06:18', '2019-02-15 10:06:18');
INSERT INTO `s8_system_group_priv` VALUES ('423', '5', '1012', '2019-02-15 10:06:18', '2019-02-15 10:06:18');
INSERT INTO `s8_system_group_priv` VALUES ('424', '5', '310', '2019-02-15 10:06:18', '2019-02-15 10:06:18');
INSERT INTO `s8_system_group_priv` VALUES ('425', '5', '311', '2019-02-15 10:06:18', '2019-02-15 10:06:18');
INSERT INTO `s8_system_group_priv` VALUES ('426', '5', '314', '2019-02-15 10:06:18', '2019-02-15 10:06:18');
INSERT INTO `s8_system_group_priv` VALUES ('427', '5', '315', '2019-02-15 10:06:18', '2019-02-15 10:06:18');
INSERT INTO `s8_system_group_priv` VALUES ('428', '5', '1013', '2019-02-15 10:06:18', '2019-02-15 10:06:18');
INSERT INTO `s8_system_group_priv` VALUES ('429', '5', '400', '2019-02-15 10:06:18', '2019-02-15 10:06:18');
INSERT INTO `s8_system_group_priv` VALUES ('430', '5', '401', '2019-02-15 10:06:18', '2019-02-15 10:06:18');
INSERT INTO `s8_system_group_priv` VALUES ('431', '5', '403', '2019-02-15 10:06:18', '2019-02-15 10:06:18');
INSERT INTO `s8_system_group_priv` VALUES ('432', '5', '1004', '2019-02-15 10:06:18', '2019-02-15 10:06:18');
INSERT INTO `s8_system_group_priv` VALUES ('433', '5', '500', '2019-02-15 10:06:18', '2019-02-15 10:06:18');
INSERT INTO `s8_system_group_priv` VALUES ('434', '5', '501', '2019-02-15 10:06:18', '2019-02-15 10:06:18');
INSERT INTO `s8_system_group_priv` VALUES ('435', '5', '1005', '2019-02-15 10:06:18', '2019-02-15 10:06:18');
INSERT INTO `s8_system_group_priv` VALUES ('436', '5', '502', '2019-02-15 10:06:18', '2019-02-15 10:06:18');
INSERT INTO `s8_system_group_priv` VALUES ('437', '5', '1006', '2019-02-15 10:06:18', '2019-02-15 10:06:18');
INSERT INTO `s8_system_group_priv` VALUES ('438', '5', '503', '2019-02-15 10:06:18', '2019-02-15 10:06:18');
INSERT INTO `s8_system_group_priv` VALUES ('439', '5', '1007', '2019-02-15 10:06:18', '2019-02-15 10:06:18');
INSERT INTO `s8_system_group_priv` VALUES ('440', '5', '504', '2019-02-15 10:06:18', '2019-02-15 10:06:18');
INSERT INTO `s8_system_group_priv` VALUES ('441', '5', '1008', '2019-02-15 10:06:18', '2019-02-15 10:06:18');
INSERT INTO `s8_system_group_priv` VALUES ('442', '5', '1030', '2019-02-15 10:06:18', '2019-02-15 10:06:18');
INSERT INTO `s8_system_group_priv` VALUES ('443', '5', '1031', '2019-02-15 10:06:18', '2019-02-15 10:06:18');
INSERT INTO `s8_system_group_priv` VALUES ('446', '5', '1016', '2019-02-15 10:06:18', '2019-02-15 10:06:18');
INSERT INTO `s8_system_group_priv` VALUES ('447', '5', '1017', '2019-02-15 10:06:18', '2019-02-15 10:06:18');
INSERT INTO `s8_system_group_priv` VALUES ('448', '5', '1018', '2019-02-15 10:06:18', '2019-02-15 10:06:18');
INSERT INTO `s8_system_group_priv` VALUES ('449', '5', '1020', '2019-02-15 10:06:18', '2019-02-15 10:06:18');
INSERT INTO `s8_system_group_priv` VALUES ('452', '5', '1023', '2019-02-15 10:06:18', '2019-02-15 10:06:18');
INSERT INTO `s8_system_group_priv` VALUES ('453', '5', '1024', '2019-02-15 10:06:18', '2019-02-15 10:06:18');
INSERT INTO `s8_system_group_priv` VALUES ('454', '5', '1025', '2019-02-15 10:06:18', '2019-02-15 10:06:18');
INSERT INTO `s8_system_group_priv` VALUES ('455', '5', '1026', '2019-02-15 10:06:18', '2019-02-15 10:06:18');
INSERT INTO `s8_system_group_priv` VALUES ('456', '5', '1028', '2019-02-15 10:06:18', '2019-02-15 10:06:18');
INSERT INTO `s8_system_group_priv` VALUES ('457', '5', '1027', '2019-02-15 10:06:18', '2019-02-15 10:06:18');
INSERT INTO `s8_system_group_priv` VALUES ('458', '5', '1029', '2019-02-15 10:06:18', '2019-02-15 10:06:18');
INSERT INTO `s8_system_group_priv` VALUES ('459', '5', '1032', '2019-02-15 10:06:18', '2019-02-15 10:06:18');
INSERT INTO `s8_system_group_priv` VALUES ('460', '5', '1033', '2019-02-15 10:06:18', '2019-02-15 10:06:18');
INSERT INTO `s8_system_group_priv` VALUES ('463', '5', '1039', '2019-02-15 15:09:44', '2019-02-15 15:09:44');
INSERT INTO `s8_system_group_priv` VALUES ('464', '5', '1040', '2019-02-15 15:09:44', '2019-02-15 15:09:44');
INSERT INTO `s8_system_group_priv` VALUES ('465', '1', '1039', '2019-02-15 15:09:52', '2019-02-15 15:09:52');
INSERT INTO `s8_system_group_priv` VALUES ('466', '1', '1040', '2019-02-15 15:09:52', '2019-02-15 15:09:52');
INSERT INTO `s8_system_group_priv` VALUES ('467', '2', '1039', '2019-02-15 15:09:58', '2019-02-15 15:09:58');
INSERT INTO `s8_system_group_priv` VALUES ('468', '2', '1040', '2019-02-15 15:09:58', '2019-02-15 15:09:58');
INSERT INTO `s8_system_group_priv` VALUES ('469', '3', '1032', '2019-02-15 15:10:03', '2019-02-15 15:10:03');
INSERT INTO `s8_system_group_priv` VALUES ('470', '3', '1033', '2019-02-15 15:10:03', '2019-02-15 15:10:03');
INSERT INTO `s8_system_group_priv` VALUES ('471', '3', '1039', '2019-02-15 15:10:03', '2019-02-15 15:10:03');
INSERT INTO `s8_system_group_priv` VALUES ('472', '3', '1040', '2019-02-15 15:10:03', '2019-02-15 15:10:03');
INSERT INTO `s8_system_group_priv` VALUES ('473', '4', '1032', '2019-02-15 15:10:09', '2019-02-15 15:10:09');
INSERT INTO `s8_system_group_priv` VALUES ('474', '4', '1033', '2019-02-15 15:10:09', '2019-02-15 15:10:09');
INSERT INTO `s8_system_group_priv` VALUES ('475', '4', '1039', '2019-02-15 15:10:09', '2019-02-15 15:10:09');
INSERT INTO `s8_system_group_priv` VALUES ('476', '4', '1040', '2019-02-15 15:10:09', '2019-02-15 15:10:09');
INSERT INTO `s8_system_group_priv` VALUES ('479', '5', '1021', '2019-02-15 16:50:15', '2019-02-15 16:50:15');
INSERT INTO `s8_system_group_priv` VALUES ('480', '5', '1022', '2019-02-15 16:50:15', '2019-02-15 16:50:15');
INSERT INTO `s8_system_group_priv` VALUES ('481', '5', '1041', '2019-02-15 16:52:46', '2019-02-15 16:52:46');
INSERT INTO `s8_system_group_priv` VALUES ('482', '4', '1021', '2019-02-15 16:54:49', '2019-02-15 16:54:49');
INSERT INTO `s8_system_group_priv` VALUES ('483', '4', '1022', '2019-02-15 16:54:49', '2019-02-15 16:54:49');
INSERT INTO `s8_system_group_priv` VALUES ('484', '4', '1041', '2019-02-15 16:54:49', '2019-02-15 16:54:49');
INSERT INTO `s8_system_group_priv` VALUES ('485', '3', '1041', '2019-02-15 16:54:54', '2019-02-15 16:54:54');
INSERT INTO `s8_system_group_priv` VALUES ('486', '2', '1041', '2019-02-15 16:54:58', '2019-02-15 16:54:58');
INSERT INTO `s8_system_group_priv` VALUES ('487', '1', '1041', '2019-02-15 16:55:03', '2019-02-15 16:55:03');
INSERT INTO `s8_system_group_priv` VALUES ('488', '6', '200', '2019-02-22 11:23:56', '2019-02-22 11:23:56');
INSERT INTO `s8_system_group_priv` VALUES ('489', '6', '201', '2019-02-22 11:23:56', '2019-02-22 11:23:56');
INSERT INTO `s8_system_group_priv` VALUES ('490', '6', '202', '2019-02-22 11:23:56', '2019-02-22 11:23:56');
INSERT INTO `s8_system_group_priv` VALUES ('491', '6', '203', '2019-02-22 11:23:56', '2019-02-22 11:23:56');
INSERT INTO `s8_system_group_priv` VALUES ('492', '6', '204', '2019-02-22 11:23:56', '2019-02-22 11:23:56');
INSERT INTO `s8_system_group_priv` VALUES ('493', '6', '205', '2019-02-22 11:23:56', '2019-02-22 11:23:56');
INSERT INTO `s8_system_group_priv` VALUES ('494', '6', '206', '2019-02-22 11:23:56', '2019-02-22 11:23:56');
INSERT INTO `s8_system_group_priv` VALUES ('495', '6', '1003', '2019-02-22 11:23:56', '2019-02-22 11:23:56');
INSERT INTO `s8_system_group_priv` VALUES ('496', '6', '211', '2019-02-22 11:23:56', '2019-02-22 11:23:56');
INSERT INTO `s8_system_group_priv` VALUES ('497', '6', '212', '2019-02-22 11:23:56', '2019-02-22 11:23:56');
INSERT INTO `s8_system_group_priv` VALUES ('498', '6', '213', '2019-02-22 11:23:56', '2019-02-22 11:23:56');
INSERT INTO `s8_system_group_priv` VALUES ('499', '6', '214', '2019-02-22 11:23:56', '2019-02-22 11:23:56');
INSERT INTO `s8_system_group_priv` VALUES ('500', '6', '1002', '2019-02-22 11:23:56', '2019-02-22 11:23:56');
INSERT INTO `s8_system_group_priv` VALUES ('501', '6', '1001', '2019-02-22 11:23:56', '2019-02-22 11:23:56');
INSERT INTO `s8_system_group_priv` VALUES ('502', '6', '300', '2019-02-22 11:23:56', '2019-02-22 11:23:56');
INSERT INTO `s8_system_group_priv` VALUES ('503', '6', '301', '2019-02-22 11:23:56', '2019-02-22 11:23:56');
INSERT INTO `s8_system_group_priv` VALUES ('504', '6', '1009', '2019-02-22 11:23:56', '2019-02-22 11:23:56');
INSERT INTO `s8_system_group_priv` VALUES ('505', '6', '302', '2019-02-22 11:23:56', '2019-02-22 11:23:56');
INSERT INTO `s8_system_group_priv` VALUES ('506', '6', '305', '2019-02-22 11:23:56', '2019-02-22 11:23:56');
INSERT INTO `s8_system_group_priv` VALUES ('507', '6', '306', '2019-02-22 11:23:56', '2019-02-22 11:23:56');
INSERT INTO `s8_system_group_priv` VALUES ('508', '6', '307', '2019-02-22 11:23:56', '2019-02-22 11:23:56');
INSERT INTO `s8_system_group_priv` VALUES ('509', '6', '308', '2019-02-22 11:23:56', '2019-02-22 11:23:56');
INSERT INTO `s8_system_group_priv` VALUES ('510', '6', '1010', '2019-02-22 11:23:56', '2019-02-22 11:23:56');
INSERT INTO `s8_system_group_priv` VALUES ('511', '6', '303', '2019-02-22 11:23:56', '2019-02-22 11:23:56');
INSERT INTO `s8_system_group_priv` VALUES ('512', '6', '1011', '2019-02-22 11:23:56', '2019-02-22 11:23:56');
INSERT INTO `s8_system_group_priv` VALUES ('513', '6', '304', '2019-02-22 11:23:56', '2019-02-22 11:23:56');
INSERT INTO `s8_system_group_priv` VALUES ('514', '6', '1012', '2019-02-22 11:23:56', '2019-02-22 11:23:56');
INSERT INTO `s8_system_group_priv` VALUES ('515', '6', '310', '2019-02-22 11:23:56', '2019-02-22 11:23:56');
INSERT INTO `s8_system_group_priv` VALUES ('516', '6', '311', '2019-02-22 11:23:56', '2019-02-22 11:23:56');
INSERT INTO `s8_system_group_priv` VALUES ('517', '6', '314', '2019-02-22 11:23:56', '2019-02-22 11:23:56');
INSERT INTO `s8_system_group_priv` VALUES ('518', '6', '315', '2019-02-22 11:23:56', '2019-02-22 11:23:56');
INSERT INTO `s8_system_group_priv` VALUES ('519', '6', '1013', '2019-02-22 11:23:56', '2019-02-22 11:23:56');
INSERT INTO `s8_system_group_priv` VALUES ('520', '6', '400', '2019-02-22 11:23:56', '2019-02-22 11:23:56');
INSERT INTO `s8_system_group_priv` VALUES ('521', '6', '401', '2019-02-22 11:23:56', '2019-02-22 11:23:56');
INSERT INTO `s8_system_group_priv` VALUES ('522', '6', '402', '2019-02-22 11:23:56', '2019-02-22 11:23:56');
INSERT INTO `s8_system_group_priv` VALUES ('523', '6', '403', '2019-02-22 11:23:56', '2019-02-22 11:23:56');
INSERT INTO `s8_system_group_priv` VALUES ('524', '6', '1004', '2019-02-22 11:23:56', '2019-02-22 11:23:56');
INSERT INTO `s8_system_group_priv` VALUES ('525', '6', '500', '2019-02-22 11:23:56', '2019-02-22 11:23:56');
INSERT INTO `s8_system_group_priv` VALUES ('526', '6', '501', '2019-02-22 11:23:56', '2019-02-22 11:23:56');
INSERT INTO `s8_system_group_priv` VALUES ('527', '6', '1005', '2019-02-22 11:23:56', '2019-02-22 11:23:56');
INSERT INTO `s8_system_group_priv` VALUES ('528', '6', '502', '2019-02-22 11:23:56', '2019-02-22 11:23:56');
INSERT INTO `s8_system_group_priv` VALUES ('529', '6', '1006', '2019-02-22 11:23:56', '2019-02-22 11:23:56');
INSERT INTO `s8_system_group_priv` VALUES ('530', '6', '503', '2019-02-22 11:23:56', '2019-02-22 11:23:56');
INSERT INTO `s8_system_group_priv` VALUES ('531', '6', '1007', '2019-02-22 11:23:56', '2019-02-22 11:23:56');
INSERT INTO `s8_system_group_priv` VALUES ('532', '6', '504', '2019-02-22 11:23:56', '2019-02-22 11:23:56');
INSERT INTO `s8_system_group_priv` VALUES ('533', '6', '1008', '2019-02-22 11:23:56', '2019-02-22 11:23:56');
INSERT INTO `s8_system_group_priv` VALUES ('534', '6', '1030', '2019-02-22 11:23:56', '2019-02-22 11:23:56');
INSERT INTO `s8_system_group_priv` VALUES ('535', '6', '1031', '2019-02-22 11:23:56', '2019-02-22 11:23:56');
INSERT INTO `s8_system_group_priv` VALUES ('536', '6', '1037', '2019-02-22 11:23:56', '2019-02-22 11:23:56');
INSERT INTO `s8_system_group_priv` VALUES ('537', '6', '1038', '2019-02-22 11:23:56', '2019-02-22 11:23:56');
INSERT INTO `s8_system_group_priv` VALUES ('538', '6', '1016', '2019-02-22 11:23:56', '2019-02-22 11:23:56');
INSERT INTO `s8_system_group_priv` VALUES ('539', '6', '1017', '2019-02-22 11:23:56', '2019-02-22 11:23:56');
INSERT INTO `s8_system_group_priv` VALUES ('540', '6', '1018', '2019-02-22 11:23:56', '2019-02-22 11:23:56');
INSERT INTO `s8_system_group_priv` VALUES ('541', '6', '1020', '2019-02-22 11:23:56', '2019-02-22 11:23:56');
INSERT INTO `s8_system_group_priv` VALUES ('542', '6', '1021', '2019-02-22 11:23:56', '2019-02-22 11:23:56');
INSERT INTO `s8_system_group_priv` VALUES ('543', '6', '1022', '2019-02-22 11:23:56', '2019-02-22 11:23:56');
INSERT INTO `s8_system_group_priv` VALUES ('544', '6', '1023', '2019-02-22 11:23:56', '2019-02-22 11:23:56');
INSERT INTO `s8_system_group_priv` VALUES ('545', '6', '1024', '2019-02-22 11:23:56', '2019-02-22 11:23:56');
INSERT INTO `s8_system_group_priv` VALUES ('546', '6', '1025', '2019-02-22 11:23:56', '2019-02-22 11:23:56');
INSERT INTO `s8_system_group_priv` VALUES ('547', '6', '1026', '2019-02-22 11:23:56', '2019-02-22 11:23:56');
INSERT INTO `s8_system_group_priv` VALUES ('548', '6', '1028', '2019-02-22 11:23:56', '2019-02-22 11:23:56');
INSERT INTO `s8_system_group_priv` VALUES ('549', '6', '1027', '2019-02-22 11:23:56', '2019-02-22 11:23:56');
INSERT INTO `s8_system_group_priv` VALUES ('550', '6', '1029', '2019-02-22 11:23:56', '2019-02-22 11:23:56');
INSERT INTO `s8_system_group_priv` VALUES ('551', '6', '1032', '2019-02-22 11:23:56', '2019-02-22 11:23:56');
INSERT INTO `s8_system_group_priv` VALUES ('552', '6', '1033', '2019-02-22 11:23:56', '2019-02-22 11:23:56');
INSERT INTO `s8_system_group_priv` VALUES ('553', '6', '1039', '2019-02-22 11:23:56', '2019-02-22 11:23:56');
INSERT INTO `s8_system_group_priv` VALUES ('554', '6', '1040', '2019-02-22 11:23:56', '2019-02-22 11:23:56');
INSERT INTO `s8_system_group_priv` VALUES ('555', '6', '1041', '2019-02-22 11:23:56', '2019-02-22 11:23:56');
INSERT INTO `s8_system_group_priv` VALUES ('556', '6', '1042', '2019-02-22 12:20:07', '2019-02-22 12:20:07');
INSERT INTO `s8_system_group_priv` VALUES ('557', '7', '200', '2019-03-05 10:22:00', '2019-03-05 10:22:00');
INSERT INTO `s8_system_group_priv` VALUES ('558', '7', '201', '2019-03-05 10:22:00', '2019-03-05 10:22:00');
INSERT INTO `s8_system_group_priv` VALUES ('559', '7', '202', '2019-03-05 10:22:00', '2019-03-05 10:22:00');
INSERT INTO `s8_system_group_priv` VALUES ('560', '7', '203', '2019-03-05 10:22:00', '2019-03-05 10:22:00');
INSERT INTO `s8_system_group_priv` VALUES ('561', '7', '204', '2019-03-05 10:22:00', '2019-03-05 10:22:00');
INSERT INTO `s8_system_group_priv` VALUES ('562', '7', '205', '2019-03-05 10:22:00', '2019-03-05 10:22:00');
INSERT INTO `s8_system_group_priv` VALUES ('563', '7', '206', '2019-03-05 10:22:00', '2019-03-05 10:22:00');
INSERT INTO `s8_system_group_priv` VALUES ('564', '7', '1003', '2019-03-05 10:22:00', '2019-03-05 10:22:00');
INSERT INTO `s8_system_group_priv` VALUES ('565', '7', '1042', '2019-03-05 10:22:00', '2019-03-05 10:22:00');
INSERT INTO `s8_system_group_priv` VALUES ('566', '7', '211', '2019-03-05 10:22:00', '2019-03-05 10:22:00');
INSERT INTO `s8_system_group_priv` VALUES ('567', '7', '212', '2019-03-05 10:22:00', '2019-03-05 10:22:00');
INSERT INTO `s8_system_group_priv` VALUES ('568', '7', '213', '2019-03-05 10:22:00', '2019-03-05 10:22:00');
INSERT INTO `s8_system_group_priv` VALUES ('569', '7', '214', '2019-03-05 10:22:00', '2019-03-05 10:22:00');
INSERT INTO `s8_system_group_priv` VALUES ('570', '7', '1002', '2019-03-05 10:22:00', '2019-03-05 10:22:00');
INSERT INTO `s8_system_group_priv` VALUES ('571', '7', '1001', '2019-03-05 10:22:00', '2019-03-05 10:22:00');
INSERT INTO `s8_system_group_priv` VALUES ('572', '7', '300', '2019-03-05 10:22:00', '2019-03-05 10:22:00');
INSERT INTO `s8_system_group_priv` VALUES ('573', '7', '301', '2019-03-05 10:22:00', '2019-03-05 10:22:00');
INSERT INTO `s8_system_group_priv` VALUES ('574', '7', '1009', '2019-03-05 10:22:00', '2019-03-05 10:22:00');
INSERT INTO `s8_system_group_priv` VALUES ('575', '7', '302', '2019-03-05 10:22:00', '2019-03-05 10:22:00');
INSERT INTO `s8_system_group_priv` VALUES ('576', '7', '305', '2019-03-05 10:22:00', '2019-03-05 10:22:00');
INSERT INTO `s8_system_group_priv` VALUES ('577', '7', '306', '2019-03-05 10:22:00', '2019-03-05 10:22:00');
INSERT INTO `s8_system_group_priv` VALUES ('578', '7', '307', '2019-03-05 10:22:00', '2019-03-05 10:22:00');
INSERT INTO `s8_system_group_priv` VALUES ('579', '7', '308', '2019-03-05 10:22:00', '2019-03-05 10:22:00');
INSERT INTO `s8_system_group_priv` VALUES ('580', '7', '1010', '2019-03-05 10:22:00', '2019-03-05 10:22:00');
INSERT INTO `s8_system_group_priv` VALUES ('581', '7', '303', '2019-03-05 10:22:00', '2019-03-05 10:22:00');
INSERT INTO `s8_system_group_priv` VALUES ('582', '7', '1011', '2019-03-05 10:22:00', '2019-03-05 10:22:00');
INSERT INTO `s8_system_group_priv` VALUES ('583', '7', '304', '2019-03-05 10:22:00', '2019-03-05 10:22:00');
INSERT INTO `s8_system_group_priv` VALUES ('584', '7', '1012', '2019-03-05 10:22:00', '2019-03-05 10:22:00');
INSERT INTO `s8_system_group_priv` VALUES ('585', '7', '310', '2019-03-05 10:22:00', '2019-03-05 10:22:00');
INSERT INTO `s8_system_group_priv` VALUES ('586', '7', '311', '2019-03-05 10:22:00', '2019-03-05 10:22:00');
INSERT INTO `s8_system_group_priv` VALUES ('587', '7', '314', '2019-03-05 10:22:00', '2019-03-05 10:22:00');
INSERT INTO `s8_system_group_priv` VALUES ('588', '7', '315', '2019-03-05 10:22:00', '2019-03-05 10:22:00');
INSERT INTO `s8_system_group_priv` VALUES ('589', '7', '1013', '2019-03-05 10:22:00', '2019-03-05 10:22:00');
INSERT INTO `s8_system_group_priv` VALUES ('590', '7', '400', '2019-03-05 10:22:00', '2019-03-05 10:22:00');
INSERT INTO `s8_system_group_priv` VALUES ('591', '7', '401', '2019-03-05 10:22:00', '2019-03-05 10:22:00');
INSERT INTO `s8_system_group_priv` VALUES ('592', '7', '402', '2019-03-05 10:22:00', '2019-03-05 10:22:00');
INSERT INTO `s8_system_group_priv` VALUES ('593', '7', '403', '2019-03-05 10:22:00', '2019-03-05 10:22:00');
INSERT INTO `s8_system_group_priv` VALUES ('594', '7', '1004', '2019-03-05 10:22:00', '2019-03-05 10:22:00');
INSERT INTO `s8_system_group_priv` VALUES ('595', '7', '500', '2019-03-05 10:22:00', '2019-03-05 10:22:00');
INSERT INTO `s8_system_group_priv` VALUES ('596', '7', '501', '2019-03-05 10:22:00', '2019-03-05 10:22:00');
INSERT INTO `s8_system_group_priv` VALUES ('597', '7', '1005', '2019-03-05 10:22:00', '2019-03-05 10:22:00');
INSERT INTO `s8_system_group_priv` VALUES ('598', '7', '502', '2019-03-05 10:22:00', '2019-03-05 10:22:00');
INSERT INTO `s8_system_group_priv` VALUES ('599', '7', '1006', '2019-03-05 10:22:00', '2019-03-05 10:22:00');
INSERT INTO `s8_system_group_priv` VALUES ('600', '7', '503', '2019-03-05 10:22:00', '2019-03-05 10:22:00');
INSERT INTO `s8_system_group_priv` VALUES ('601', '7', '1007', '2019-03-05 10:22:00', '2019-03-05 10:22:00');
INSERT INTO `s8_system_group_priv` VALUES ('602', '7', '504', '2019-03-05 10:22:00', '2019-03-05 10:22:00');
INSERT INTO `s8_system_group_priv` VALUES ('603', '7', '1008', '2019-03-05 10:22:00', '2019-03-05 10:22:00');
INSERT INTO `s8_system_group_priv` VALUES ('604', '7', '1030', '2019-03-05 10:22:00', '2019-03-05 10:22:00');
INSERT INTO `s8_system_group_priv` VALUES ('605', '7', '1031', '2019-03-05 10:22:00', '2019-03-05 10:22:00');
INSERT INTO `s8_system_group_priv` VALUES ('606', '7', '1037', '2019-03-05 10:22:00', '2019-03-05 10:22:00');
INSERT INTO `s8_system_group_priv` VALUES ('607', '7', '1038', '2019-03-05 10:22:00', '2019-03-05 10:22:00');
INSERT INTO `s8_system_group_priv` VALUES ('608', '7', '1016', '2019-03-05 10:22:00', '2019-03-05 10:22:00');
INSERT INTO `s8_system_group_priv` VALUES ('609', '7', '1017', '2019-03-05 10:22:00', '2019-03-05 10:22:00');
INSERT INTO `s8_system_group_priv` VALUES ('610', '7', '1018', '2019-03-05 10:22:00', '2019-03-05 10:22:00');
INSERT INTO `s8_system_group_priv` VALUES ('611', '7', '1020', '2019-03-05 10:22:00', '2019-03-05 10:22:00');
INSERT INTO `s8_system_group_priv` VALUES ('612', '7', '1021', '2019-03-05 10:22:00', '2019-03-05 10:22:00');
INSERT INTO `s8_system_group_priv` VALUES ('613', '7', '1022', '2019-03-05 10:22:00', '2019-03-05 10:22:00');
INSERT INTO `s8_system_group_priv` VALUES ('614', '7', '1023', '2019-03-05 10:22:00', '2019-03-05 10:22:00');
INSERT INTO `s8_system_group_priv` VALUES ('615', '7', '1024', '2019-03-05 10:22:00', '2019-03-05 10:22:00');
INSERT INTO `s8_system_group_priv` VALUES ('616', '7', '1025', '2019-03-05 10:22:00', '2019-03-05 10:22:00');
INSERT INTO `s8_system_group_priv` VALUES ('617', '7', '1026', '2019-03-05 10:22:00', '2019-03-05 10:22:00');
INSERT INTO `s8_system_group_priv` VALUES ('618', '7', '1028', '2019-03-05 10:22:00', '2019-03-05 10:22:00');
INSERT INTO `s8_system_group_priv` VALUES ('619', '7', '1027', '2019-03-05 10:22:00', '2019-03-05 10:22:00');
INSERT INTO `s8_system_group_priv` VALUES ('620', '7', '1029', '2019-03-05 10:22:00', '2019-03-05 10:22:00');
INSERT INTO `s8_system_group_priv` VALUES ('621', '7', '1032', '2019-03-05 10:22:00', '2019-03-05 10:22:00');
INSERT INTO `s8_system_group_priv` VALUES ('622', '7', '1033', '2019-03-05 10:22:00', '2019-03-05 10:22:00');
INSERT INTO `s8_system_group_priv` VALUES ('623', '7', '1039', '2019-03-05 10:22:00', '2019-03-05 10:22:00');
INSERT INTO `s8_system_group_priv` VALUES ('624', '7', '1040', '2019-03-05 10:22:00', '2019-03-05 10:22:00');
INSERT INTO `s8_system_group_priv` VALUES ('625', '7', '1041', '2019-03-05 10:22:00', '2019-03-05 10:22:00');
INSERT INTO `s8_system_group_priv` VALUES ('626', '1', '1042', '2019-03-22 17:40:49', '2019-03-22 17:40:49');
INSERT INTO `s8_system_group_priv` VALUES ('627', '1', '1044', '2019-03-22 17:45:18', '2019-03-22 17:45:18');
INSERT INTO `s8_system_group_priv` VALUES ('628', '1', '1045', '2019-03-22 17:45:18', '2019-03-22 17:45:18');
INSERT INTO `s8_system_group_priv` VALUES ('629', '2', '1044', '2019-03-22 17:45:23', '2019-03-22 17:45:23');
INSERT INTO `s8_system_group_priv` VALUES ('630', '2', '1045', '2019-03-22 17:45:23', '2019-03-22 17:45:23');
INSERT INTO `s8_system_group_priv` VALUES ('631', '1', '1046', '2019-03-22 17:47:49', '2019-03-22 17:47:49');
INSERT INTO `s8_system_group_priv` VALUES ('632', '2', '1046', '2019-03-22 17:47:53', '2019-03-22 17:47:53');
INSERT INTO `s8_system_group_priv` VALUES ('633', '2', '1047', '2019-03-22 17:49:45', '2019-03-22 17:49:45');
INSERT INTO `s8_system_group_priv` VALUES ('634', '2', '1048', '2019-03-22 17:49:45', '2019-03-22 17:49:45');
INSERT INTO `s8_system_group_priv` VALUES ('635', '1', '1047', '2019-03-22 17:49:49', '2019-03-22 17:49:49');
INSERT INTO `s8_system_group_priv` VALUES ('636', '1', '1048', '2019-03-22 17:49:49', '2019-03-22 17:49:49');
INSERT INTO `s8_system_group_priv` VALUES ('637', '3', '1047', '2019-03-25 12:48:18', '2019-03-25 12:48:18');
INSERT INTO `s8_system_group_priv` VALUES ('638', '3', '1046', '2019-03-25 12:48:18', '2019-03-25 12:48:18');
INSERT INTO `s8_system_group_priv` VALUES ('639', '3', '1048', '2019-03-25 12:48:18', '2019-03-25 12:48:18');
INSERT INTO `s8_system_group_priv` VALUES ('640', '4', '1047', '2019-03-25 12:48:23', '2019-03-25 12:48:23');
INSERT INTO `s8_system_group_priv` VALUES ('641', '4', '1046', '2019-03-25 12:48:23', '2019-03-25 12:48:23');
INSERT INTO `s8_system_group_priv` VALUES ('642', '4', '1048', '2019-03-25 12:48:23', '2019-03-25 12:48:23');
INSERT INTO `s8_system_group_priv` VALUES ('643', '1', '1049', '2019-03-28 19:03:16', '2019-03-28 19:03:16');
INSERT INTO `s8_system_group_priv` VALUES ('644', '1', '1050', '2019-03-28 19:03:16', '2019-03-28 19:03:16');
INSERT INTO `s8_system_group_priv` VALUES ('645', '2', '1049', '2019-03-28 19:03:22', '2019-03-28 19:03:22');
INSERT INTO `s8_system_group_priv` VALUES ('646', '2', '1050', '2019-03-28 19:03:22', '2019-03-28 19:03:22');
INSERT INTO `s8_system_group_priv` VALUES ('647', '1', '1051', '2019-03-29 15:01:44', '2019-03-29 15:01:44');
INSERT INTO `s8_system_group_priv` VALUES ('648', '1', '1052', '2019-03-29 15:01:44', '2019-03-29 15:01:44');
INSERT INTO `s8_system_group_priv` VALUES ('652', '1', '1056', '2019-04-03 15:04:34', '2019-04-03 15:04:34');
INSERT INTO `s8_system_group_priv` VALUES ('653', '1', '1057', '2019-04-03 15:04:34', '2019-04-03 15:04:34');
INSERT INTO `s8_system_group_priv` VALUES ('654', '2', '1051', '2019-04-03 15:04:46', '2019-04-03 15:04:46');
INSERT INTO `s8_system_group_priv` VALUES ('655', '2', '1052', '2019-04-03 15:04:46', '2019-04-03 15:04:46');
INSERT INTO `s8_system_group_priv` VALUES ('656', '2', '1056', '2019-04-03 15:04:46', '2019-04-03 15:04:46');
INSERT INTO `s8_system_group_priv` VALUES ('657', '2', '1057', '2019-04-03 15:04:46', '2019-04-03 15:04:46');
INSERT INTO `s8_system_group_priv` VALUES ('660', '8', '1046', '2019-04-08 16:48:59', '2019-04-08 16:48:59');
INSERT INTO `s8_system_group_priv` VALUES ('661', '8', '1048', '2019-04-08 16:48:59', '2019-04-08 16:48:59');
INSERT INTO `s8_system_group_priv` VALUES ('662', '8', '1049', '2019-04-08 16:48:59', '2019-04-08 16:48:59');
INSERT INTO `s8_system_group_priv` VALUES ('663', '8', '1050', '2019-04-08 16:48:59', '2019-04-08 16:48:59');
INSERT INTO `s8_system_group_priv` VALUES ('668', '8', '1056', '2019-04-08 17:13:49', '2019-04-08 17:13:49');
INSERT INTO `s8_system_group_priv` VALUES ('669', '8', '1057', '2019-04-08 17:13:49', '2019-04-08 17:13:49');
INSERT INTO `s8_system_group_priv` VALUES ('677', '3', '1049', '2019-04-10 12:39:52', '2019-04-10 12:39:52');
INSERT INTO `s8_system_group_priv` VALUES ('678', '3', '1050', '2019-04-10 12:39:52', '2019-04-10 12:39:52');
INSERT INTO `s8_system_group_priv` VALUES ('679', '3', '1051', '2019-04-10 12:39:52', '2019-04-10 12:39:52');
INSERT INTO `s8_system_group_priv` VALUES ('680', '3', '1052', '2019-04-10 12:39:52', '2019-04-10 12:39:52');
INSERT INTO `s8_system_group_priv` VALUES ('681', '3', '1056', '2019-04-10 12:39:52', '2019-04-10 12:39:52');
INSERT INTO `s8_system_group_priv` VALUES ('682', '3', '1057', '2019-04-10 12:39:52', '2019-04-10 12:39:52');
INSERT INTO `s8_system_group_priv` VALUES ('685', '3', '1053', '2019-04-10 12:39:52', '2019-04-10 12:39:52');
INSERT INTO `s8_system_group_priv` VALUES ('686', '3', '1054', '2019-04-10 12:39:52', '2019-04-10 12:39:52');
INSERT INTO `s8_system_group_priv` VALUES ('687', '3', '1055', '2019-04-10 12:39:52', '2019-04-10 12:39:52');
INSERT INTO `s8_system_group_priv` VALUES ('688', '1', '1060', '2019-04-17 11:51:52', '2019-04-17 11:51:52');
INSERT INTO `s8_system_group_priv` VALUES ('689', '1', '1061', '2019-04-17 11:51:52', '2019-04-17 11:51:52');
INSERT INTO `s8_system_group_priv` VALUES ('690', '2', '1060', '2019-04-17 11:52:04', '2019-04-17 11:52:04');
INSERT INTO `s8_system_group_priv` VALUES ('691', '2', '1061', '2019-04-17 11:52:04', '2019-04-17 11:52:04');
INSERT INTO `s8_system_group_priv` VALUES ('692', '3', '1062', '2019-05-16 11:17:50', '2019-05-16 11:17:50');
INSERT INTO `s8_system_group_priv` VALUES ('693', '3', '1063', '2019-05-16 11:17:50', '2019-05-16 11:17:50');
INSERT INTO `s8_system_group_priv` VALUES ('694', '3', '1064', '2019-05-16 11:17:50', '2019-05-16 11:17:50');
INSERT INTO `s8_system_group_priv` VALUES ('698', '3', '1065', '2019-05-17 15:59:27', '2019-05-17 15:59:27');
INSERT INTO `s8_system_group_priv` VALUES ('699', '3', '1066', '2019-05-17 15:59:27', '2019-05-17 15:59:27');
INSERT INTO `s8_system_group_priv` VALUES ('700', '3', '1067', '2019-05-17 15:59:27', '2019-05-17 15:59:27');
INSERT INTO `s8_system_group_priv` VALUES ('701', '3', '1068', '2019-05-17 15:59:27', '2019-05-17 15:59:27');
INSERT INTO `s8_system_group_priv` VALUES ('702', '3', '1069', '2019-05-17 15:59:27', '2019-05-17 15:59:27');
INSERT INTO `s8_system_group_priv` VALUES ('703', '3', '1070', '2019-05-17 15:59:27', '2019-05-17 15:59:27');
INSERT INTO `s8_system_group_priv` VALUES ('704', '3', '1071', '2019-05-17 15:59:27', '2019-05-17 15:59:27');
INSERT INTO `s8_system_group_priv` VALUES ('705', '3', '1072', '2019-05-17 15:59:27', '2019-05-17 15:59:27');
INSERT INTO `s8_system_group_priv` VALUES ('706', '3', '1073', '2019-05-28 16:31:13', '2019-05-28 16:31:13');
INSERT INTO `s8_system_group_priv` VALUES ('707', '3', '1074', '2019-05-28 16:31:13', '2019-05-28 16:31:13');
INSERT INTO `s8_system_group_priv` VALUES ('708', '3', '1075', '2019-05-28 16:31:13', '2019-05-28 16:31:13');
INSERT INTO `s8_system_group_priv` VALUES ('709', '1', '1062', '2019-05-30 10:04:11', '2019-05-30 10:04:11');
INSERT INTO `s8_system_group_priv` VALUES ('710', '1', '1063', '2019-05-30 10:04:11', '2019-05-30 10:04:11');
INSERT INTO `s8_system_group_priv` VALUES ('711', '1', '1064', '2019-05-30 10:04:11', '2019-05-30 10:04:11');
INSERT INTO `s8_system_group_priv` VALUES ('712', '1', '1065', '2019-05-30 10:04:11', '2019-05-30 10:04:11');
INSERT INTO `s8_system_group_priv` VALUES ('713', '1', '1066', '2019-05-30 10:04:11', '2019-05-30 10:04:11');
INSERT INTO `s8_system_group_priv` VALUES ('714', '1', '1067', '2019-05-30 10:04:11', '2019-05-30 10:04:11');
INSERT INTO `s8_system_group_priv` VALUES ('715', '1', '1068', '2019-05-30 10:04:11', '2019-05-30 10:04:11');
INSERT INTO `s8_system_group_priv` VALUES ('716', '1', '1069', '2019-05-30 10:04:11', '2019-05-30 10:04:11');
INSERT INTO `s8_system_group_priv` VALUES ('717', '1', '1070', '2019-05-30 10:04:11', '2019-05-30 10:04:11');
INSERT INTO `s8_system_group_priv` VALUES ('718', '1', '1071', '2019-05-30 10:04:11', '2019-05-30 10:04:11');
INSERT INTO `s8_system_group_priv` VALUES ('719', '1', '1072', '2019-05-30 10:04:11', '2019-05-30 10:04:11');
INSERT INTO `s8_system_group_priv` VALUES ('720', '2', '1062', '2019-05-30 10:04:18', '2019-05-30 10:04:18');
INSERT INTO `s8_system_group_priv` VALUES ('721', '2', '1063', '2019-05-30 10:04:18', '2019-05-30 10:04:18');
INSERT INTO `s8_system_group_priv` VALUES ('722', '2', '1064', '2019-05-30 10:04:18', '2019-05-30 10:04:18');
INSERT INTO `s8_system_group_priv` VALUES ('723', '2', '1065', '2019-05-30 10:04:18', '2019-05-30 10:04:18');
INSERT INTO `s8_system_group_priv` VALUES ('724', '2', '1066', '2019-05-30 10:04:18', '2019-05-30 10:04:18');
INSERT INTO `s8_system_group_priv` VALUES ('725', '2', '1067', '2019-05-30 10:04:18', '2019-05-30 10:04:18');
INSERT INTO `s8_system_group_priv` VALUES ('726', '2', '1068', '2019-05-30 10:04:18', '2019-05-30 10:04:18');
INSERT INTO `s8_system_group_priv` VALUES ('727', '2', '1069', '2019-05-30 10:04:18', '2019-05-30 10:04:18');
INSERT INTO `s8_system_group_priv` VALUES ('728', '2', '1070', '2019-05-30 10:04:18', '2019-05-30 10:04:18');
INSERT INTO `s8_system_group_priv` VALUES ('729', '2', '1071', '2019-05-30 10:04:18', '2019-05-30 10:04:18');
INSERT INTO `s8_system_group_priv` VALUES ('730', '2', '1072', '2019-05-30 10:04:18', '2019-05-30 10:04:18');
INSERT INTO `s8_system_group_priv` VALUES ('731', '3', '1076', '2019-06-04 15:45:25', '2019-06-04 15:45:25');
INSERT INTO `s8_system_group_priv` VALUES ('732', '3', '1077', '2019-06-04 15:45:25', '2019-06-04 15:45:25');
INSERT INTO `s8_system_group_priv` VALUES ('733', '2', '1053', '2019-06-04 15:51:11', '2019-06-04 15:51:11');
INSERT INTO `s8_system_group_priv` VALUES ('734', '2', '1054', '2019-06-04 15:51:11', '2019-06-04 15:51:11');
INSERT INTO `s8_system_group_priv` VALUES ('735', '2', '1055', '2019-06-04 15:51:11', '2019-06-04 15:51:11');
INSERT INTO `s8_system_group_priv` VALUES ('736', '2', '1073', '2019-06-04 16:02:18', '2019-06-04 16:02:18');
INSERT INTO `s8_system_group_priv` VALUES ('737', '2', '1074', '2019-06-04 16:02:18', '2019-06-04 16:02:18');
INSERT INTO `s8_system_group_priv` VALUES ('738', '2', '1075', '2019-06-04 16:02:18', '2019-06-04 16:02:18');
INSERT INTO `s8_system_group_priv` VALUES ('739', '2', '1076', '2019-06-04 16:02:18', '2019-06-04 16:02:18');
INSERT INTO `s8_system_group_priv` VALUES ('740', '2', '1077', '2019-06-04 16:02:18', '2019-06-04 16:02:18');
INSERT INTO `s8_system_group_priv` VALUES ('741', '2', '1078', '2019-06-04 16:02:18', '2019-06-04 16:02:18');
INSERT INTO `s8_system_group_priv` VALUES ('742', '2', '1079', '2019-06-04 16:02:18', '2019-06-04 16:02:18');
INSERT INTO `s8_system_group_priv` VALUES ('743', '2', '1080', '2019-06-04 16:02:18', '2019-06-04 16:02:18');
INSERT INTO `s8_system_group_priv` VALUES ('744', '2', '1081', '2019-06-04 16:02:18', '2019-06-04 16:02:18');
INSERT INTO `s8_system_group_priv` VALUES ('745', '2', '1082', '2019-06-04 16:02:18', '2019-06-04 16:02:18');
INSERT INTO `s8_system_group_priv` VALUES ('746', '2', '1083', '2019-06-04 16:02:18', '2019-06-04 16:02:18');
INSERT INTO `s8_system_group_priv` VALUES ('747', '2', '1084', '2019-06-04 16:02:18', '2019-06-04 16:02:18');
INSERT INTO `s8_system_group_priv` VALUES ('748', '3', '1078', '2019-06-04 16:02:44', '2019-06-04 16:02:44');
INSERT INTO `s8_system_group_priv` VALUES ('749', '3', '1079', '2019-06-04 16:02:44', '2019-06-04 16:02:44');
INSERT INTO `s8_system_group_priv` VALUES ('750', '3', '1080', '2019-06-04 16:02:44', '2019-06-04 16:02:44');
INSERT INTO `s8_system_group_priv` VALUES ('751', '3', '1081', '2019-06-04 16:02:44', '2019-06-04 16:02:44');
INSERT INTO `s8_system_group_priv` VALUES ('752', '3', '1082', '2019-06-04 16:02:44', '2019-06-04 16:02:44');
INSERT INTO `s8_system_group_priv` VALUES ('753', '3', '1083', '2019-06-04 16:02:44', '2019-06-04 16:02:44');
INSERT INTO `s8_system_group_priv` VALUES ('754', '3', '1084', '2019-06-04 16:02:44', '2019-06-04 16:02:44');
INSERT INTO `s8_system_group_priv` VALUES ('755', '3', '1060', '2019-06-04 16:12:00', '2019-06-04 16:12:00');
INSERT INTO `s8_system_group_priv` VALUES ('756', '3', '1061', '2019-06-04 16:12:00', '2019-06-04 16:12:00');
INSERT INTO `s8_system_group_priv` VALUES ('757', '1', '1073', '2019-06-11 15:35:44', '2019-06-11 15:35:44');
INSERT INTO `s8_system_group_priv` VALUES ('758', '1', '1074', '2019-06-11 15:35:44', '2019-06-11 15:35:44');
INSERT INTO `s8_system_group_priv` VALUES ('759', '1', '1075', '2019-06-11 15:35:44', '2019-06-11 15:35:44');
INSERT INTO `s8_system_group_priv` VALUES ('760', '1', '1076', '2019-06-11 15:35:44', '2019-06-11 15:35:44');
INSERT INTO `s8_system_group_priv` VALUES ('761', '1', '1077', '2019-06-11 15:35:44', '2019-06-11 15:35:44');
INSERT INTO `s8_system_group_priv` VALUES ('762', '1', '1078', '2019-06-11 15:35:44', '2019-06-11 15:35:44');
INSERT INTO `s8_system_group_priv` VALUES ('763', '1', '1079', '2019-06-11 15:35:44', '2019-06-11 15:35:44');
INSERT INTO `s8_system_group_priv` VALUES ('764', '1', '1080', '2019-06-11 15:35:44', '2019-06-11 15:35:44');
INSERT INTO `s8_system_group_priv` VALUES ('765', '1', '1081', '2019-06-11 15:35:44', '2019-06-11 15:35:44');
INSERT INTO `s8_system_group_priv` VALUES ('766', '1', '1082', '2019-06-11 15:35:44', '2019-06-11 15:35:44');
INSERT INTO `s8_system_group_priv` VALUES ('767', '1', '1083', '2019-06-11 15:35:44', '2019-06-11 15:35:44');
INSERT INTO `s8_system_group_priv` VALUES ('768', '1', '1084', '2019-06-11 15:35:44', '2019-06-11 15:35:44');
INSERT INTO `s8_system_group_priv` VALUES ('769', '1', '1085', '2019-06-11 15:35:44', '2019-06-11 15:35:44');
INSERT INTO `s8_system_group_priv` VALUES ('770', '1', '1086', '2019-06-11 15:35:44', '2019-06-11 15:35:44');
INSERT INTO `s8_system_group_priv` VALUES ('771', '1', '1087', '2019-06-11 16:50:51', '2019-06-11 16:50:51');
INSERT INTO `s8_system_group_priv` VALUES ('772', '1', '1088', '2019-06-11 16:50:51', '2019-06-11 16:50:51');
INSERT INTO `s8_system_group_priv` VALUES ('773', '2', '1085', '2019-06-11 16:50:57', '2019-06-11 16:50:57');
INSERT INTO `s8_system_group_priv` VALUES ('774', '2', '1086', '2019-06-11 16:50:57', '2019-06-11 16:50:57');
INSERT INTO `s8_system_group_priv` VALUES ('775', '2', '1087', '2019-06-11 16:50:57', '2019-06-11 16:50:57');
INSERT INTO `s8_system_group_priv` VALUES ('776', '2', '1088', '2019-06-11 16:50:57', '2019-06-11 16:50:57');
INSERT INTO `s8_system_group_priv` VALUES ('777', '3', '1085', '2019-06-11 16:51:03', '2019-06-11 16:51:03');
INSERT INTO `s8_system_group_priv` VALUES ('778', '3', '1086', '2019-06-11 16:51:03', '2019-06-11 16:51:03');
INSERT INTO `s8_system_group_priv` VALUES ('779', '3', '1087', '2019-06-11 16:51:03', '2019-06-11 16:51:03');
INSERT INTO `s8_system_group_priv` VALUES ('780', '3', '1088', '2019-06-11 16:51:03', '2019-06-11 16:51:03');
INSERT INTO `s8_system_group_priv` VALUES ('781', '1', '1089', '2019-06-24 12:04:04', '2019-06-24 12:04:04');
INSERT INTO `s8_system_group_priv` VALUES ('782', '1', '1090', '2019-06-24 12:04:04', '2019-06-24 12:04:04');
INSERT INTO `s8_system_group_priv` VALUES ('783', '1', '1091', '2019-06-24 12:13:50', '2019-06-24 12:13:50');
INSERT INTO `s8_system_group_priv` VALUES ('784', '9', '1016', '2019-06-24 14:20:50', '2019-06-24 14:20:50');
INSERT INTO `s8_system_group_priv` VALUES ('785', '9', '1089', '2019-06-24 14:20:50', '2019-06-24 14:20:50');
INSERT INTO `s8_system_group_priv` VALUES ('786', '9', '1090', '2019-06-24 14:20:50', '2019-06-24 14:20:50');
INSERT INTO `s8_system_group_priv` VALUES ('787', '9', '1091', '2019-06-24 14:20:50', '2019-06-24 14:20:50');
INSERT INTO `s8_system_group_priv` VALUES ('790', '1', '1092', '2019-06-25 11:34:49', '2019-06-25 11:34:49');
INSERT INTO `s8_system_group_priv` VALUES ('791', '1', '1093', '2019-06-25 11:34:49', '2019-06-25 11:34:49');
INSERT INTO `s8_system_group_priv` VALUES ('792', '1', '1094', '2019-06-25 11:34:49', '2019-06-25 11:34:49');
INSERT INTO `s8_system_group_priv` VALUES ('793', '9', '1092', '2019-06-25 12:00:25', '2019-06-25 12:00:25');
INSERT INTO `s8_system_group_priv` VALUES ('794', '9', '1093', '2019-06-25 12:00:25', '2019-06-25 12:00:25');
INSERT INTO `s8_system_group_priv` VALUES ('795', '9', '1094', '2019-06-25 12:00:25', '2019-06-25 12:00:25');
INSERT INTO `s8_system_group_priv` VALUES ('796', '2', '1089', '2019-06-25 19:04:25', '2019-06-25 19:04:25');
INSERT INTO `s8_system_group_priv` VALUES ('797', '2', '1090', '2019-06-25 19:04:25', '2019-06-25 19:04:25');
INSERT INTO `s8_system_group_priv` VALUES ('798', '2', '1091', '2019-06-25 19:04:25', '2019-06-25 19:04:25');
INSERT INTO `s8_system_group_priv` VALUES ('799', '2', '1092', '2019-06-25 19:04:25', '2019-06-25 19:04:25');
INSERT INTO `s8_system_group_priv` VALUES ('800', '2', '1093', '2019-06-25 19:04:25', '2019-06-25 19:04:25');
INSERT INTO `s8_system_group_priv` VALUES ('801', '2', '1094', '2019-06-25 19:04:25', '2019-06-25 19:04:25');
INSERT INTO `s8_system_group_priv` VALUES ('802', '1', '1095', '2019-06-26 18:18:35', '2019-06-26 18:18:35');
INSERT INTO `s8_system_group_priv` VALUES ('803', '1', '1096', '2019-06-26 18:18:35', '2019-06-26 18:18:35');
INSERT INTO `s8_system_group_priv` VALUES ('804', '1', '1097', '2019-06-26 18:18:35', '2019-06-26 18:18:35');
INSERT INTO `s8_system_group_priv` VALUES ('805', '1', '1098', '2019-06-27 11:58:49', '2019-06-27 11:58:49');
INSERT INTO `s8_system_group_priv` VALUES ('806', '1', '1099', '2019-06-27 11:58:49', '2019-06-27 11:58:49');
INSERT INTO `s8_system_group_priv` VALUES ('807', '2', '1', '2019-06-27 11:59:07', '2019-06-27 11:59:07');
INSERT INTO `s8_system_group_priv` VALUES ('808', '2', '2', '2019-06-27 11:59:07', '2019-06-27 11:59:07');
INSERT INTO `s8_system_group_priv` VALUES ('809', '2', '3', '2019-06-27 11:59:07', '2019-06-27 11:59:07');
INSERT INTO `s8_system_group_priv` VALUES ('810', '2', '4', '2019-06-27 11:59:07', '2019-06-27 11:59:07');
INSERT INTO `s8_system_group_priv` VALUES ('811', '2', '5', '2019-06-27 11:59:07', '2019-06-27 11:59:07');
INSERT INTO `s8_system_group_priv` VALUES ('812', '2', '6', '2019-06-27 11:59:07', '2019-06-27 11:59:07');
INSERT INTO `s8_system_group_priv` VALUES ('813', '2', '7', '2019-06-27 11:59:07', '2019-06-27 11:59:07');
INSERT INTO `s8_system_group_priv` VALUES ('814', '2', '8', '2019-06-27 11:59:07', '2019-06-27 11:59:07');
INSERT INTO `s8_system_group_priv` VALUES ('815', '2', '9', '2019-06-27 11:59:07', '2019-06-27 11:59:07');
INSERT INTO `s8_system_group_priv` VALUES ('816', '2', '10', '2019-06-27 11:59:07', '2019-06-27 11:59:07');
INSERT INTO `s8_system_group_priv` VALUES ('817', '2', '11', '2019-06-27 11:59:07', '2019-06-27 11:59:07');
INSERT INTO `s8_system_group_priv` VALUES ('818', '2', '12', '2019-06-27 11:59:07', '2019-06-27 11:59:07');
INSERT INTO `s8_system_group_priv` VALUES ('819', '2', '13', '2019-06-27 11:59:07', '2019-06-27 11:59:07');
INSERT INTO `s8_system_group_priv` VALUES ('820', '2', '14', '2019-06-27 11:59:07', '2019-06-27 11:59:07');
INSERT INTO `s8_system_group_priv` VALUES ('821', '2', '15', '2019-06-27 11:59:07', '2019-06-27 11:59:07');
INSERT INTO `s8_system_group_priv` VALUES ('822', '2', '16', '2019-06-27 11:59:07', '2019-06-27 11:59:07');
INSERT INTO `s8_system_group_priv` VALUES ('823', '2', '17', '2019-06-27 11:59:07', '2019-06-27 11:59:07');
INSERT INTO `s8_system_group_priv` VALUES ('824', '2', '18', '2019-06-27 11:59:07', '2019-06-27 11:59:07');
INSERT INTO `s8_system_group_priv` VALUES ('825', '2', '19', '2019-06-27 11:59:07', '2019-06-27 11:59:07');
INSERT INTO `s8_system_group_priv` VALUES ('826', '2', '20', '2019-06-27 11:59:07', '2019-06-27 11:59:07');
INSERT INTO `s8_system_group_priv` VALUES ('827', '2', '21', '2019-06-27 11:59:07', '2019-06-27 11:59:07');
INSERT INTO `s8_system_group_priv` VALUES ('828', '2', '22', '2019-06-27 11:59:07', '2019-06-27 11:59:07');
INSERT INTO `s8_system_group_priv` VALUES ('829', '2', '23', '2019-06-27 11:59:07', '2019-06-27 11:59:07');
INSERT INTO `s8_system_group_priv` VALUES ('830', '2', '1034', '2019-06-27 11:59:07', '2019-06-27 11:59:07');
INSERT INTO `s8_system_group_priv` VALUES ('831', '2', '1035', '2019-06-27 11:59:07', '2019-06-27 11:59:07');
INSERT INTO `s8_system_group_priv` VALUES ('832', '2', '1036', '2019-06-27 11:59:07', '2019-06-27 11:59:07');
INSERT INTO `s8_system_group_priv` VALUES ('833', '2', '1098', '2019-06-27 11:59:07', '2019-06-27 11:59:07');
INSERT INTO `s8_system_group_priv` VALUES ('834', '2', '1099', '2019-06-27 11:59:07', '2019-06-27 11:59:07');
INSERT INTO `s8_system_group_priv` VALUES ('835', '2', '1095', '2019-06-27 11:59:07', '2019-06-27 11:59:07');
INSERT INTO `s8_system_group_priv` VALUES ('836', '2', '1096', '2019-06-27 11:59:07', '2019-06-27 11:59:07');
INSERT INTO `s8_system_group_priv` VALUES ('837', '2', '1097', '2019-06-27 11:59:07', '2019-06-27 11:59:07');
INSERT INTO `s8_system_group_priv` VALUES ('838', '1', '1100', '2019-07-03 15:47:11', '2019-07-03 15:47:11');
INSERT INTO `s8_system_group_priv` VALUES ('839', '1', '1101', '2019-07-03 15:47:11', '2019-07-03 15:47:11');
INSERT INTO `s8_system_group_priv` VALUES ('840', '1', '1102', '2019-07-03 15:47:11', '2019-07-03 15:47:11');
INSERT INTO `s8_system_group_priv` VALUES ('841', '1', '1103', '2019-07-03 15:47:11', '2019-07-03 15:47:11');
INSERT INTO `s8_system_group_priv` VALUES ('842', '1', '1104', '2019-07-03 15:47:11', '2019-07-03 15:47:11');
INSERT INTO `s8_system_group_priv` VALUES ('843', '1', '1105', '2019-07-03 15:47:11', '2019-07-03 15:47:11');
INSERT INTO `s8_system_group_priv` VALUES ('844', '9', '1100', '2019-07-04 10:35:55', '2019-07-04 10:35:55');
INSERT INTO `s8_system_group_priv` VALUES ('845', '9', '1101', '2019-07-04 10:35:55', '2019-07-04 10:35:55');
INSERT INTO `s8_system_group_priv` VALUES ('846', '9', '1102', '2019-07-04 10:35:55', '2019-07-04 10:35:55');
INSERT INTO `s8_system_group_priv` VALUES ('847', '9', '1103', '2019-07-04 10:35:55', '2019-07-04 10:35:55');
INSERT INTO `s8_system_group_priv` VALUES ('848', '9', '1104', '2019-07-04 10:35:55', '2019-07-04 10:35:55');
INSERT INTO `s8_system_group_priv` VALUES ('849', '9', '1105', '2019-07-04 10:35:55', '2019-07-04 10:35:55');
INSERT INTO `s8_system_group_priv` VALUES ('850', '2', '1100', '2019-07-04 10:41:16', '2019-07-04 10:41:16');
INSERT INTO `s8_system_group_priv` VALUES ('851', '2', '1101', '2019-07-04 10:41:16', '2019-07-04 10:41:16');
INSERT INTO `s8_system_group_priv` VALUES ('852', '2', '1102', '2019-07-04 10:41:16', '2019-07-04 10:41:16');
INSERT INTO `s8_system_group_priv` VALUES ('853', '2', '1103', '2019-07-04 10:41:16', '2019-07-04 10:41:16');
INSERT INTO `s8_system_group_priv` VALUES ('854', '2', '1104', '2019-07-04 10:41:16', '2019-07-04 10:41:16');
INSERT INTO `s8_system_group_priv` VALUES ('855', '2', '1105', '2019-07-04 10:41:16', '2019-07-04 10:41:16');
INSERT INTO `s8_system_group_priv` VALUES ('856', '6', '1089', '2019-07-05 10:30:06', '2019-07-05 10:30:06');
INSERT INTO `s8_system_group_priv` VALUES ('857', '6', '1090', '2019-07-05 10:30:06', '2019-07-05 10:30:06');
INSERT INTO `s8_system_group_priv` VALUES ('858', '6', '1091', '2019-07-05 10:30:06', '2019-07-05 10:30:06');
INSERT INTO `s8_system_group_priv` VALUES ('859', '6', '1092', '2019-07-05 10:30:06', '2019-07-05 10:30:06');
INSERT INTO `s8_system_group_priv` VALUES ('860', '6', '1093', '2019-07-05 10:30:06', '2019-07-05 10:30:06');
INSERT INTO `s8_system_group_priv` VALUES ('861', '6', '1094', '2019-07-05 10:30:06', '2019-07-05 10:30:06');
INSERT INTO `s8_system_group_priv` VALUES ('862', '6', '1100', '2019-07-05 10:30:06', '2019-07-05 10:30:06');
INSERT INTO `s8_system_group_priv` VALUES ('863', '6', '1101', '2019-07-05 10:30:06', '2019-07-05 10:30:06');
INSERT INTO `s8_system_group_priv` VALUES ('864', '6', '1102', '2019-07-05 10:30:06', '2019-07-05 10:30:06');
INSERT INTO `s8_system_group_priv` VALUES ('865', '6', '1103', '2019-07-05 10:30:06', '2019-07-05 10:30:06');
INSERT INTO `s8_system_group_priv` VALUES ('866', '6', '1104', '2019-07-05 10:30:06', '2019-07-05 10:30:06');
INSERT INTO `s8_system_group_priv` VALUES ('867', '6', '1105', '2019-07-05 10:30:06', '2019-07-05 10:30:06');
INSERT INTO `s8_system_group_priv` VALUES ('868', '6', '1046', '2019-07-05 10:30:06', '2019-07-05 10:30:06');
INSERT INTO `s8_system_group_priv` VALUES ('869', '6', '1048', '2019-07-05 10:30:06', '2019-07-05 10:30:06');
INSERT INTO `s8_system_group_priv` VALUES ('870', '6', '1049', '2019-07-05 10:30:06', '2019-07-05 10:30:06');
INSERT INTO `s8_system_group_priv` VALUES ('871', '6', '1050', '2019-07-05 10:30:06', '2019-07-05 10:30:06');
INSERT INTO `s8_system_group_priv` VALUES ('872', '6', '1051', '2019-07-05 10:30:06', '2019-07-05 10:30:06');
INSERT INTO `s8_system_group_priv` VALUES ('873', '6', '1052', '2019-07-05 10:30:06', '2019-07-05 10:30:06');
INSERT INTO `s8_system_group_priv` VALUES ('874', '6', '1056', '2019-07-05 10:30:06', '2019-07-05 10:30:06');
INSERT INTO `s8_system_group_priv` VALUES ('875', '6', '1057', '2019-07-05 10:30:06', '2019-07-05 10:30:06');
INSERT INTO `s8_system_group_priv` VALUES ('876', '6', '1060', '2019-07-05 10:30:06', '2019-07-05 10:30:06');
INSERT INTO `s8_system_group_priv` VALUES ('877', '6', '1061', '2019-07-05 10:30:06', '2019-07-05 10:30:06');
INSERT INTO `s8_system_group_priv` VALUES ('878', '6', '1058', '2019-07-05 10:30:06', '2019-07-05 10:30:06');
INSERT INTO `s8_system_group_priv` VALUES ('879', '6', '1059', '2019-07-05 10:30:06', '2019-07-05 10:30:06');
INSERT INTO `s8_system_group_priv` VALUES ('880', '6', '1053', '2019-07-05 10:30:06', '2019-07-05 10:30:06');
INSERT INTO `s8_system_group_priv` VALUES ('881', '6', '1054', '2019-07-05 10:30:06', '2019-07-05 10:30:06');
INSERT INTO `s8_system_group_priv` VALUES ('882', '6', '1055', '2019-07-05 10:30:06', '2019-07-05 10:30:06');
INSERT INTO `s8_system_group_priv` VALUES ('883', '6', '1062', '2019-07-05 10:30:06', '2019-07-05 10:30:06');
INSERT INTO `s8_system_group_priv` VALUES ('884', '6', '1063', '2019-07-05 10:30:06', '2019-07-05 10:30:06');
INSERT INTO `s8_system_group_priv` VALUES ('885', '6', '1064', '2019-07-05 10:30:06', '2019-07-05 10:30:06');
INSERT INTO `s8_system_group_priv` VALUES ('886', '6', '1065', '2019-07-05 10:30:06', '2019-07-05 10:30:06');
INSERT INTO `s8_system_group_priv` VALUES ('887', '6', '1066', '2019-07-05 10:30:06', '2019-07-05 10:30:06');
INSERT INTO `s8_system_group_priv` VALUES ('888', '6', '1067', '2019-07-05 10:30:06', '2019-07-05 10:30:06');
INSERT INTO `s8_system_group_priv` VALUES ('889', '6', '1068', '2019-07-05 10:30:06', '2019-07-05 10:30:06');
INSERT INTO `s8_system_group_priv` VALUES ('890', '6', '1069', '2019-07-05 10:30:06', '2019-07-05 10:30:06');
INSERT INTO `s8_system_group_priv` VALUES ('891', '6', '1070', '2019-07-05 10:30:06', '2019-07-05 10:30:06');
INSERT INTO `s8_system_group_priv` VALUES ('892', '6', '1071', '2019-07-05 10:30:06', '2019-07-05 10:30:06');
INSERT INTO `s8_system_group_priv` VALUES ('893', '6', '1072', '2019-07-05 10:30:06', '2019-07-05 10:30:06');
INSERT INTO `s8_system_group_priv` VALUES ('894', '6', '1073', '2019-07-05 10:30:06', '2019-07-05 10:30:06');
INSERT INTO `s8_system_group_priv` VALUES ('895', '6', '1074', '2019-07-05 10:30:06', '2019-07-05 10:30:06');
INSERT INTO `s8_system_group_priv` VALUES ('896', '6', '1075', '2019-07-05 10:30:06', '2019-07-05 10:30:06');
INSERT INTO `s8_system_group_priv` VALUES ('897', '6', '1076', '2019-07-05 10:30:06', '2019-07-05 10:30:06');
INSERT INTO `s8_system_group_priv` VALUES ('898', '6', '1077', '2019-07-05 10:30:06', '2019-07-05 10:30:06');
INSERT INTO `s8_system_group_priv` VALUES ('899', '6', '1098', '2019-07-05 10:30:06', '2019-07-05 10:30:06');
INSERT INTO `s8_system_group_priv` VALUES ('900', '6', '1099', '2019-07-05 10:30:06', '2019-07-05 10:30:06');
INSERT INTO `s8_system_group_priv` VALUES ('901', '6', '1078', '2019-07-05 10:30:06', '2019-07-05 10:30:06');
INSERT INTO `s8_system_group_priv` VALUES ('902', '6', '1079', '2019-07-05 10:30:06', '2019-07-05 10:30:06');
INSERT INTO `s8_system_group_priv` VALUES ('903', '6', '1080', '2019-07-05 10:30:06', '2019-07-05 10:30:06');
INSERT INTO `s8_system_group_priv` VALUES ('904', '6', '1081', '2019-07-05 10:30:06', '2019-07-05 10:30:06');
INSERT INTO `s8_system_group_priv` VALUES ('905', '6', '1082', '2019-07-05 10:30:06', '2019-07-05 10:30:06');
INSERT INTO `s8_system_group_priv` VALUES ('906', '6', '1083', '2019-07-05 10:30:06', '2019-07-05 10:30:06');
INSERT INTO `s8_system_group_priv` VALUES ('907', '6', '1084', '2019-07-05 10:30:06', '2019-07-05 10:30:06');
INSERT INTO `s8_system_group_priv` VALUES ('908', '6', '1085', '2019-07-05 10:30:06', '2019-07-05 10:30:06');
INSERT INTO `s8_system_group_priv` VALUES ('909', '6', '1086', '2019-07-05 10:30:06', '2019-07-05 10:30:06');
INSERT INTO `s8_system_group_priv` VALUES ('910', '6', '1087', '2019-07-05 10:30:06', '2019-07-05 10:30:06');
INSERT INTO `s8_system_group_priv` VALUES ('911', '6', '1088', '2019-07-05 10:30:06', '2019-07-05 10:30:06');
INSERT INTO `s8_system_group_priv` VALUES ('912', '6', '1095', '2019-07-05 10:30:06', '2019-07-05 10:30:06');
INSERT INTO `s8_system_group_priv` VALUES ('913', '6', '1096', '2019-07-05 10:30:06', '2019-07-05 10:30:06');
INSERT INTO `s8_system_group_priv` VALUES ('914', '6', '1097', '2019-07-05 10:30:06', '2019-07-05 10:30:06');
INSERT INTO `s8_system_group_priv` VALUES ('915', '6', '1047', '2019-07-05 10:33:06', '2019-07-05 10:33:06');
INSERT INTO `s8_system_group_priv` VALUES ('916', '8', '1062', '2019-07-09 18:02:52', '2019-07-09 18:02:52');
INSERT INTO `s8_system_group_priv` VALUES ('917', '8', '1073', '2019-07-09 18:02:52', '2019-07-09 18:02:52');
INSERT INTO `s8_system_group_priv` VALUES ('918', '7', '1089', '2019-07-09 18:03:15', '2019-07-09 18:03:15');
INSERT INTO `s8_system_group_priv` VALUES ('919', '7', '1090', '2019-07-09 18:03:15', '2019-07-09 18:03:15');
INSERT INTO `s8_system_group_priv` VALUES ('920', '7', '1091', '2019-07-09 18:03:15', '2019-07-09 18:03:15');
INSERT INTO `s8_system_group_priv` VALUES ('921', '7', '1092', '2019-07-09 18:03:15', '2019-07-09 18:03:15');
INSERT INTO `s8_system_group_priv` VALUES ('922', '7', '1093', '2019-07-09 18:03:15', '2019-07-09 18:03:15');
INSERT INTO `s8_system_group_priv` VALUES ('923', '7', '1094', '2019-07-09 18:03:15', '2019-07-09 18:03:15');
INSERT INTO `s8_system_group_priv` VALUES ('924', '7', '1100', '2019-07-09 18:03:15', '2019-07-09 18:03:15');
INSERT INTO `s8_system_group_priv` VALUES ('925', '7', '1101', '2019-07-09 18:03:15', '2019-07-09 18:03:15');
INSERT INTO `s8_system_group_priv` VALUES ('926', '7', '1102', '2019-07-09 18:03:15', '2019-07-09 18:03:15');
INSERT INTO `s8_system_group_priv` VALUES ('927', '7', '1103', '2019-07-09 18:03:15', '2019-07-09 18:03:15');
INSERT INTO `s8_system_group_priv` VALUES ('928', '7', '1104', '2019-07-09 18:03:15', '2019-07-09 18:03:15');
INSERT INTO `s8_system_group_priv` VALUES ('929', '7', '1105', '2019-07-09 18:03:15', '2019-07-09 18:03:15');
INSERT INTO `s8_system_group_priv` VALUES ('930', '7', '1047', '2019-07-09 18:03:15', '2019-07-09 18:03:15');
INSERT INTO `s8_system_group_priv` VALUES ('931', '7', '1058', '2019-07-09 18:03:15', '2019-07-09 18:03:15');
INSERT INTO `s8_system_group_priv` VALUES ('932', '7', '1059', '2019-07-09 18:03:15', '2019-07-09 18:03:15');
INSERT INTO `s8_system_group_priv` VALUES ('933', '7', '1053', '2019-07-09 18:03:15', '2019-07-09 18:03:15');
INSERT INTO `s8_system_group_priv` VALUES ('934', '7', '1054', '2019-07-09 18:03:15', '2019-07-09 18:03:15');
INSERT INTO `s8_system_group_priv` VALUES ('935', '7', '1055', '2019-07-09 18:03:15', '2019-07-09 18:03:15');
INSERT INTO `s8_system_group_priv` VALUES ('936', '5', '1042', '2019-07-09 18:04:16', '2019-07-09 18:04:16');
INSERT INTO `s8_system_group_priv` VALUES ('937', '5', '305', '2019-07-09 18:04:16', '2019-07-09 18:04:16');
INSERT INTO `s8_system_group_priv` VALUES ('938', '5', '306', '2019-07-09 18:04:16', '2019-07-09 18:04:16');
INSERT INTO `s8_system_group_priv` VALUES ('939', '5', '402', '2019-07-09 18:04:16', '2019-07-09 18:04:16');
INSERT INTO `s8_system_group_priv` VALUES ('940', '5', '1037', '2019-07-09 18:04:16', '2019-07-09 18:04:16');
INSERT INTO `s8_system_group_priv` VALUES ('941', '5', '1038', '2019-07-09 18:04:16', '2019-07-09 18:04:16');
INSERT INTO `s8_system_group_priv` VALUES ('942', '5', '1089', '2019-07-09 18:04:16', '2019-07-09 18:04:16');
INSERT INTO `s8_system_group_priv` VALUES ('943', '5', '1090', '2019-07-09 18:04:16', '2019-07-09 18:04:16');
INSERT INTO `s8_system_group_priv` VALUES ('944', '5', '1091', '2019-07-09 18:04:16', '2019-07-09 18:04:16');
INSERT INTO `s8_system_group_priv` VALUES ('945', '5', '1092', '2019-07-09 18:04:16', '2019-07-09 18:04:16');
INSERT INTO `s8_system_group_priv` VALUES ('946', '5', '1093', '2019-07-09 18:04:16', '2019-07-09 18:04:16');
INSERT INTO `s8_system_group_priv` VALUES ('947', '5', '1094', '2019-07-09 18:04:16', '2019-07-09 18:04:16');
INSERT INTO `s8_system_group_priv` VALUES ('948', '5', '1100', '2019-07-09 18:04:16', '2019-07-09 18:04:16');
INSERT INTO `s8_system_group_priv` VALUES ('949', '5', '1101', '2019-07-09 18:04:16', '2019-07-09 18:04:16');
INSERT INTO `s8_system_group_priv` VALUES ('950', '5', '1102', '2019-07-09 18:04:16', '2019-07-09 18:04:16');
INSERT INTO `s8_system_group_priv` VALUES ('951', '5', '1103', '2019-07-09 18:04:16', '2019-07-09 18:04:16');
INSERT INTO `s8_system_group_priv` VALUES ('952', '5', '1104', '2019-07-09 18:04:16', '2019-07-09 18:04:16');
INSERT INTO `s8_system_group_priv` VALUES ('953', '5', '1105', '2019-07-09 18:04:16', '2019-07-09 18:04:16');
INSERT INTO `s8_system_group_priv` VALUES ('954', '5', '1047', '2019-07-09 18:04:16', '2019-07-09 18:04:16');
INSERT INTO `s8_system_group_priv` VALUES ('955', '5', '1058', '2019-07-09 18:04:16', '2019-07-09 18:04:16');
INSERT INTO `s8_system_group_priv` VALUES ('956', '5', '1059', '2019-07-09 18:04:16', '2019-07-09 18:04:16');
INSERT INTO `s8_system_group_priv` VALUES ('957', '5', '1053', '2019-07-09 18:04:16', '2019-07-09 18:04:16');
INSERT INTO `s8_system_group_priv` VALUES ('958', '5', '1054', '2019-07-09 18:04:16', '2019-07-09 18:04:16');
INSERT INTO `s8_system_group_priv` VALUES ('959', '5', '1055', '2019-07-09 18:04:16', '2019-07-09 18:04:16');
INSERT INTO `s8_system_group_priv` VALUES ('960', '4', '201', '2019-07-09 18:04:25', '2019-07-09 18:04:25');
INSERT INTO `s8_system_group_priv` VALUES ('961', '4', '202', '2019-07-09 18:04:25', '2019-07-09 18:04:25');
INSERT INTO `s8_system_group_priv` VALUES ('962', '4', '203', '2019-07-09 18:04:25', '2019-07-09 18:04:25');
INSERT INTO `s8_system_group_priv` VALUES ('963', '4', '204', '2019-07-09 18:04:25', '2019-07-09 18:04:25');
INSERT INTO `s8_system_group_priv` VALUES ('964', '4', '205', '2019-07-09 18:04:25', '2019-07-09 18:04:25');
INSERT INTO `s8_system_group_priv` VALUES ('965', '4', '206', '2019-07-09 18:04:25', '2019-07-09 18:04:25');
INSERT INTO `s8_system_group_priv` VALUES ('966', '4', '1003', '2019-07-09 18:04:25', '2019-07-09 18:04:25');
INSERT INTO `s8_system_group_priv` VALUES ('967', '4', '1042', '2019-07-09 18:04:25', '2019-07-09 18:04:25');
INSERT INTO `s8_system_group_priv` VALUES ('968', '4', '1089', '2019-07-09 18:04:25', '2019-07-09 18:04:25');
INSERT INTO `s8_system_group_priv` VALUES ('969', '4', '1090', '2019-07-09 18:04:25', '2019-07-09 18:04:25');
INSERT INTO `s8_system_group_priv` VALUES ('970', '4', '1091', '2019-07-09 18:04:25', '2019-07-09 18:04:25');
INSERT INTO `s8_system_group_priv` VALUES ('971', '4', '1092', '2019-07-09 18:04:25', '2019-07-09 18:04:25');
INSERT INTO `s8_system_group_priv` VALUES ('972', '4', '1093', '2019-07-09 18:04:25', '2019-07-09 18:04:25');
INSERT INTO `s8_system_group_priv` VALUES ('973', '4', '1094', '2019-07-09 18:04:25', '2019-07-09 18:04:25');
INSERT INTO `s8_system_group_priv` VALUES ('974', '4', '1100', '2019-07-09 18:04:25', '2019-07-09 18:04:25');
INSERT INTO `s8_system_group_priv` VALUES ('975', '4', '1101', '2019-07-09 18:04:25', '2019-07-09 18:04:25');
INSERT INTO `s8_system_group_priv` VALUES ('976', '4', '1102', '2019-07-09 18:04:25', '2019-07-09 18:04:25');
INSERT INTO `s8_system_group_priv` VALUES ('977', '4', '1103', '2019-07-09 18:04:25', '2019-07-09 18:04:25');
INSERT INTO `s8_system_group_priv` VALUES ('978', '4', '1104', '2019-07-09 18:04:25', '2019-07-09 18:04:25');
INSERT INTO `s8_system_group_priv` VALUES ('979', '4', '1105', '2019-07-09 18:04:25', '2019-07-09 18:04:25');
INSERT INTO `s8_system_group_priv` VALUES ('980', '4', '1058', '2019-07-09 18:04:25', '2019-07-09 18:04:25');
INSERT INTO `s8_system_group_priv` VALUES ('981', '4', '1059', '2019-07-09 18:04:25', '2019-07-09 18:04:25');
INSERT INTO `s8_system_group_priv` VALUES ('982', '4', '1053', '2019-07-09 18:04:25', '2019-07-09 18:04:25');
INSERT INTO `s8_system_group_priv` VALUES ('983', '4', '1054', '2019-07-09 18:04:25', '2019-07-09 18:04:25');
INSERT INTO `s8_system_group_priv` VALUES ('984', '4', '1055', '2019-07-09 18:04:25', '2019-07-09 18:04:25');
INSERT INTO `s8_system_group_priv` VALUES ('985', '4', '1062', '2019-07-09 18:04:25', '2019-07-09 18:04:25');
INSERT INTO `s8_system_group_priv` VALUES ('986', '4', '1063', '2019-07-09 18:04:25', '2019-07-09 18:04:25');
INSERT INTO `s8_system_group_priv` VALUES ('987', '4', '1064', '2019-07-09 18:04:25', '2019-07-09 18:04:25');
INSERT INTO `s8_system_group_priv` VALUES ('988', '4', '1065', '2019-07-09 18:04:25', '2019-07-09 18:04:25');
INSERT INTO `s8_system_group_priv` VALUES ('989', '4', '1066', '2019-07-09 18:04:25', '2019-07-09 18:04:25');
INSERT INTO `s8_system_group_priv` VALUES ('990', '4', '1067', '2019-07-09 18:04:25', '2019-07-09 18:04:25');
INSERT INTO `s8_system_group_priv` VALUES ('991', '4', '1068', '2019-07-09 18:04:25', '2019-07-09 18:04:25');
INSERT INTO `s8_system_group_priv` VALUES ('992', '4', '1069', '2019-07-09 18:04:25', '2019-07-09 18:04:25');
INSERT INTO `s8_system_group_priv` VALUES ('993', '4', '1070', '2019-07-09 18:04:25', '2019-07-09 18:04:25');
INSERT INTO `s8_system_group_priv` VALUES ('994', '4', '1071', '2019-07-09 18:04:25', '2019-07-09 18:04:25');
INSERT INTO `s8_system_group_priv` VALUES ('995', '4', '1072', '2019-07-09 18:04:25', '2019-07-09 18:04:25');
INSERT INTO `s8_system_group_priv` VALUES ('996', '4', '1073', '2019-07-09 18:04:25', '2019-07-09 18:04:25');
INSERT INTO `s8_system_group_priv` VALUES ('997', '4', '1049', '2019-07-09 18:04:25', '2019-07-09 18:04:25');
INSERT INTO `s8_system_group_priv` VALUES ('998', '4', '1050', '2019-07-09 18:04:25', '2019-07-09 18:04:25');
INSERT INTO `s8_system_group_priv` VALUES ('999', '4', '1056', '2019-07-09 18:04:25', '2019-07-09 18:04:25');
INSERT INTO `s8_system_group_priv` VALUES ('1000', '4', '1057', '2019-07-09 18:04:25', '2019-07-09 18:04:25');
INSERT INTO `s8_system_group_priv` VALUES ('1001', '4', '1060', '2019-07-09 18:04:25', '2019-07-09 18:04:25');
INSERT INTO `s8_system_group_priv` VALUES ('1002', '4', '1061', '2019-07-09 18:04:25', '2019-07-09 18:04:25');
INSERT INTO `s8_system_group_priv` VALUES ('1003', '4', '1074', '2019-07-09 18:04:25', '2019-07-09 18:04:25');
INSERT INTO `s8_system_group_priv` VALUES ('1004', '4', '1075', '2019-07-09 18:04:25', '2019-07-09 18:04:25');
INSERT INTO `s8_system_group_priv` VALUES ('1005', '4', '1076', '2019-07-09 18:04:25', '2019-07-09 18:04:25');
INSERT INTO `s8_system_group_priv` VALUES ('1006', '4', '1077', '2019-07-09 18:04:25', '2019-07-09 18:04:25');
INSERT INTO `s8_system_group_priv` VALUES ('1007', '4', '1098', '2019-07-09 18:04:25', '2019-07-09 18:04:25');
INSERT INTO `s8_system_group_priv` VALUES ('1008', '4', '1099', '2019-07-09 18:04:25', '2019-07-09 18:04:25');
INSERT INTO `s8_system_group_priv` VALUES ('1009', '4', '1078', '2019-07-09 18:04:25', '2019-07-09 18:04:25');
INSERT INTO `s8_system_group_priv` VALUES ('1010', '4', '1079', '2019-07-09 18:04:25', '2019-07-09 18:04:25');
INSERT INTO `s8_system_group_priv` VALUES ('1011', '4', '1080', '2019-07-09 18:04:25', '2019-07-09 18:04:25');
INSERT INTO `s8_system_group_priv` VALUES ('1012', '4', '1081', '2019-07-09 18:04:25', '2019-07-09 18:04:25');
INSERT INTO `s8_system_group_priv` VALUES ('1013', '4', '1082', '2019-07-09 18:04:25', '2019-07-09 18:04:25');
INSERT INTO `s8_system_group_priv` VALUES ('1014', '4', '1083', '2019-07-09 18:04:25', '2019-07-09 18:04:25');
INSERT INTO `s8_system_group_priv` VALUES ('1015', '4', '1084', '2019-07-09 18:04:25', '2019-07-09 18:04:25');
INSERT INTO `s8_system_group_priv` VALUES ('1016', '4', '1085', '2019-07-09 18:04:25', '2019-07-09 18:04:25');
INSERT INTO `s8_system_group_priv` VALUES ('1017', '4', '1086', '2019-07-09 18:04:25', '2019-07-09 18:04:25');
INSERT INTO `s8_system_group_priv` VALUES ('1018', '4', '1087', '2019-07-09 18:04:25', '2019-07-09 18:04:25');
INSERT INTO `s8_system_group_priv` VALUES ('1019', '4', '1088', '2019-07-09 18:04:25', '2019-07-09 18:04:25');
INSERT INTO `s8_system_group_priv` VALUES ('1020', '4', '1095', '2019-07-09 18:04:25', '2019-07-09 18:04:25');
INSERT INTO `s8_system_group_priv` VALUES ('1021', '4', '1096', '2019-07-09 18:04:25', '2019-07-09 18:04:25');
INSERT INTO `s8_system_group_priv` VALUES ('1022', '4', '1097', '2019-07-09 18:04:25', '2019-07-09 18:04:25');
INSERT INTO `s8_system_group_priv` VALUES ('1023', '3', '1042', '2019-07-09 18:04:35', '2019-07-09 18:04:35');
INSERT INTO `s8_system_group_priv` VALUES ('1024', '3', '402', '2019-07-09 18:04:35', '2019-07-09 18:04:35');
INSERT INTO `s8_system_group_priv` VALUES ('1025', '3', '1089', '2019-07-09 18:04:35', '2019-07-09 18:04:35');
INSERT INTO `s8_system_group_priv` VALUES ('1026', '3', '1090', '2019-07-09 18:04:35', '2019-07-09 18:04:35');
INSERT INTO `s8_system_group_priv` VALUES ('1027', '3', '1091', '2019-07-09 18:04:35', '2019-07-09 18:04:35');
INSERT INTO `s8_system_group_priv` VALUES ('1028', '3', '1092', '2019-07-09 18:04:35', '2019-07-09 18:04:35');
INSERT INTO `s8_system_group_priv` VALUES ('1029', '3', '1093', '2019-07-09 18:04:35', '2019-07-09 18:04:35');
INSERT INTO `s8_system_group_priv` VALUES ('1030', '3', '1094', '2019-07-09 18:04:35', '2019-07-09 18:04:35');
INSERT INTO `s8_system_group_priv` VALUES ('1031', '3', '1100', '2019-07-09 18:04:35', '2019-07-09 18:04:35');
INSERT INTO `s8_system_group_priv` VALUES ('1032', '3', '1101', '2019-07-09 18:04:35', '2019-07-09 18:04:35');
INSERT INTO `s8_system_group_priv` VALUES ('1033', '3', '1102', '2019-07-09 18:04:35', '2019-07-09 18:04:35');
INSERT INTO `s8_system_group_priv` VALUES ('1034', '3', '1103', '2019-07-09 18:04:35', '2019-07-09 18:04:35');
INSERT INTO `s8_system_group_priv` VALUES ('1035', '3', '1104', '2019-07-09 18:04:35', '2019-07-09 18:04:35');
INSERT INTO `s8_system_group_priv` VALUES ('1036', '3', '1105', '2019-07-09 18:04:35', '2019-07-09 18:04:35');
INSERT INTO `s8_system_group_priv` VALUES ('1037', '3', '1058', '2019-07-09 18:04:35', '2019-07-09 18:04:35');
INSERT INTO `s8_system_group_priv` VALUES ('1038', '3', '1059', '2019-07-09 18:04:35', '2019-07-09 18:04:35');
INSERT INTO `s8_system_group_priv` VALUES ('1039', '3', '1098', '2019-07-09 18:04:35', '2019-07-09 18:04:35');
INSERT INTO `s8_system_group_priv` VALUES ('1040', '3', '1099', '2019-07-09 18:04:35', '2019-07-09 18:04:35');
INSERT INTO `s8_system_group_priv` VALUES ('1041', '3', '1095', '2019-07-09 18:04:35', '2019-07-09 18:04:35');
INSERT INTO `s8_system_group_priv` VALUES ('1042', '3', '1096', '2019-07-09 18:04:35', '2019-07-09 18:04:35');
INSERT INTO `s8_system_group_priv` VALUES ('1043', '3', '1097', '2019-07-09 18:04:35', '2019-07-09 18:04:35');
INSERT INTO `s8_system_group_priv` VALUES ('1044', '2', '1042', '2019-07-09 18:04:46', '2019-07-09 18:04:46');
INSERT INTO `s8_system_group_priv` VALUES ('1045', '2', '1058', '2019-07-09 18:04:46', '2019-07-09 18:04:46');
INSERT INTO `s8_system_group_priv` VALUES ('1046', '2', '1059', '2019-07-09 18:04:46', '2019-07-09 18:04:46');
INSERT INTO `s8_system_group_priv` VALUES ('1047', '1', '1034', '2019-07-09 18:04:55', '2019-07-09 18:04:55');
INSERT INTO `s8_system_group_priv` VALUES ('1048', '1', '1035', '2019-07-09 18:04:55', '2019-07-09 18:04:55');
INSERT INTO `s8_system_group_priv` VALUES ('1049', '1', '1036', '2019-07-09 18:04:55', '2019-07-09 18:04:55');
INSERT INTO `s8_system_group_priv` VALUES ('1050', '1', '1058', '2019-07-09 18:04:55', '2019-07-09 18:04:55');
INSERT INTO `s8_system_group_priv` VALUES ('1051', '1', '1059', '2019-07-09 18:04:55', '2019-07-09 18:04:55');
INSERT INTO `s8_system_group_priv` VALUES ('1052', '1', '1053', '2019-07-09 18:04:55', '2019-07-09 18:04:55');
INSERT INTO `s8_system_group_priv` VALUES ('1053', '1', '1054', '2019-07-09 18:04:55', '2019-07-09 18:04:55');
INSERT INTO `s8_system_group_priv` VALUES ('1054', '1', '1055', '2019-07-09 18:04:55', '2019-07-09 18:04:55');
INSERT INTO `s8_system_group_priv` VALUES ('1055', '1', '1106', '2019-07-17 11:49:45', '2019-07-17 11:49:45');
INSERT INTO `s8_system_group_priv` VALUES ('1056', '1', '1107', '2019-07-17 11:49:45', '2019-07-17 11:49:45');
INSERT INTO `s8_system_group_priv` VALUES ('1057', '1', '1108', '2019-07-31 15:44:34', '2019-07-31 15:44:34');
INSERT INTO `s8_system_group_priv` VALUES ('1058', '1', '1109', '2019-07-31 15:44:34', '2019-07-31 15:44:34');
INSERT INTO `s8_system_group_priv` VALUES ('1059', '1', '1110', '2019-07-31 15:44:34', '2019-07-31 15:44:34');
INSERT INTO `s8_system_group_priv` VALUES ('1060', '1', '1111', '2019-07-31 15:44:34', '2019-07-31 15:44:34');
INSERT INTO `s8_system_group_priv` VALUES ('1061', '1', '1112', '2019-07-31 15:44:34', '2019-07-31 15:44:34');
INSERT INTO `s8_system_group_priv` VALUES ('1062', '1', '1113', '2019-07-31 15:44:34', '2019-07-31 15:44:34');
INSERT INTO `s8_system_group_priv` VALUES ('1063', '1', '1114', '2019-07-31 15:44:34', '2019-07-31 15:44:34');
INSERT INTO `s8_system_group_priv` VALUES ('1064', '1', '1115', '2019-07-31 15:44:34', '2019-07-31 15:44:34');
INSERT INTO `s8_system_group_priv` VALUES ('1065', '1', '1116', '2019-07-31 15:44:34', '2019-07-31 15:44:34');
INSERT INTO `s8_system_group_priv` VALUES ('1066', '1', '1117', '2019-07-31 15:44:34', '2019-07-31 15:44:34');
INSERT INTO `s8_system_group_priv` VALUES ('1067', '1', '1118', '2019-07-31 15:44:34', '2019-07-31 15:44:34');
INSERT INTO `s8_system_group_priv` VALUES ('1068', '2', '1108', '2019-07-31 15:44:48', '2019-07-31 15:44:48');
INSERT INTO `s8_system_group_priv` VALUES ('1069', '2', '1109', '2019-07-31 15:44:48', '2019-07-31 15:44:48');
INSERT INTO `s8_system_group_priv` VALUES ('1070', '2', '1110', '2019-07-31 15:44:48', '2019-07-31 15:44:48');
INSERT INTO `s8_system_group_priv` VALUES ('1071', '2', '1111', '2019-07-31 15:44:48', '2019-07-31 15:44:48');
INSERT INTO `s8_system_group_priv` VALUES ('1072', '2', '1112', '2019-07-31 15:44:48', '2019-07-31 15:44:48');
INSERT INTO `s8_system_group_priv` VALUES ('1073', '2', '1113', '2019-07-31 15:44:48', '2019-07-31 15:44:48');
INSERT INTO `s8_system_group_priv` VALUES ('1074', '2', '1114', '2019-07-31 15:44:48', '2019-07-31 15:44:48');
INSERT INTO `s8_system_group_priv` VALUES ('1075', '2', '1115', '2019-07-31 15:44:48', '2019-07-31 15:44:48');
INSERT INTO `s8_system_group_priv` VALUES ('1076', '2', '1116', '2019-07-31 15:44:48', '2019-07-31 15:44:48');
INSERT INTO `s8_system_group_priv` VALUES ('1077', '2', '1117', '2019-07-31 15:44:48', '2019-07-31 15:44:48');
INSERT INTO `s8_system_group_priv` VALUES ('1078', '2', '1118', '2019-07-31 15:44:48', '2019-07-31 15:44:48');
INSERT INTO `s8_system_group_priv` VALUES ('1079', '1', '1119', '2019-07-31 15:55:53', '2019-07-31 15:55:53');
INSERT INTO `s8_system_group_priv` VALUES ('1080', '1', '1120', '2019-07-31 15:55:53', '2019-07-31 15:55:53');

-- ----------------------------
-- Table structure for s8_system_menu
-- ----------------------------
DROP TABLE IF EXISTS `s8_system_menu`;
CREATE TABLE `s8_system_menu` (
  `sm_id` int(11) NOT NULL AUTO_INCREMENT,
  `sm_label` char(16) NOT NULL DEFAULT '' COMMENT '菜单名称',
  `sm_view` varchar(32) NOT NULL DEFAULT '' COMMENT '菜单前端对应目录',
  `sm_icon` varchar(64) NOT NULL DEFAULT '' COMMENT '菜单logo',
  `sort_by` int(11) NOT NULL DEFAULT 0 COMMENT '排序',
  `is_show_sidebar` tinyint(1) NOT NULL DEFAULT 1 COMMENT '是否显示',
  `sm_status` int(1) NOT NULL DEFAULT 0 COMMENT '菜单状态',
  `sm_parent_id` int(11) NOT NULL DEFAULT 0 COMMENT '父菜单id',
  `sm_set_or_business` tinyint(1) NOT NULL DEFAULT 0 COMMENT '菜单属于系统设置还是业务，默认0：业务，1：系统设置',
  `created_at` datetime DEFAULT NULL,
  `updated_at` datetime DEFAULT NULL,
  PRIMARY KEY (`sm_id`) USING BTREE
) ENGINE=InnoDB AUTO_INCREMENT=107 DEFAULT CHARSET=utf8mb4;

-- ----------------------------
-- Records of s8_system_menu
-- ----------------------------
INSERT INTO `s8_system_menu` VALUES ('1', '系统设置', 'system', '', '0', '1', '0', '0', '1', '2019-01-04 16:21:08', '2019-01-04 16:21:08');
INSERT INTO `s8_system_menu` VALUES ('2', '管理员维护', 'admins', '', '0', '1', '0', '1', '1', '2019-01-04 16:21:08', '2019-01-04 16:21:08');
INSERT INTO `s8_system_menu` VALUES ('3', '角色列表', 'groups', '', '0', '1', '0', '1', '1', '2019-01-04 16:21:08', '2019-01-04 16:21:08');
INSERT INTO `s8_system_menu` VALUES ('4', '菜单列表', 'menus', '', '0', '1', '0', '1', '1', '2019-01-04 16:21:08', '2019-01-04 16:21:08');
INSERT INTO `s8_system_menu` VALUES ('5', '权限列表', 'privileges', '', '0', '1', '0', '1', '1', '2019-01-04 16:21:08', '2019-01-04 16:21:08');
INSERT INTO `s8_system_menu` VALUES ('10', '回溯分析', 'backtracking', 'layui-icon-theme', '1', '1', '0', '0', '0', '2019-01-04 16:21:08', '2019-07-31 12:12:29');
INSERT INTO `s8_system_menu` VALUES ('11', '应用威胁回溯', 'threat', '', '0', '1', '0', '10', '0', '2019-01-04 16:21:08', '2019-08-15 14:33:14');
INSERT INTO `s8_system_menu` VALUES ('34', '日志追踪', 'access', '', '11', '1', '0', '10', '0', '2019-01-04 16:21:08', '2019-08-15 14:33:18');
INSERT INTO `s8_system_menu` VALUES ('36', '应用智能引擎', 'web', 'layui-icon-biaoge', '0', '1', '0', '39', '0', '2019-01-04 16:21:08', '2019-08-15 14:33:42');
INSERT INTO `s8_system_menu` VALUES ('39', '智能引擎设置', 'engine', 'layui-icon-yinqing', '45', '1', '0', '0', '0', '2019-01-07 16:54:06', '2019-07-31 13:37:24');
INSERT INTO `s8_system_menu` VALUES ('40', '告警中心', 'alarm', 'layui-icon-zuoduiqi', '76', '1', '0', '0', '0', '2019-01-07 17:58:38', '2019-07-31 12:37:58');
INSERT INTO `s8_system_menu` VALUES ('45', '高级搜索', 'search', 'layui-icon-template-1', '10', '1', '0', '0', '0', '2019-01-14 16:38:32', '2019-07-31 12:29:56');
INSERT INTO `s8_system_menu` VALUES ('46', '自定义搜索', 'custom', '', '0', '1', '0', '45', '0', '2019-01-14 16:39:00', '2019-07-31 12:30:07');
INSERT INTO `s8_system_menu` VALUES ('48', '拦截器状态', 'agent', '', '36', '1', '0', '39', '0', '2019-01-14 18:35:23', '2019-08-15 14:33:50');
INSERT INTO `s8_system_menu` VALUES ('58', '搜索管理', 'manage', 'layui-icon-user', '46', '1', '0', '45', '0', '2019-01-22 10:36:04', '2019-07-31 12:31:10');
INSERT INTO `s8_system_menu` VALUES ('65', '游戏列表', 'system-game', '', '5', '1', '0', '1', '1', '2019-02-11 11:14:31', '2019-02-11 11:14:40');
INSERT INTO `s8_system_menu` VALUES ('76', '数据管理', 'data', 'layui-icon-baobiao', '39', '1', '0', '0', '1', '2019-05-16 11:01:10', '2019-08-06 15:00:10');
INSERT INTO `s8_system_menu` VALUES ('77', '日志对接', 'log', '', '0', '1', '0', '76', '0', '2019-05-16 11:06:23', '2019-08-15 14:34:22');
INSERT INTO `s8_system_menu` VALUES ('78', '索引管理', 'index', '', '77', '1', '0', '76', '0', '2019-05-17 15:54:04', '2019-07-31 12:36:58');
INSERT INTO `s8_system_menu` VALUES ('93', '告警管理', 'manage', '', '0', '1', '0', '40', '0', '2019-06-24 11:29:00', '2019-07-31 13:33:45');
INSERT INTO `s8_system_menu` VALUES ('94', '告警日志', 'log', '', '93', '1', '0', '40', '0', '2019-06-24 16:24:22', '2019-07-31 12:39:32');
INSERT INTO `s8_system_menu` VALUES ('95', '系统日志', 'sys-logs', 'layui-icon-zuoduiqi', '40', '1', '0', '0', '0', '2019-06-26 18:09:20', '2019-06-26 18:09:20');
INSERT INTO `s8_system_menu` VALUES ('96', '操作日志', 'operation-log', '', '0', '1', '0', '95', '0', '2019-06-26 18:09:32', '2019-06-26 18:09:32');
INSERT INTO `s8_system_menu` VALUES ('106', '引擎规则', 'rule', '', '48', '1', '0', '39', '0', '2019-07-31 15:41:00', '2019-07-31 15:41:00');

-- ----------------------------
-- Table structure for s8_system_priv
-- ----------------------------
DROP TABLE IF EXISTS `s8_system_priv`;
CREATE TABLE `s8_system_priv` (
  `sp_id` int(11) NOT NULL AUTO_INCREMENT,
  `sm_id` int(11) NOT NULL DEFAULT 0 COMMENT '菜单id',
  `sp_label` varchar(16) NOT NULL DEFAULT '' COMMENT '权限名称',
  `sp_module` varchar(32) NOT NULL DEFAULT '' COMMENT '权限对应模块',
  `sp_controller` varchar(32) NOT NULL DEFAULT '' COMMENT '权限对应控制器',
  `sp_action` varchar(32) NOT NULL DEFAULT '' COMMENT '权限对应方法',
  `sp_parent_id` int(11) NOT NULL DEFAULT 0 COMMENT '权限父id',
  `sp_set_or_business` tinyint(1) NOT NULL DEFAULT 0 COMMENT '权限属于系统设置还是业务，默认0：业务，1：系统设置',
  `created_at` datetime DEFAULT NULL,
  `updated_at` datetime DEFAULT NULL,
  PRIMARY KEY (`sp_id`) USING BTREE
) ENGINE=InnoDB AUTO_INCREMENT=1121 DEFAULT CHARSET=utf8mb4;

-- ----------------------------
-- Records of s8_system_priv
-- ----------------------------
INSERT INTO `s8_system_priv` VALUES ('1', '1', '系统管理', 'main', 'main', 'main', '0', '1', '2019-01-04 16:21:08', '2019-01-04 16:21:08');
INSERT INTO `s8_system_priv` VALUES ('2', '2', '管理员维护', 'main', 'main', 'main', '1', '1', '2019-01-04 16:21:08', '2019-01-04 16:21:08');
INSERT INTO `s8_system_priv` VALUES ('3', '2', '管理员列表', 'admin', 'admin-user', 'index', '2', '1', '2019-01-04 16:21:08', '2019-01-04 16:21:08');
INSERT INTO `s8_system_priv` VALUES ('4', '2', '添加管理员', 'admin', 'admin-user', 'create', '2', '1', '2019-01-04 16:21:08', '2019-01-04 16:21:08');
INSERT INTO `s8_system_priv` VALUES ('5', '2', '修改管理员', 'admin', 'admin-user', 'update', '2', '1', '2019-01-04 16:21:08', '2019-01-04 16:21:08');
INSERT INTO `s8_system_priv` VALUES ('6', '2', '删除管理员', 'admin', 'admin-user', 'delete', '2', '1', '2019-01-04 16:21:08', '2019-01-04 16:21:08');
INSERT INTO `s8_system_priv` VALUES ('7', '3', '角色维护', 'main', 'main', 'main', '1', '1', '2019-01-04 16:21:08', '2019-01-04 16:21:08');
INSERT INTO `s8_system_priv` VALUES ('8', '3', '角色列表', 'admin', 'system-group', 'index', '7', '1', '2019-01-04 16:21:08', '2019-01-04 16:21:08');
INSERT INTO `s8_system_priv` VALUES ('9', '3', '添加角色', 'admin', 'system-group', 'create', '7', '1', '2019-01-04 16:21:08', '2019-01-04 16:21:08');
INSERT INTO `s8_system_priv` VALUES ('10', '3', '修改角色', 'admin', 'system-group', 'update', '7', '1', '2019-01-04 16:21:08', '2019-01-04 16:21:08');
INSERT INTO `s8_system_priv` VALUES ('11', '3', '删除角色', 'admin', 'system-group', 'delete', '7', '1', '2019-01-04 16:21:08', '2019-01-04 16:21:08');
INSERT INTO `s8_system_priv` VALUES ('12', '3', '角色权限列表', 'admin', 'system-group', 'group-privilege-list', '7', '1', '2019-01-04 16:21:08', '2019-01-04 16:21:08');
INSERT INTO `s8_system_priv` VALUES ('13', '3', '角色权限修改', 'admin', 'system-group', 'group-privilege-update', '7', '1', '2019-01-04 16:21:08', '2019-01-04 16:21:08');
INSERT INTO `s8_system_priv` VALUES ('14', '4', '菜单维护', 'main', 'main', 'main', '1', '1', '2019-01-04 16:21:08', '2019-01-04 16:21:08');
INSERT INTO `s8_system_priv` VALUES ('15', '4', '菜单列表', 'admin', 'menu', 'index', '14', '1', '2019-01-04 16:21:08', '2019-01-04 16:21:08');
INSERT INTO `s8_system_priv` VALUES ('16', '4', '添加菜单', 'admin', 'menu', 'create', '14', '1', '2019-01-04 16:21:08', '2019-01-04 16:21:08');
INSERT INTO `s8_system_priv` VALUES ('17', '4', '修改菜单', 'admin', 'menu', 'update', '14', '1', '2019-01-04 16:21:08', '2019-01-04 16:21:08');
INSERT INTO `s8_system_priv` VALUES ('18', '4', '删除菜单', 'admin', 'menu', 'delete', '14', '1', '2019-01-04 16:21:08', '2019-01-04 16:21:08');
INSERT INTO `s8_system_priv` VALUES ('19', '5', '权限维护', 'main', 'main', 'main', '1', '1', '2019-01-04 16:21:08', '2019-01-04 16:21:08');
INSERT INTO `s8_system_priv` VALUES ('20', '5', '权限列表', 'admin', 'privilege', 'index', '19', '1', '2019-01-04 16:21:08', '2019-01-04 16:21:08');
INSERT INTO `s8_system_priv` VALUES ('21', '5', '添加权限', 'admin', 'privilege', 'create', '19', '1', '2019-01-04 16:21:08', '2019-01-04 16:21:08');
INSERT INTO `s8_system_priv` VALUES ('22', '5', '修改权限', 'admin', 'privilege', 'update', '19', '1', '2019-01-04 16:21:08', '2019-01-04 16:21:08');
INSERT INTO `s8_system_priv` VALUES ('23', '5', '删除权限', 'admin', 'privilege', 'delete', '19', '1', '2019-01-04 16:21:08', '2019-01-04 16:21:08');
INSERT INTO `s8_system_priv` VALUES ('200', '10', '回溯分析', 'main', 'main', 'main', '0', '0', '2019-01-04 16:21:08', '2019-07-31 13:18:33');
INSERT INTO `s8_system_priv` VALUES ('201', '11', '应用威胁回溯', 'main', 'main', 'main', '200', '0', '2019-01-04 16:21:08', '2019-07-31 13:18:47');
INSERT INTO `s8_system_priv` VALUES ('202', '11', '应用威胁回溯', 'index', 'backtracking', 'threat-list', '201', '0', '2019-01-04 16:21:08', '2019-07-31 14:01:51');
INSERT INTO `s8_system_priv` VALUES ('203', '11', '日志追踪', 'index', 'backtracking', 'log', '201', '0', '2019-01-04 16:21:08', '2019-07-31 14:06:11');
INSERT INTO `s8_system_priv` VALUES ('211', '34', '日志追踪', 'main', 'main', 'main', '200', '0', '2019-01-04 16:21:08', '2019-08-06 14:55:55');
INSERT INTO `s8_system_priv` VALUES ('212', '34', '日志追踪', 'index', 'backtracking', 'access-list', '211', '0', '2019-01-04 16:21:08', '2019-08-06 14:56:05');
INSERT INTO `s8_system_priv` VALUES ('300', '36', '自定义搜索', 'main', 'main', 'main', '1001', '0', '2019-01-04 16:21:08', '2019-07-31 13:22:16');
INSERT INTO `s8_system_priv` VALUES ('301', '46', '自定义搜索', 'index', 'search', '自定义搜索', '300', '0', '2019-01-04 16:21:08', '2019-07-31 13:22:51');
INSERT INTO `s8_system_priv` VALUES ('400', '58', '搜索管理', 'main', 'main', 'main', '1001', '0', '2019-01-04 16:21:08', '2019-07-31 13:24:01');
INSERT INTO `s8_system_priv` VALUES ('401', '58', '搜索管理', 'main', 'main', 'main', '400', '0', '2019-01-04 16:21:08', '2019-07-31 13:24:08');
INSERT INTO `s8_system_priv` VALUES ('402', '58', '搜索管理', 'index', 'search', 'manage', '401', '0', '2019-01-04 16:21:08', '2019-07-31 14:01:29');
INSERT INTO `s8_system_priv` VALUES ('403', '58', '搜索添加', 'index', 'search', 'add', '401', '0', '2019-01-04 16:21:08', '2019-07-31 14:07:47');
INSERT INTO `s8_system_priv` VALUES ('1001', '39', '高级搜索', 'main', 'main', 'main', '0', '0', '2019-01-04 16:21:08', '2019-07-31 13:21:58');
INSERT INTO `s8_system_priv` VALUES ('1004', '58', '搜索删除', 'index', 'search', 'delete', '401', '0', null, '2019-07-31 14:08:17');
INSERT INTO `s8_system_priv` VALUES ('1016', '39', '智能引擎设置', 'main', 'main', 'main', '0', '0', null, '2019-07-31 13:25:55');
INSERT INTO `s8_system_priv` VALUES ('1020', '76', '数据管理', 'main', 'main', 'main', '0', '0', '2019-01-14 16:39:57', '2019-07-31 13:28:01');
INSERT INTO `s8_system_priv` VALUES ('1021', '77', '日志对接', 'main', 'main', 'main', '1020', '0', '2019-01-14 16:40:10', '2019-07-31 13:28:09');
INSERT INTO `s8_system_priv` VALUES ('1022', '77', '日志对接', 'index', 'data', 'loglist', '1021', '0', '2019-01-14 16:40:52', '2019-07-31 13:35:36');
INSERT INTO `s8_system_priv` VALUES ('1023', '78', '索引管理', 'main', 'main', 'main', '1020', '0', '2019-01-22 10:38:25', '2019-07-31 13:28:51');
INSERT INTO `s8_system_priv` VALUES ('1024', '78', '索引管理', 'index', 'data', 'index', '1023', '0', '2019-01-22 10:38:51', '2019-07-31 13:35:42');
INSERT INTO `s8_system_priv` VALUES ('1034', '65', '游戏列表', 'main', 'main', 'main', '1', '1', '2019-02-11 11:15:43', '2019-02-11 11:15:43');
INSERT INTO `s8_system_priv` VALUES ('1035', '65', '游戏列表', 'admin', 'system-game', 'index', '1034', '1', '2019-02-11 11:16:07', '2019-02-11 11:16:07');
INSERT INTO `s8_system_priv` VALUES ('1036', '65', '设置游戏', 'admin', 'system-game', 'create', '1034', '1', '2019-02-11 11:16:33', '2019-02-11 11:16:33');
INSERT INTO `s8_system_priv` VALUES ('1062', '76', '告警中心', 'main', 'main', 'main', '0', '0', '2019-05-16 11:08:43', '2019-07-31 13:29:22');
INSERT INTO `s8_system_priv` VALUES ('1063', '77', '告警管理', 'main', 'main', 'main', '1062', '0', '2019-05-16 11:09:14', '2019-07-31 13:29:29');
INSERT INTO `s8_system_priv` VALUES ('1064', '93', '告警管理', 'index', 'alarm', 'manage', '1063', '0', '2019-05-16 11:10:30', '2019-07-31 13:33:47');
INSERT INTO `s8_system_priv` VALUES ('1065', '78', '告警日志', 'main', 'main', 'main', '1062', '0', '2019-05-17 15:55:39', '2019-07-31 13:29:48');
INSERT INTO `s8_system_priv` VALUES ('1066', '78', '告警日志', 'index', 'alarm', 'log', '1065', '0', '2019-05-17 15:56:16', '2019-07-31 13:32:56');
INSERT INTO `s8_system_priv` VALUES ('1089', '36', '应用智能引擎', 'main', 'main', 'main', '1016', '0', '2019-06-24 11:36:48', '2019-07-31 14:24:24');
INSERT INTO `s8_system_priv` VALUES ('1090', '36', '应用智能引擎', 'main', 'main', 'main', '1089', '0', '2019-06-24 11:37:07', '2019-07-31 14:11:48');
INSERT INTO `s8_system_priv` VALUES ('1092', '48', '主动进化引擎', 'main', 'main', 'main', '1016', '0', '2019-06-24 16:25:17', '2019-07-31 14:24:18');
INSERT INTO `s8_system_priv` VALUES ('1093', '48', '主动进化引擎', 'main', 'main', 'main', '1092', '0', '2019-06-24 16:26:32', '2019-07-31 14:24:11');
INSERT INTO `s8_system_priv` VALUES ('1095', '95', '系统日志', 'main', 'main', 'main', '0', '0', '2019-06-26 18:10:44', '2019-06-26 18:10:44');
INSERT INTO `s8_system_priv` VALUES ('1096', '96', '操作日志', 'main', 'main', 'main', '1095', '0', '2019-06-26 18:11:05', '2019-06-26 18:11:05');
INSERT INTO `s8_system_priv` VALUES ('1097', '96', '操作日志', 'index', 'operation-log', 'index', '1096', '0', '2019-06-26 18:11:27', '2019-07-31 13:32:19');
INSERT INTO `s8_system_priv` VALUES ('1108', '36', '应用智能引擎', 'index', 'engine', 'web-list', '1090', '0', '2019-07-31 14:11:39', '2019-07-31 17:17:36');
INSERT INTO `s8_system_priv` VALUES ('1109', '36', '新建业务', 'index', 'engine', 'web-add', '1090', '0', '2019-07-31 14:13:16', '2019-07-31 14:14:42');
INSERT INTO `s8_system_priv` VALUES ('1110', '36', '修改业务', 'index', 'engine', 'web-edit', '1090', '0', '2019-07-31 14:14:28', '2019-07-31 14:15:05');
INSERT INTO `s8_system_priv` VALUES ('1111', '36', '删除业务', 'index', 'engine', 'web-delete', '1090', '0', '2019-07-31 14:15:31', '2019-07-31 14:15:31');
INSERT INTO `s8_system_priv` VALUES ('1112', '36', '添加域名', 'index', 'engine', 'domain-add', '1090', '0', '2019-07-31 14:16:50', '2019-07-31 14:16:50');
INSERT INTO `s8_system_priv` VALUES ('1113', '36', '域名配置', 'index', 'engine', 'domain-edit', '1090', '0', '2019-07-31 14:17:33', '2019-07-31 14:38:41');
INSERT INTO `s8_system_priv` VALUES ('1114', '36', '删除域名', 'index', 'engine', 'domain-delete', '1090', '0', '2019-07-31 14:18:06', '2019-07-31 14:18:06');
INSERT INTO `s8_system_priv` VALUES ('1115', '48', '主动进化引擎', 'index', 'engine', 'ai', '1093', '0', '2019-07-31 14:23:43', '2019-07-31 14:23:56');
INSERT INTO `s8_system_priv` VALUES ('1116', '106', '引擎规则', 'main', 'main', 'main', '1016', '0', '2019-07-31 15:42:47', '2019-07-31 15:42:47');
INSERT INTO `s8_system_priv` VALUES ('1117', '106', '引擎规则', 'main', 'main', 'main', '1116', '0', '2019-07-31 15:43:48', '2019-07-31 15:43:48');
INSERT INTO `s8_system_priv` VALUES ('1118', '106', '引擎规则', 'main', 'main', 'main', '1117', '0', '2019-07-31 15:44:04', '2019-07-31 15:54:46');
INSERT INTO `s8_system_priv` VALUES ('1119', '106', '查看引擎规则', 'index', 'engine', 'rule-view', '1118', '0', '2019-07-31 15:54:39', '2019-07-31 15:55:22');
INSERT INTO `s8_system_priv` VALUES ('1120', '106', '更新引擎规则', 'index', 'engine', 'rule-update', '1118', '0', '2019-07-31 15:55:15', '2019-07-31 15:55:15');
