use integration_background;
set names utf8;


-- ----------------------------
-- Table structure for s9_admin
-- ----------------------------
DROP TABLE IF EXISTS `s9_admin`;
CREATE TABLE `s9_admin` (
  `system_ad_uid` int(11) NOT NULL AUTO_INCREMENT,
  `ad_uid` int(11) NOT NULL DEFAULT 0 COMMENT '用户id',
  `token_id` char(32) NOT NULL DEFAULT '' COMMENT '业务后台token_id',
  `setting_token_id` char(32) NOT NULL DEFAULT '' COMMENT '维护后台token_id',
  `created_at` datetime DEFAULT NULL,
  `updated_at` datetime DEFAULT NULL,
  PRIMARY KEY (`system_ad_uid`)
) ENGINE=InnoDB AUTO_INCREMENT=166 DEFAULT CHARSET=utf8mb4;

-- ----------------------------
-- Records of s9_admin
-- ----------------------------
INSERT INTO `s9_admin` VALUES ('1', '2', '478f4988388a521b4e59cd55634b2c7c', 'cd907a9c91c099b7043aeb4327151b43', null, '2019-08-28 10:41:52');
INSERT INTO `s9_admin` VALUES ('2', '293', '', '', '2019-08-27 20:14:46', '2019-08-27 20:14:46');
INSERT INTO `s9_admin` VALUES ('3', '294', '', '', '2019-08-27 20:14:46', '2019-08-27 20:14:46');
INSERT INTO `s9_admin` VALUES ('4', '295', '', '', '2019-08-27 20:14:46', '2019-08-27 20:14:46');
INSERT INTO `s9_admin` VALUES ('5', '296', '', '', '2019-08-27 20:14:46', '2019-08-27 20:14:46');
INSERT INTO `s9_admin` VALUES ('6', '297', '', '', '2019-08-27 20:14:46', '2019-08-27 20:14:46');
INSERT INTO `s9_admin` VALUES ('7', '298', '', '', '2019-08-27 20:14:46', '2019-08-27 20:14:46');
INSERT INTO `s9_admin` VALUES ('8', '299', '', '', '2019-08-27 20:14:46', '2019-08-27 20:14:46');
INSERT INTO `s9_admin` VALUES ('9', '300', '', '', '2019-08-27 20:14:46', '2019-08-27 20:14:46');
INSERT INTO `s9_admin` VALUES ('10', '301', '', '', '2019-08-27 20:14:46', '2019-08-27 20:14:46');
INSERT INTO `s9_admin` VALUES ('11', '302', '', '', '2019-08-27 20:14:46', '2019-08-27 20:14:46');
INSERT INTO `s9_admin` VALUES ('12', '303', '', '', '2019-08-27 20:14:46', '2019-08-27 20:14:46');
INSERT INTO `s9_admin` VALUES ('13', '304', '', '', '2019-08-27 20:14:46', '2019-08-27 20:14:46');
INSERT INTO `s9_admin` VALUES ('14', '305', '', '', '2019-08-27 20:14:46', '2019-08-27 20:14:46');
INSERT INTO `s9_admin` VALUES ('15', '306', '', '', '2019-08-27 20:14:46', '2019-08-27 20:14:46');
INSERT INTO `s9_admin` VALUES ('16', '307', '', '', '2019-08-27 20:14:46', '2019-08-27 20:14:46');
INSERT INTO `s9_admin` VALUES ('17', '308', '', '', '2019-08-27 20:14:46', '2019-08-27 20:14:46');
INSERT INTO `s9_admin` VALUES ('18', '309', '', '', '2019-08-27 20:14:46', '2019-08-27 20:14:46');
INSERT INTO `s9_admin` VALUES ('19', '310', '', '', '2019-08-27 20:14:46', '2019-08-27 20:14:46');
INSERT INTO `s9_admin` VALUES ('20', '311', '', '', '2019-08-27 20:14:46', '2019-08-27 20:14:46');
INSERT INTO `s9_admin` VALUES ('21', '312', '', '', '2019-08-27 20:14:46', '2019-08-27 20:14:46');
INSERT INTO `s9_admin` VALUES ('22', '313', '', '', '2019-08-27 20:14:46', '2019-08-27 20:14:46');
INSERT INTO `s9_admin` VALUES ('23', '314', '', '', '2019-08-27 20:14:46', '2019-08-27 20:14:46');
INSERT INTO `s9_admin` VALUES ('24', '315', '', '', '2019-08-27 20:14:46', '2019-08-27 20:14:46');
INSERT INTO `s9_admin` VALUES ('25', '316', '', '', '2019-08-27 20:14:46', '2019-08-27 20:14:46');
INSERT INTO `s9_admin` VALUES ('26', '317', '', '', '2019-08-27 20:14:46', '2019-08-27 20:14:46');
INSERT INTO `s9_admin` VALUES ('27', '318', '', '', '2019-08-27 20:14:46', '2019-08-27 20:14:46');
INSERT INTO `s9_admin` VALUES ('28', '319', '', '', '2019-08-27 20:14:46', '2019-08-27 20:14:46');
INSERT INTO `s9_admin` VALUES ('29', '320', '', '', '2019-08-27 20:14:46', '2019-08-27 20:14:46');
INSERT INTO `s9_admin` VALUES ('30', '321', '', '', '2019-08-27 20:14:46', '2019-08-27 20:14:46');
INSERT INTO `s9_admin` VALUES ('31', '322', '', '', '2019-08-27 20:14:46', '2019-08-27 20:14:46');
INSERT INTO `s9_admin` VALUES ('32', '323', '', '', '2019-08-27 20:14:46', '2019-08-27 20:14:46');
INSERT INTO `s9_admin` VALUES ('33', '324', '', '', '2019-08-27 20:14:46', '2019-08-27 20:14:46');
INSERT INTO `s9_admin` VALUES ('34', '325', '', '', '2019-08-27 20:14:46', '2019-08-27 20:14:46');
INSERT INTO `s9_admin` VALUES ('35', '326', '', '', '2019-08-27 20:14:46', '2019-08-27 20:14:46');
INSERT INTO `s9_admin` VALUES ('36', '327', '', '', '2019-08-27 20:14:46', '2019-08-27 20:14:46');
INSERT INTO `s9_admin` VALUES ('37', '328', '', '', '2019-08-27 20:14:46', '2019-08-27 20:14:46');
INSERT INTO `s9_admin` VALUES ('38', '329', '', '', '2019-08-27 20:14:46', '2019-08-27 20:14:46');
INSERT INTO `s9_admin` VALUES ('39', '330', '', '', '2019-08-27 20:14:46', '2019-08-27 20:14:46');
INSERT INTO `s9_admin` VALUES ('40', '331', '', '', '2019-08-27 20:14:46', '2019-08-27 20:14:46');
INSERT INTO `s9_admin` VALUES ('41', '332', '', '', '2019-08-27 20:14:46', '2019-08-27 20:14:46');
INSERT INTO `s9_admin` VALUES ('42', '333', '', '', '2019-08-27 20:14:46', '2019-08-27 20:14:46');
INSERT INTO `s9_admin` VALUES ('43', '334', '', '', '2019-08-27 20:14:46', '2019-08-27 20:14:46');
INSERT INTO `s9_admin` VALUES ('44', '335', '', '', '2019-08-27 20:14:46', '2019-08-27 20:14:46');
INSERT INTO `s9_admin` VALUES ('45', '336', '', '', '2019-08-27 20:14:46', '2019-08-27 20:14:46');
INSERT INTO `s9_admin` VALUES ('46', '337', '', '', '2019-08-27 20:14:46', '2019-08-27 20:14:46');
INSERT INTO `s9_admin` VALUES ('47', '338', '', '', '2019-08-27 20:14:46', '2019-08-27 20:14:46');
INSERT INTO `s9_admin` VALUES ('48', '339', '', '', '2019-08-27 20:14:46', '2019-08-27 20:14:46');
INSERT INTO `s9_admin` VALUES ('49', '340', '', '', '2019-08-27 20:14:46', '2019-08-27 20:14:46');
INSERT INTO `s9_admin` VALUES ('50', '341', '', '', '2019-08-27 20:14:46', '2019-08-27 20:14:46');
INSERT INTO `s9_admin` VALUES ('51', '342', '', '', '2019-08-27 20:14:46', '2019-08-27 20:14:46');
INSERT INTO `s9_admin` VALUES ('52', '343', '', '', '2019-08-27 20:14:46', '2019-08-27 20:14:46');
INSERT INTO `s9_admin` VALUES ('53', '344', '', '', '2019-08-27 20:14:46', '2019-08-27 20:14:46');
INSERT INTO `s9_admin` VALUES ('54', '345', '', '', '2019-08-27 20:14:46', '2019-08-27 20:14:46');
INSERT INTO `s9_admin` VALUES ('55', '346', '', '', '2019-08-27 20:14:46', '2019-08-27 20:14:46');
INSERT INTO `s9_admin` VALUES ('56', '347', '', '', '2019-08-27 20:14:46', '2019-08-27 20:14:46');
INSERT INTO `s9_admin` VALUES ('57', '348', '', '', '2019-08-27 20:14:46', '2019-08-27 20:14:46');
INSERT INTO `s9_admin` VALUES ('58', '349', '', '', '2019-08-27 20:14:46', '2019-08-27 20:14:46');
INSERT INTO `s9_admin` VALUES ('59', '350', '', '', '2019-08-27 20:14:46', '2019-08-27 20:14:46');
INSERT INTO `s9_admin` VALUES ('60', '351', '', '', '2019-08-27 20:14:46', '2019-08-27 20:14:46');
INSERT INTO `s9_admin` VALUES ('61', '352', '', '', '2019-08-27 20:14:47', '2019-08-27 20:14:47');
INSERT INTO `s9_admin` VALUES ('62', '353', '', '', '2019-08-27 20:14:47', '2019-08-27 20:14:47');
INSERT INTO `s9_admin` VALUES ('63', '354', '', '', '2019-08-27 20:14:47', '2019-08-27 20:14:47');
INSERT INTO `s9_admin` VALUES ('64', '355', '', '', '2019-08-27 20:14:47', '2019-08-27 20:14:47');
INSERT INTO `s9_admin` VALUES ('65', '356', '', '', '2019-08-27 20:14:47', '2019-08-27 20:14:47');
INSERT INTO `s9_admin` VALUES ('66', '357', '', '', '2019-08-27 20:14:47', '2019-08-27 20:14:47');
INSERT INTO `s9_admin` VALUES ('67', '358', '', '', '2019-08-27 20:14:47', '2019-08-27 20:14:47');
INSERT INTO `s9_admin` VALUES ('68', '359', '', '', '2019-08-27 20:14:47', '2019-08-27 20:14:47');
INSERT INTO `s9_admin` VALUES ('69', '360', '', '', '2019-08-27 20:14:47', '2019-08-27 20:14:47');
INSERT INTO `s9_admin` VALUES ('70', '361', '', '', '2019-08-27 20:14:47', '2019-08-27 20:14:47');
INSERT INTO `s9_admin` VALUES ('71', '362', '', '', '2019-08-27 20:14:47', '2019-08-27 20:14:47');
INSERT INTO `s9_admin` VALUES ('72', '363', '', '', '2019-08-27 20:14:47', '2019-08-27 20:14:47');
INSERT INTO `s9_admin` VALUES ('73', '364', '', '', '2019-08-27 20:14:47', '2019-08-27 20:14:47');
INSERT INTO `s9_admin` VALUES ('74', '365', '', '', '2019-08-27 20:14:47', '2019-08-27 20:14:47');
INSERT INTO `s9_admin` VALUES ('75', '366', '', '', '2019-08-27 20:14:47', '2019-08-27 20:14:47');
INSERT INTO `s9_admin` VALUES ('76', '367', '', '', '2019-08-27 20:14:47', '2019-08-27 20:14:47');
INSERT INTO `s9_admin` VALUES ('77', '38', '', '', '2019-08-27 20:14:47', '2019-08-27 20:14:47');
INSERT INTO `s9_admin` VALUES ('78', '368', '', '', '2019-08-27 20:14:47', '2019-08-27 20:14:47');
INSERT INTO `s9_admin` VALUES ('79', '369', '', '', '2019-08-27 20:14:47', '2019-08-27 20:14:47');
INSERT INTO `s9_admin` VALUES ('80', '370', '', '', '2019-08-27 20:14:47', '2019-08-27 20:14:47');
INSERT INTO `s9_admin` VALUES ('81', '371', '', '', '2019-08-27 20:14:47', '2019-08-27 20:14:47');
INSERT INTO `s9_admin` VALUES ('82', '372', '', '', '2019-08-27 20:14:47', '2019-08-27 20:14:47');
INSERT INTO `s9_admin` VALUES ('83', '373', '', '', '2019-08-27 20:14:47', '2019-08-27 20:14:47');
INSERT INTO `s9_admin` VALUES ('84', '374', '', '', '2019-08-27 20:14:47', '2019-08-27 20:14:47');
INSERT INTO `s9_admin` VALUES ('85', '375', '', '', '2019-08-27 20:14:47', '2019-08-27 20:14:47');
INSERT INTO `s9_admin` VALUES ('86', '376', '', '', '2019-08-27 20:14:47', '2019-08-27 20:14:47');
INSERT INTO `s9_admin` VALUES ('87', '377', '', '', '2019-08-27 20:14:47', '2019-08-27 20:14:47');
INSERT INTO `s9_admin` VALUES ('88', '378', '', '', '2019-08-27 20:14:47', '2019-08-27 20:14:47');
INSERT INTO `s9_admin` VALUES ('89', '379', '', '', '2019-08-27 20:14:47', '2019-08-27 20:14:47');
INSERT INTO `s9_admin` VALUES ('90', '380', '', '', '2019-08-27 20:14:47', '2019-08-27 20:14:47');
INSERT INTO `s9_admin` VALUES ('91', '381', '', '', '2019-08-27 20:14:47', '2019-08-27 20:14:47');
INSERT INTO `s9_admin` VALUES ('92', '382', '', '', '2019-08-27 20:14:47', '2019-08-27 20:14:47');
INSERT INTO `s9_admin` VALUES ('93', '383', '', '', '2019-08-27 20:14:47', '2019-08-27 20:14:47');
INSERT INTO `s9_admin` VALUES ('94', '384', '', '', '2019-08-27 20:14:47', '2019-08-27 20:14:47');
INSERT INTO `s9_admin` VALUES ('95', '385', '', '', '2019-08-27 20:14:47', '2019-08-27 20:14:47');
INSERT INTO `s9_admin` VALUES ('96', '386', '', '', '2019-08-27 20:14:47', '2019-08-27 20:14:47');
INSERT INTO `s9_admin` VALUES ('97', '387', '', '', '2019-08-27 20:14:47', '2019-08-27 20:14:47');
INSERT INTO `s9_admin` VALUES ('98', '388', '', '', '2019-08-27 20:14:47', '2019-08-27 20:14:47');
INSERT INTO `s9_admin` VALUES ('99', '389', '', '', '2019-08-27 20:14:47', '2019-08-27 20:14:47');
INSERT INTO `s9_admin` VALUES ('100', '390', '', '', '2019-08-27 20:14:47', '2019-08-27 20:14:47');
INSERT INTO `s9_admin` VALUES ('101', '391', '', '', '2019-08-27 20:14:47', '2019-08-27 20:14:47');
INSERT INTO `s9_admin` VALUES ('102', '392', '', '', '2019-08-27 20:14:47', '2019-08-27 20:14:47');
INSERT INTO `s9_admin` VALUES ('103', '393', '', '', '2019-08-27 20:14:47', '2019-08-27 20:14:47');
INSERT INTO `s9_admin` VALUES ('104', '394', '', '', '2019-08-27 20:14:47', '2019-08-27 20:14:47');
INSERT INTO `s9_admin` VALUES ('105', '395', '', '', '2019-08-27 20:14:47', '2019-08-27 20:14:47');
INSERT INTO `s9_admin` VALUES ('106', '396', '', '', '2019-08-27 20:14:47', '2019-08-27 20:14:47');
INSERT INTO `s9_admin` VALUES ('107', '397', '', '', '2019-08-27 20:14:47', '2019-08-27 20:14:47');
INSERT INTO `s9_admin` VALUES ('108', '398', '', '', '2019-08-27 20:14:47', '2019-08-27 20:14:47');
INSERT INTO `s9_admin` VALUES ('109', '399', '', '', '2019-08-27 20:14:47', '2019-08-27 20:14:47');
INSERT INTO `s9_admin` VALUES ('110', '400', '', '', '2019-08-27 20:14:47', '2019-08-27 20:14:47');
INSERT INTO `s9_admin` VALUES ('111', '401', '', '', '2019-08-27 20:14:47', '2019-08-27 20:14:47');
INSERT INTO `s9_admin` VALUES ('112', '402', '', '', '2019-08-27 20:14:47', '2019-08-27 20:14:47');
INSERT INTO `s9_admin` VALUES ('113', '403', '', '', '2019-08-27 20:14:47', '2019-08-27 20:14:47');
INSERT INTO `s9_admin` VALUES ('114', '404', '166f9fb75e4603cb8d0367b980466780', '', '2019-08-27 20:14:47', '2019-08-28 09:57:14');
INSERT INTO `s9_admin` VALUES ('115', '405', '', '', '2019-08-27 20:14:47', '2019-08-27 20:14:47');
INSERT INTO `s9_admin` VALUES ('116', '406', '', '', '2019-08-27 20:14:47', '2019-08-27 20:14:47');
INSERT INTO `s9_admin` VALUES ('117', '407', '', '', '2019-08-27 20:14:47', '2019-08-27 20:14:47');
INSERT INTO `s9_admin` VALUES ('118', '408', '', '', '2019-08-27 20:14:47', '2019-08-27 20:14:47');
INSERT INTO `s9_admin` VALUES ('119', '409', '', '', '2019-08-27 20:14:47', '2019-08-27 20:14:47');
INSERT INTO `s9_admin` VALUES ('120', '410', '', '', '2019-08-27 20:14:47', '2019-08-27 20:14:47');
INSERT INTO `s9_admin` VALUES ('121', '411', '', '', '2019-08-27 20:14:47', '2019-08-27 20:14:47');
INSERT INTO `s9_admin` VALUES ('122', '412', '', '', '2019-08-27 20:14:47', '2019-08-27 20:14:47');
INSERT INTO `s9_admin` VALUES ('123', '413', '', '', '2019-08-27 20:14:48', '2019-08-27 20:14:48');
INSERT INTO `s9_admin` VALUES ('124', '414', '', '', '2019-08-27 20:14:48', '2019-08-27 20:14:48');
INSERT INTO `s9_admin` VALUES ('125', '415', '', '', '2019-08-27 20:14:48', '2019-08-27 20:14:48');
INSERT INTO `s9_admin` VALUES ('126', '416', '', '', '2019-08-27 20:14:48', '2019-08-27 20:14:48');
INSERT INTO `s9_admin` VALUES ('127', '417', '', '', '2019-08-27 20:14:48', '2019-08-27 20:14:48');
INSERT INTO `s9_admin` VALUES ('128', '418', '', '', '2019-08-27 20:14:48', '2019-08-27 20:14:48');
INSERT INTO `s9_admin` VALUES ('129', '419', '', '', '2019-08-27 20:14:48', '2019-08-27 20:14:48');
INSERT INTO `s9_admin` VALUES ('130', '420', '', '', '2019-08-27 20:14:48', '2019-08-27 20:14:48');
INSERT INTO `s9_admin` VALUES ('131', '421', '', '', '2019-08-27 20:14:48', '2019-08-27 20:14:48');
INSERT INTO `s9_admin` VALUES ('132', '422', '', '', '2019-08-27 20:14:48', '2019-08-27 20:14:48');
INSERT INTO `s9_admin` VALUES ('133', '423', '', '', '2019-08-27 20:14:48', '2019-08-27 20:14:48');
INSERT INTO `s9_admin` VALUES ('134', '424', '', '', '2019-08-27 20:14:48', '2019-08-27 20:14:48');
INSERT INTO `s9_admin` VALUES ('135', '425', '', '', '2019-08-27 20:14:48', '2019-08-27 20:14:48');
INSERT INTO `s9_admin` VALUES ('136', '426', '', '', '2019-08-27 20:14:48', '2019-08-27 20:14:48');
INSERT INTO `s9_admin` VALUES ('137', '427', '', '', '2019-08-27 20:14:48', '2019-08-27 20:14:48');
INSERT INTO `s9_admin` VALUES ('138', '428', '', '', '2019-08-27 20:14:48', '2019-08-27 20:14:48');
INSERT INTO `s9_admin` VALUES ('139', '429', '', '', '2019-08-27 20:14:48', '2019-08-27 20:14:48');
INSERT INTO `s9_admin` VALUES ('140', '430', '', '', '2019-08-27 20:14:48', '2019-08-27 20:14:48');
INSERT INTO `s9_admin` VALUES ('141', '431', '', '', '2019-08-27 20:14:48', '2019-08-27 20:14:48');
INSERT INTO `s9_admin` VALUES ('142', '432', '', '', '2019-08-27 20:14:48', '2019-08-27 20:14:48');
INSERT INTO `s9_admin` VALUES ('143', '433', '', '', '2019-08-27 20:14:48', '2019-08-27 20:14:48');
INSERT INTO `s9_admin` VALUES ('144', '434', '', '', '2019-08-27 20:14:48', '2019-08-27 20:14:48');
INSERT INTO `s9_admin` VALUES ('145', '435', '', '', '2019-08-27 20:14:48', '2019-08-27 20:14:48');
INSERT INTO `s9_admin` VALUES ('146', '436', '', '', '2019-08-27 20:14:48', '2019-08-27 20:14:48');
INSERT INTO `s9_admin` VALUES ('147', '437', '', '', '2019-08-27 20:14:48', '2019-08-27 20:14:48');
INSERT INTO `s9_admin` VALUES ('148', '438', '', '', '2019-08-27 20:14:48', '2019-08-27 20:14:48');
INSERT INTO `s9_admin` VALUES ('149', '439', '', '', '2019-08-27 20:14:48', '2019-08-27 20:14:48');
INSERT INTO `s9_admin` VALUES ('150', '440', '', '', '2019-08-27 20:14:48', '2019-08-27 20:14:48');
INSERT INTO `s9_admin` VALUES ('151', '441', '', '', '2019-08-27 20:14:48', '2019-08-27 20:14:48');
INSERT INTO `s9_admin` VALUES ('152', '442', '', '', '2019-08-27 20:14:48', '2019-08-27 20:14:48');
INSERT INTO `s9_admin` VALUES ('153', '443', '', '', '2019-08-27 20:14:48', '2019-08-27 20:14:48');
INSERT INTO `s9_admin` VALUES ('154', '444', '', '', '2019-08-27 20:14:48', '2019-08-27 20:14:48');
INSERT INTO `s9_admin` VALUES ('155', '445', '', '', '2019-08-27 20:14:48', '2019-08-27 20:14:48');
INSERT INTO `s9_admin` VALUES ('156', '446', '', '', '2019-08-27 20:14:48', '2019-08-27 20:14:48');
INSERT INTO `s9_admin` VALUES ('157', '447', '', '', '2019-08-27 20:14:48', '2019-08-27 20:14:48');
INSERT INTO `s9_admin` VALUES ('158', '448', '', '', '2019-08-27 20:14:48', '2019-08-27 20:14:48');
INSERT INTO `s9_admin` VALUES ('159', '449', '', '', '2019-08-27 20:14:48', '2019-08-27 20:14:48');
INSERT INTO `s9_admin` VALUES ('160', '450', '', '', '2019-08-27 20:14:48', '2019-08-27 20:14:48');
INSERT INTO `s9_admin` VALUES ('161', '451', '', '', '2019-08-27 20:14:48', '2019-08-27 20:14:48');
INSERT INTO `s9_admin` VALUES ('162', '452', '', '', '2019-08-27 20:14:48', '2019-08-27 20:14:48');
INSERT INTO `s9_admin` VALUES ('163', '453', '', '', '2019-08-27 20:14:48', '2019-08-27 20:14:48');
INSERT INTO `s9_admin` VALUES ('164', '40', '', '', '2019-08-27 20:14:48', '2019-08-27 20:14:48');
INSERT INTO `s9_admin` VALUES ('165', '454', '', '', '2019-08-27 20:14:48', '2019-08-27 20:14:48');

-- ----------------------------
-- Table structure for s9_game
-- ----------------------------
DROP TABLE IF EXISTS `s9_game`;
CREATE TABLE `s9_game` (
  `game_id` int(11) NOT NULL,
  `order_by` smallint(4) NOT NULL DEFAULT 0 COMMENT '显示排序',
  `created_at` datetime DEFAULT NULL,
  `updated_at` datetime DEFAULT NULL,
  PRIMARY KEY (`game_id`)
) ENGINE=InnoDB DEFAULT CHARSET=utf8mb4;

-- ----------------------------
-- Records of s9_game
-- ----------------------------
INSERT INTO `s9_game` VALUES ('5151', '0', '2019-08-27 20:14:42', '2019-08-27 20:14:42');
INSERT INTO `s9_game` VALUES ('5163', '0', '2019-08-27 20:14:42', '2019-08-27 20:14:42');
INSERT INTO `s9_game` VALUES ('5174', '0', '2019-08-27 20:14:42', '2019-08-27 20:14:42');
INSERT INTO `s9_game` VALUES ('5182', '0', '2019-08-27 20:14:42', '2019-08-27 20:14:42');
INSERT INTO `s9_game` VALUES ('5201', '0', '2019-08-27 20:14:42', '2019-08-27 20:14:42');
INSERT INTO `s9_game` VALUES ('5216', '0', '2019-08-27 20:14:42', '2019-08-27 20:14:42');
INSERT INTO `s9_game` VALUES ('5217', '0', '2019-08-27 20:14:42', '2019-08-27 20:14:42');
INSERT INTO `s9_game` VALUES ('5222', '0', '2019-08-27 20:14:42', '2019-08-27 20:14:42');
INSERT INTO `s9_game` VALUES ('51741', '0', '2019-08-27 20:14:42', '2019-08-27 20:14:42');
INSERT INTO `s9_game` VALUES ('51742', '0', '2019-08-27 20:14:42', '2019-08-27 20:14:42');
INSERT INTO `s9_game` VALUES ('100000', '0', '2019-08-27 20:14:42', '2019-08-27 20:14:42');

-- ----------------------------
-- Table structure for s9_system_group
-- ----------------------------
DROP TABLE IF EXISTS `s9_system_group`;
CREATE TABLE `s9_system_group` (
  `sg_id` int(11) NOT NULL AUTO_INCREMENT,
  `sg_desc` varchar(128) NOT NULL DEFAULT '' COMMENT '角色描述',
  `sg_name` varchar(16) NOT NULL DEFAULT '' COMMENT '角色名称',
  `privilege_level` tinyint(1) NOT NULL DEFAULT 2 COMMENT '后台角色权限级别置位，一位前台权限、二位后台权限',
  `kind` tinyint(1) NOT NULL DEFAULT 0 COMMENT '角色类型 0,普通角色 1,独有角色',
  `created_at` datetime DEFAULT NULL,
  `updated_at` datetime DEFAULT NULL,
  PRIMARY KEY (`sg_id`)
) ENGINE=InnoDB AUTO_INCREMENT=31 DEFAULT CHARSET=utf8mb4;

-- ----------------------------
-- Records of s9_system_group
-- ----------------------------
INSERT INTO `s9_system_group` VALUES ('1', '-1', '系统管理员', '3', '0', '2019-01-07 15:04:38', '2019-01-07 15:04:38');
INSERT INTO `s9_system_group` VALUES ('2', '可供所有游戏使用的通用管理员角色', '征途2手游通用管理员', '3', '0', '2019-08-27 20:14:42', '2019-08-27 20:14:42');
INSERT INTO `s9_system_group` VALUES ('3', '可供所有游戏使用的工单审核角色', '征途2手游通用工单审核角色', '1', '0', '2019-08-27 20:14:43', '2019-08-27 20:14:43');
INSERT INTO `s9_system_group` VALUES ('4', '可供所有游戏使用的通用工单发送角色', '征途2手游通用工单发送角色', '1', '0', '2019-08-27 20:14:43', '2019-08-27 20:14:43');
INSERT INTO `s9_system_group` VALUES ('5', '发送+审核角色', '征途2手游发送+审核', '1', '0', '2019-08-27 20:14:43', '2019-08-27 20:14:43');
INSERT INTO `s9_system_group` VALUES ('6', '【天书奇谭】管理员', '天书奇谭管理员', '3', '0', '2019-08-27 20:14:43', '2019-08-27 20:14:43');
INSERT INTO `s9_system_group` VALUES ('7', '龙珠管理员', '龙珠手游龙珠管理员', '3', '0', '2019-08-27 20:14:43', '2019-08-27 20:14:43');
INSERT INTO `s9_system_group` VALUES ('8', '基础数据', '龙珠手游运营数据', '1', '0', '2019-08-27 20:14:43', '2019-08-27 20:14:43');
INSERT INTO `s9_system_group` VALUES ('9', '查看游戏基础报表，玩家行为日志', '龙珠手游主管级研发', '1', '0', '2019-08-27 20:14:43', '2019-08-27 20:14:43');
INSERT INTO `s9_system_group` VALUES ('10', '只有查询行为日志的基础权限，供研发成员使用', '龙珠手游研发查询日志', '1', '0', '2019-08-27 20:14:43', '2019-08-27 20:14:43');
INSERT INTO `s9_system_group` VALUES ('11', '公告操作', '龙珠手游运营发布', '1', '0', '2019-08-27 20:14:43', '2019-08-27 20:14:43');
INSERT INTO `s9_system_group` VALUES ('12', '订单查询', '龙珠手游客维查询', '1', '0', '2019-08-27 20:14:43', '2019-08-27 20:14:43');
INSERT INTO `s9_system_group` VALUES ('13', '玩家行为查询', '龙珠手游运营查询', '1', '0', '2019-08-27 20:14:43', '2019-08-27 20:14:43');
INSERT INTO `s9_system_group` VALUES ('14', '[犬夜叉]管理员', '犬夜叉管理员', '3', '0', '2019-08-27 20:14:44', '2019-08-27 20:14:44');
INSERT INTO `s9_system_group` VALUES ('15', '[犬夜叉]运营', '犬夜叉运营', '1', '0', '2019-08-27 20:14:44', '2019-08-27 20:14:44');
INSERT INTO `s9_system_group` VALUES ('16', '可供所有游戏使用的通用管理员角色', '征途2手游-益玩通用管理员', '3', '0', '2019-08-27 20:14:44', '2019-08-27 20:14:44');
INSERT INTO `s9_system_group` VALUES ('17', '发送+审核', '征途2手游-益玩发送+审核', '1', '0', '2019-08-27 20:14:44', '2019-08-27 20:14:44');
INSERT INTO `s9_system_group` VALUES ('18', '客服', '犬夜叉客服', '1', '0', '2019-08-27 20:14:44', '2019-08-27 20:14:44');
INSERT INTO `s9_system_group` VALUES ('19', '管理员', '征途2H5管理员', '3', '0', '2019-08-27 20:14:44', '2019-08-27 20:14:44');
INSERT INTO `s9_system_group` VALUES ('20', '管理员', '3D众神领域众神管理员', '3', '0', '2019-08-27 20:14:44', '2019-08-27 20:14:44');
INSERT INTO `s9_system_group` VALUES ('21', '屏蔽发全服道具、道具、生成兑换码', '征途2H5客服', '1', '0', '2019-08-27 20:14:45', '2019-08-27 20:14:45');
INSERT INTO `s9_system_group` VALUES ('22', '自走棋管理员', '无双自走棋自走棋管理员', '3', '0', '2019-08-27 20:14:45', '2019-08-27 20:14:45');
INSERT INTO `s9_system_group` VALUES ('23', '全部权限', '激斗火柴人管理员', '3', '0', '2019-08-27 20:14:45', '2019-08-27 20:14:45');
INSERT INTO `s9_system_group` VALUES ('24', '可供所有游戏使用的通用管理员角色', '征途2手游-9377通用管理员', '3', '0', '2019-08-27 20:14:45', '2019-08-27 20:14:45');
INSERT INTO `s9_system_group` VALUES ('25', 'QA徐尧', '激斗火柴人QA徐尧', '1', '0', '2019-08-27 20:14:45', '2019-08-27 20:14:45');
INSERT INTO `s9_system_group` VALUES ('26', '运营-谭肖宇', '激斗火柴人运营-谭肖宇', '1', '0', '2019-08-27 20:14:45', '2019-08-27 20:14:45');
INSERT INTO `s9_system_group` VALUES ('27', '技维', '犬夜叉技维', '1', '0', '2019-08-27 20:14:45', '2019-08-27 20:14:45');
INSERT INTO `s9_system_group` VALUES ('28', '客服', '激斗火柴人客服', '1', '0', '2019-08-27 20:14:45', '2019-08-27 20:14:45');
INSERT INTO `s9_system_group` VALUES ('29', '宇石', '征途2H5宇石', '1', '0', '2019-08-27 20:14:45', '2019-08-27 20:14:45');
INSERT INTO `s9_system_group` VALUES ('30', 'GA管理员', 'GA移动管理GA管理员', '3', '0', '2019-08-27 20:14:45', '2019-08-27 20:14:45');

-- ----------------------------
-- Table structure for s9_system_group_game
-- ----------------------------
DROP TABLE IF EXISTS `s9_system_group_game`;
CREATE TABLE `s9_system_group_game` (
  `sggid` int(11) NOT NULL AUTO_INCREMENT,
  `sg_id` int(11) NOT NULL DEFAULT 0 COMMENT '角色id',
  `game_id` int(11) NOT NULL DEFAULT 0 COMMENT '游戏id',
  `created_at` datetime DEFAULT NULL,
  `updated_at` datetime DEFAULT NULL,
  PRIMARY KEY (`sggid`)
) ENGINE=InnoDB AUTO_INCREMENT=42 DEFAULT CHARSET=utf8mb4;

-- ----------------------------
-- Records of s9_system_group_game
-- ----------------------------
INSERT INTO `s9_system_group_game` VALUES ('1', '1', '-1', '2019-01-07 15:04:38', '2019-01-07 15:04:38');
INSERT INTO `s9_system_group_game` VALUES ('2', '2', '5174', '2019-08-27 20:14:42', '2019-08-27 20:14:42');
INSERT INTO `s9_system_group_game` VALUES ('3', '3', '5174', '2019-08-27 20:14:43', '2019-08-27 20:14:43');
INSERT INTO `s9_system_group_game` VALUES ('4', '4', '5174', '2019-08-27 20:14:43', '2019-08-27 20:14:43');
INSERT INTO `s9_system_group_game` VALUES ('5', '5', '5174', '2019-08-27 20:14:43', '2019-08-27 20:14:43');
INSERT INTO `s9_system_group_game` VALUES ('6', '6', '5163', '2019-08-27 20:14:43', '2019-08-27 20:14:43');
INSERT INTO `s9_system_group_game` VALUES ('7', '7', '5182', '2019-08-27 20:14:43', '2019-08-27 20:14:43');
INSERT INTO `s9_system_group_game` VALUES ('8', '8', '5182', '2019-08-27 20:14:43', '2019-08-27 20:14:43');
INSERT INTO `s9_system_group_game` VALUES ('9', '9', '5182', '2019-08-27 20:14:43', '2019-08-27 20:14:43');
INSERT INTO `s9_system_group_game` VALUES ('10', '10', '5182', '2019-08-27 20:14:43', '2019-08-27 20:14:43');
INSERT INTO `s9_system_group_game` VALUES ('11', '11', '5182', '2019-08-27 20:14:43', '2019-08-27 20:14:43');
INSERT INTO `s9_system_group_game` VALUES ('12', '12', '5182', '2019-08-27 20:14:43', '2019-08-27 20:14:43');
INSERT INTO `s9_system_group_game` VALUES ('13', '13', '5182', '2019-08-27 20:14:44', '2019-08-27 20:14:44');
INSERT INTO `s9_system_group_game` VALUES ('14', '14', '5151', '2019-08-27 20:14:44', '2019-08-27 20:14:44');
INSERT INTO `s9_system_group_game` VALUES ('15', '15', '5151', '2019-08-27 20:14:44', '2019-08-27 20:14:44');
INSERT INTO `s9_system_group_game` VALUES ('16', '16', '51741', '2019-08-27 20:14:44', '2019-08-27 20:14:44');
INSERT INTO `s9_system_group_game` VALUES ('17', '17', '51741', '2019-08-27 20:14:44', '2019-08-27 20:14:44');
INSERT INTO `s9_system_group_game` VALUES ('18', '18', '5151', '2019-08-27 20:14:44', '2019-08-27 20:14:44');
INSERT INTO `s9_system_group_game` VALUES ('19', '19', '5216', '2019-08-27 20:14:44', '2019-08-27 20:14:44');
INSERT INTO `s9_system_group_game` VALUES ('20', '20', '5217', '2019-08-27 20:14:44', '2019-08-27 20:14:44');
INSERT INTO `s9_system_group_game` VALUES ('21', '21', '5216', '2019-08-27 20:14:45', '2019-08-27 20:14:45');
INSERT INTO `s9_system_group_game` VALUES ('22', '22', '5222', '2019-08-27 20:14:45', '2019-08-27 20:14:45');
INSERT INTO `s9_system_group_game` VALUES ('23', '23', '5201', '2019-08-27 20:14:45', '2019-08-27 20:14:45');
INSERT INTO `s9_system_group_game` VALUES ('24', '24', '51742', '2019-08-27 20:14:45', '2019-08-27 20:14:45');
INSERT INTO `s9_system_group_game` VALUES ('25', '25', '5201', '2019-08-27 20:14:45', '2019-08-27 20:14:45');
INSERT INTO `s9_system_group_game` VALUES ('26', '26', '5201', '2019-08-27 20:14:45', '2019-08-27 20:14:45');
INSERT INTO `s9_system_group_game` VALUES ('27', '27', '5151', '2019-08-27 20:14:45', '2019-08-27 20:14:45');
INSERT INTO `s9_system_group_game` VALUES ('28', '28', '5201', '2019-08-27 20:14:45', '2019-08-27 20:14:45');
INSERT INTO `s9_system_group_game` VALUES ('29', '29', '5216', '2019-08-27 20:14:45', '2019-08-27 20:14:45');
INSERT INTO `s9_system_group_game` VALUES ('30', '30', '100000', '2019-08-27 20:14:45', '2019-08-27 20:14:45');
INSERT INTO `s9_system_group_game` VALUES ('31', '1', '5151', '2019-08-27 20:21:35', '2019-08-27 20:21:35');
INSERT INTO `s9_system_group_game` VALUES ('32', '1', '5163', '2019-08-27 20:21:35', '2019-08-27 20:21:35');
INSERT INTO `s9_system_group_game` VALUES ('33', '1', '5174', '2019-08-27 20:21:35', '2019-08-27 20:21:35');
INSERT INTO `s9_system_group_game` VALUES ('34', '1', '5182', '2019-08-27 20:21:35', '2019-08-27 20:21:35');
INSERT INTO `s9_system_group_game` VALUES ('35', '1', '5201', '2019-08-27 20:21:35', '2019-08-27 20:21:35');
INSERT INTO `s9_system_group_game` VALUES ('36', '1', '5216', '2019-08-27 20:21:35', '2019-08-27 20:21:35');
INSERT INTO `s9_system_group_game` VALUES ('37', '1', '5217', '2019-08-27 20:21:35', '2019-08-27 20:21:35');
INSERT INTO `s9_system_group_game` VALUES ('38', '1', '5222', '2019-08-27 20:21:35', '2019-08-27 20:21:35');
INSERT INTO `s9_system_group_game` VALUES ('39', '1', '51741', '2019-08-27 20:21:35', '2019-08-27 20:21:35');
INSERT INTO `s9_system_group_game` VALUES ('40', '1', '51742', '2019-08-27 20:21:35', '2019-08-27 20:21:35');
INSERT INTO `s9_system_group_game` VALUES ('41', '1', '100000', '2019-08-27 20:21:35', '2019-08-27 20:21:35');

-- ----------------------------
-- Table structure for s9_system_group_priv
-- ----------------------------
DROP TABLE IF EXISTS `s9_system_group_priv`;
CREATE TABLE `s9_system_group_priv` (
  `sgp_id` int(11) NOT NULL AUTO_INCREMENT,
  `sg_id` int(11) NOT NULL DEFAULT 0 COMMENT '对应角色id',
  `sp_id` int(11) NOT NULL DEFAULT 0 COMMENT '对应权限id',
  `created_at` datetime DEFAULT NULL,
  `updated_at` datetime DEFAULT NULL,
  PRIMARY KEY (`sgp_id`)
) ENGINE=InnoDB AUTO_INCREMENT=863 DEFAULT CHARSET=utf8mb4;

-- ----------------------------
-- Records of s9_system_group_priv
-- ----------------------------
INSERT INTO `s9_system_group_priv` VALUES ('1', '1', '1', '2019-01-07 15:04:38', '2019-01-07 15:04:38');
INSERT INTO `s9_system_group_priv` VALUES ('2', '1', '2', '2019-01-07 15:04:38', '2019-01-07 15:04:38');
INSERT INTO `s9_system_group_priv` VALUES ('3', '1', '3', '2019-01-07 15:04:38', '2019-01-07 15:04:38');
INSERT INTO `s9_system_group_priv` VALUES ('4', '1', '4', '2019-01-07 15:04:38', '2019-01-07 15:04:38');
INSERT INTO `s9_system_group_priv` VALUES ('5', '1', '5', '2019-01-07 15:04:38', '2019-01-07 15:04:38');
INSERT INTO `s9_system_group_priv` VALUES ('6', '1', '6', '2019-01-07 15:04:38', '2019-01-07 15:04:38');
INSERT INTO `s9_system_group_priv` VALUES ('7', '1', '7', '2019-01-07 15:04:38', '2019-01-07 15:04:38');
INSERT INTO `s9_system_group_priv` VALUES ('8', '1', '8', '2019-01-07 15:04:38', '2019-01-07 15:04:38');
INSERT INTO `s9_system_group_priv` VALUES ('9', '1', '9', '2019-01-07 15:04:38', '2019-01-07 15:04:38');
INSERT INTO `s9_system_group_priv` VALUES ('10', '1', '10', '2019-01-07 15:04:38', '2019-01-07 15:04:38');
INSERT INTO `s9_system_group_priv` VALUES ('11', '1', '11', '2019-01-07 15:04:38', '2019-01-07 15:04:38');
INSERT INTO `s9_system_group_priv` VALUES ('12', '1', '12', '2019-01-07 15:04:38', '2019-01-07 15:04:38');
INSERT INTO `s9_system_group_priv` VALUES ('13', '1', '13', '2019-01-07 15:04:38', '2019-01-07 15:04:38');
INSERT INTO `s9_system_group_priv` VALUES ('14', '1', '14', '2019-01-07 15:04:38', '2019-01-07 15:04:38');
INSERT INTO `s9_system_group_priv` VALUES ('15', '1', '15', '2019-01-07 15:04:38', '2019-01-07 15:04:38');
INSERT INTO `s9_system_group_priv` VALUES ('16', '1', '16', '2019-01-07 15:04:38', '2019-01-07 15:04:38');
INSERT INTO `s9_system_group_priv` VALUES ('17', '1', '17', '2019-01-07 15:04:38', '2019-01-07 15:04:38');
INSERT INTO `s9_system_group_priv` VALUES ('18', '1', '18', '2019-01-07 15:04:38', '2019-01-07 15:04:38');
INSERT INTO `s9_system_group_priv` VALUES ('19', '1', '19', '2019-01-07 15:04:38', '2019-01-07 15:04:38');
INSERT INTO `s9_system_group_priv` VALUES ('20', '1', '20', '2019-01-07 15:04:38', '2019-01-07 15:04:38');
INSERT INTO `s9_system_group_priv` VALUES ('21', '1', '21', '2019-01-07 15:04:38', '2019-01-07 15:04:38');
INSERT INTO `s9_system_group_priv` VALUES ('22', '1', '22', '2019-01-07 15:04:38', '2019-01-07 15:04:38');
INSERT INTO `s9_system_group_priv` VALUES ('23', '1', '23', '2019-01-07 15:04:38', '2019-01-07 15:04:38');
INSERT INTO `s9_system_group_priv` VALUES ('24', '1', '24', '2019-01-07 15:04:38', '2019-01-07 15:04:38');
INSERT INTO `s9_system_group_priv` VALUES ('25', '1', '25', '2019-01-07 15:04:38', '2019-01-07 15:04:38');
INSERT INTO `s9_system_group_priv` VALUES ('26', '1', '26', '2019-01-07 15:04:38', '2019-01-07 15:04:38');
INSERT INTO `s9_system_group_priv` VALUES ('27', '1', '27', '2019-01-07 15:04:38', '2019-01-07 15:04:38');
INSERT INTO `s9_system_group_priv` VALUES ('28', '1', '28', '2019-01-07 15:04:38', '2019-01-07 15:04:38');
INSERT INTO `s9_system_group_priv` VALUES ('29', '1', '29', '2019-01-07 15:04:38', '2019-01-07 15:04:38');
INSERT INTO `s9_system_group_priv` VALUES ('30', '1', '30', '2019-01-07 15:04:38', '2019-01-07 15:04:38');
INSERT INTO `s9_system_group_priv` VALUES ('31', '1', '31', '2019-01-07 15:04:38', '2019-01-07 15:04:38');
INSERT INTO `s9_system_group_priv` VALUES ('32', '1', '32', '2019-01-07 15:04:38', '2019-01-07 15:04:38');
INSERT INTO `s9_system_group_priv` VALUES ('33', '1', '33', '2019-01-07 15:04:38', '2019-01-07 15:04:38');
INSERT INTO `s9_system_group_priv` VALUES ('34', '1', '33', '2019-01-07 15:04:38', '2019-01-07 15:04:38');
INSERT INTO `s9_system_group_priv` VALUES ('35', '2', '73', '2019-08-27 20:14:42', '2019-08-27 20:14:42');
INSERT INTO `s9_system_group_priv` VALUES ('36', '2', '97', '2019-08-27 20:14:42', '2019-08-27 20:14:42');
INSERT INTO `s9_system_group_priv` VALUES ('37', '2', '108', '2019-08-27 20:14:42', '2019-08-27 20:14:42');
INSERT INTO `s9_system_group_priv` VALUES ('39', '2', '74', '2019-08-27 20:14:42', '2019-08-27 20:14:42');
INSERT INTO `s9_system_group_priv` VALUES ('40', '2', '75', '2019-08-27 20:14:42', '2019-08-27 20:14:42');
INSERT INTO `s9_system_group_priv` VALUES ('41', '2', '76', '2019-08-27 20:14:42', '2019-08-27 20:14:42');
INSERT INTO `s9_system_group_priv` VALUES ('42', '2', '77', '2019-08-27 20:14:42', '2019-08-27 20:14:42');
INSERT INTO `s9_system_group_priv` VALUES ('43', '2', '78', '2019-08-27 20:14:42', '2019-08-27 20:14:42');
INSERT INTO `s9_system_group_priv` VALUES ('44', '2', '79', '2019-08-27 20:14:42', '2019-08-27 20:14:42');
INSERT INTO `s9_system_group_priv` VALUES ('45', '2', '80', '2019-08-27 20:14:42', '2019-08-27 20:14:42');
INSERT INTO `s9_system_group_priv` VALUES ('46', '2', '81', '2019-08-27 20:14:42', '2019-08-27 20:14:42');
INSERT INTO `s9_system_group_priv` VALUES ('47', '2', '82', '2019-08-27 20:14:42', '2019-08-27 20:14:42');
INSERT INTO `s9_system_group_priv` VALUES ('48', '2', '83', '2019-08-27 20:14:42', '2019-08-27 20:14:42');
INSERT INTO `s9_system_group_priv` VALUES ('49', '2', '84', '2019-08-27 20:14:42', '2019-08-27 20:14:42');
INSERT INTO `s9_system_group_priv` VALUES ('50', '2', '85', '2019-08-27 20:14:42', '2019-08-27 20:14:42');
INSERT INTO `s9_system_group_priv` VALUES ('51', '2', '86', '2019-08-27 20:14:42', '2019-08-27 20:14:42');
INSERT INTO `s9_system_group_priv` VALUES ('52', '2', '87', '2019-08-27 20:14:42', '2019-08-27 20:14:42');
INSERT INTO `s9_system_group_priv` VALUES ('53', '2', '88', '2019-08-27 20:14:42', '2019-08-27 20:14:42');
INSERT INTO `s9_system_group_priv` VALUES ('54', '2', '89', '2019-08-27 20:14:42', '2019-08-27 20:14:42');
INSERT INTO `s9_system_group_priv` VALUES ('55', '2', '90', '2019-08-27 20:14:42', '2019-08-27 20:14:42');
INSERT INTO `s9_system_group_priv` VALUES ('56', '2', '91', '2019-08-27 20:14:42', '2019-08-27 20:14:42');
INSERT INTO `s9_system_group_priv` VALUES ('57', '2', '98', '2019-08-27 20:14:42', '2019-08-27 20:14:42');
INSERT INTO `s9_system_group_priv` VALUES ('58', '2', '99', '2019-08-27 20:14:42', '2019-08-27 20:14:42');
INSERT INTO `s9_system_group_priv` VALUES ('59', '2', '113', '2019-08-27 20:14:42', '2019-08-27 20:14:42');
INSERT INTO `s9_system_group_priv` VALUES ('60', '2', '114', '2019-08-27 20:14:42', '2019-08-27 20:14:42');
INSERT INTO `s9_system_group_priv` VALUES ('61', '2', '117', '2019-08-27 20:14:42', '2019-08-27 20:14:42');
INSERT INTO `s9_system_group_priv` VALUES ('62', '2', '118', '2019-08-27 20:14:43', '2019-08-27 20:14:43');
INSERT INTO `s9_system_group_priv` VALUES ('63', '2', '119', '2019-08-27 20:14:43', '2019-08-27 20:14:43');
INSERT INTO `s9_system_group_priv` VALUES ('64', '2', '120', '2019-08-27 20:14:43', '2019-08-27 20:14:43');
INSERT INTO `s9_system_group_priv` VALUES ('65', '2', '127', '2019-08-27 20:14:43', '2019-08-27 20:14:43');
INSERT INTO `s9_system_group_priv` VALUES ('66', '2', '128', '2019-08-27 20:14:43', '2019-08-27 20:14:43');
INSERT INTO `s9_system_group_priv` VALUES ('67', '2', '129', '2019-08-27 20:14:43', '2019-08-27 20:14:43');
INSERT INTO `s9_system_group_priv` VALUES ('68', '2', '130', '2019-08-27 20:14:43', '2019-08-27 20:14:43');
INSERT INTO `s9_system_group_priv` VALUES ('69', '2', '1', '2019-08-27 20:14:43', '2019-08-27 20:14:43');
INSERT INTO `s9_system_group_priv` VALUES ('70', '2', '2', '2019-08-27 20:14:43', '2019-08-27 20:14:43');
INSERT INTO `s9_system_group_priv` VALUES ('71', '2', '3', '2019-08-27 20:14:43', '2019-08-27 20:14:43');
INSERT INTO `s9_system_group_priv` VALUES ('72', '2', '4', '2019-08-27 20:14:43', '2019-08-27 20:14:43');
INSERT INTO `s9_system_group_priv` VALUES ('73', '2', '5', '2019-08-27 20:14:43', '2019-08-27 20:14:43');
INSERT INTO `s9_system_group_priv` VALUES ('74', '2', '6', '2019-08-27 20:14:43', '2019-08-27 20:14:43');
INSERT INTO `s9_system_group_priv` VALUES ('75', '2', '7', '2019-08-27 20:14:43', '2019-08-27 20:14:43');
INSERT INTO `s9_system_group_priv` VALUES ('76', '2', '8', '2019-08-27 20:14:43', '2019-08-27 20:14:43');
INSERT INTO `s9_system_group_priv` VALUES ('77', '2', '9', '2019-08-27 20:14:43', '2019-08-27 20:14:43');
INSERT INTO `s9_system_group_priv` VALUES ('78', '2', '10', '2019-08-27 20:14:43', '2019-08-27 20:14:43');
INSERT INTO `s9_system_group_priv` VALUES ('79', '2', '12', '2019-08-27 20:14:43', '2019-08-27 20:14:43');
INSERT INTO `s9_system_group_priv` VALUES ('80', '2', '13', '2019-08-27 20:14:43', '2019-08-27 20:14:43');
INSERT INTO `s9_system_group_priv` VALUES ('81', '3', '73', '2019-08-27 20:14:43', '2019-08-27 20:14:43');
INSERT INTO `s9_system_group_priv` VALUES ('85', '3', '80', '2019-08-27 20:14:43', '2019-08-27 20:14:43');
INSERT INTO `s9_system_group_priv` VALUES ('86', '3', '81', '2019-08-27 20:14:43', '2019-08-27 20:14:43');
INSERT INTO `s9_system_group_priv` VALUES ('87', '3', '82', '2019-08-27 20:14:43', '2019-08-27 20:14:43');
INSERT INTO `s9_system_group_priv` VALUES ('88', '3', '83', '2019-08-27 20:14:43', '2019-08-27 20:14:43');
INSERT INTO `s9_system_group_priv` VALUES ('89', '3', '84', '2019-08-27 20:14:43', '2019-08-27 20:14:43');
INSERT INTO `s9_system_group_priv` VALUES ('90', '3', '85', '2019-08-27 20:14:43', '2019-08-27 20:14:43');
INSERT INTO `s9_system_group_priv` VALUES ('91', '3', '86', '2019-08-27 20:14:43', '2019-08-27 20:14:43');
INSERT INTO `s9_system_group_priv` VALUES ('92', '3', '87', '2019-08-27 20:14:43', '2019-08-27 20:14:43');
INSERT INTO `s9_system_group_priv` VALUES ('93', '4', '73', '2019-08-27 20:14:43', '2019-08-27 20:14:43');
INSERT INTO `s9_system_group_priv` VALUES ('97', '4', '74', '2019-08-27 20:14:43', '2019-08-27 20:14:43');
INSERT INTO `s9_system_group_priv` VALUES ('98', '4', '75', '2019-08-27 20:14:43', '2019-08-27 20:14:43');
INSERT INTO `s9_system_group_priv` VALUES ('99', '4', '80', '2019-08-27 20:14:43', '2019-08-27 20:14:43');
INSERT INTO `s9_system_group_priv` VALUES ('100', '4', '81', '2019-08-27 20:14:43', '2019-08-27 20:14:43');
INSERT INTO `s9_system_group_priv` VALUES ('101', '5', '73', '2019-08-27 20:14:43', '2019-08-27 20:14:43');
INSERT INTO `s9_system_group_priv` VALUES ('105', '5', '74', '2019-08-27 20:14:43', '2019-08-27 20:14:43');
INSERT INTO `s9_system_group_priv` VALUES ('106', '5', '75', '2019-08-27 20:14:43', '2019-08-27 20:14:43');
INSERT INTO `s9_system_group_priv` VALUES ('107', '5', '80', '2019-08-27 20:14:43', '2019-08-27 20:14:43');
INSERT INTO `s9_system_group_priv` VALUES ('108', '5', '81', '2019-08-27 20:14:43', '2019-08-27 20:14:43');
INSERT INTO `s9_system_group_priv` VALUES ('109', '5', '82', '2019-08-27 20:14:43', '2019-08-27 20:14:43');
INSERT INTO `s9_system_group_priv` VALUES ('110', '5', '83', '2019-08-27 20:14:43', '2019-08-27 20:14:43');
INSERT INTO `s9_system_group_priv` VALUES ('111', '5', '84', '2019-08-27 20:14:43', '2019-08-27 20:14:43');
INSERT INTO `s9_system_group_priv` VALUES ('112', '5', '85', '2019-08-27 20:14:43', '2019-08-27 20:14:43');
INSERT INTO `s9_system_group_priv` VALUES ('113', '5', '86', '2019-08-27 20:14:43', '2019-08-27 20:14:43');
INSERT INTO `s9_system_group_priv` VALUES ('114', '5', '87', '2019-08-27 20:14:43', '2019-08-27 20:14:43');
INSERT INTO `s9_system_group_priv` VALUES ('115', '6', '73', '2019-08-27 20:14:43', '2019-08-27 20:14:43');
INSERT INTO `s9_system_group_priv` VALUES ('116', '6', '97', '2019-08-27 20:14:43', '2019-08-27 20:14:43');
INSERT INTO `s9_system_group_priv` VALUES ('117', '6', '108', '2019-08-27 20:14:43', '2019-08-27 20:14:43');
INSERT INTO `s9_system_group_priv` VALUES ('119', '6', '74', '2019-08-27 20:14:43', '2019-08-27 20:14:43');
INSERT INTO `s9_system_group_priv` VALUES ('120', '6', '75', '2019-08-27 20:14:43', '2019-08-27 20:14:43');
INSERT INTO `s9_system_group_priv` VALUES ('121', '6', '76', '2019-08-27 20:14:43', '2019-08-27 20:14:43');
INSERT INTO `s9_system_group_priv` VALUES ('122', '6', '77', '2019-08-27 20:14:43', '2019-08-27 20:14:43');
INSERT INTO `s9_system_group_priv` VALUES ('123', '6', '78', '2019-08-27 20:14:43', '2019-08-27 20:14:43');
INSERT INTO `s9_system_group_priv` VALUES ('124', '6', '79', '2019-08-27 20:14:43', '2019-08-27 20:14:43');
INSERT INTO `s9_system_group_priv` VALUES ('125', '6', '80', '2019-08-27 20:14:43', '2019-08-27 20:14:43');
INSERT INTO `s9_system_group_priv` VALUES ('126', '6', '81', '2019-08-27 20:14:43', '2019-08-27 20:14:43');
INSERT INTO `s9_system_group_priv` VALUES ('127', '6', '82', '2019-08-27 20:14:43', '2019-08-27 20:14:43');
INSERT INTO `s9_system_group_priv` VALUES ('128', '6', '83', '2019-08-27 20:14:43', '2019-08-27 20:14:43');
INSERT INTO `s9_system_group_priv` VALUES ('129', '6', '84', '2019-08-27 20:14:43', '2019-08-27 20:14:43');
INSERT INTO `s9_system_group_priv` VALUES ('130', '6', '85', '2019-08-27 20:14:43', '2019-08-27 20:14:43');
INSERT INTO `s9_system_group_priv` VALUES ('131', '6', '86', '2019-08-27 20:14:43', '2019-08-27 20:14:43');
INSERT INTO `s9_system_group_priv` VALUES ('132', '6', '87', '2019-08-27 20:14:43', '2019-08-27 20:14:43');
INSERT INTO `s9_system_group_priv` VALUES ('133', '6', '88', '2019-08-27 20:14:43', '2019-08-27 20:14:43');
INSERT INTO `s9_system_group_priv` VALUES ('134', '6', '89', '2019-08-27 20:14:43', '2019-08-27 20:14:43');
INSERT INTO `s9_system_group_priv` VALUES ('135', '6', '90', '2019-08-27 20:14:43', '2019-08-27 20:14:43');
INSERT INTO `s9_system_group_priv` VALUES ('136', '6', '91', '2019-08-27 20:14:43', '2019-08-27 20:14:43');
INSERT INTO `s9_system_group_priv` VALUES ('137', '6', '98', '2019-08-27 20:14:43', '2019-08-27 20:14:43');
INSERT INTO `s9_system_group_priv` VALUES ('138', '6', '99', '2019-08-27 20:14:43', '2019-08-27 20:14:43');
INSERT INTO `s9_system_group_priv` VALUES ('139', '6', '113', '2019-08-27 20:14:43', '2019-08-27 20:14:43');
INSERT INTO `s9_system_group_priv` VALUES ('140', '6', '114', '2019-08-27 20:14:43', '2019-08-27 20:14:43');
INSERT INTO `s9_system_group_priv` VALUES ('141', '6', '117', '2019-08-27 20:14:43', '2019-08-27 20:14:43');
INSERT INTO `s9_system_group_priv` VALUES ('142', '6', '118', '2019-08-27 20:14:43', '2019-08-27 20:14:43');
INSERT INTO `s9_system_group_priv` VALUES ('143', '6', '119', '2019-08-27 20:14:43', '2019-08-27 20:14:43');
INSERT INTO `s9_system_group_priv` VALUES ('144', '6', '120', '2019-08-27 20:14:43', '2019-08-27 20:14:43');
INSERT INTO `s9_system_group_priv` VALUES ('145', '6', '127', '2019-08-27 20:14:43', '2019-08-27 20:14:43');
INSERT INTO `s9_system_group_priv` VALUES ('146', '6', '128', '2019-08-27 20:14:43', '2019-08-27 20:14:43');
INSERT INTO `s9_system_group_priv` VALUES ('147', '6', '129', '2019-08-27 20:14:43', '2019-08-27 20:14:43');
INSERT INTO `s9_system_group_priv` VALUES ('148', '6', '130', '2019-08-27 20:14:43', '2019-08-27 20:14:43');
INSERT INTO `s9_system_group_priv` VALUES ('149', '6', '1', '2019-08-27 20:14:43', '2019-08-27 20:14:43');
INSERT INTO `s9_system_group_priv` VALUES ('150', '6', '2', '2019-08-27 20:14:43', '2019-08-27 20:14:43');
INSERT INTO `s9_system_group_priv` VALUES ('151', '6', '3', '2019-08-27 20:14:43', '2019-08-27 20:14:43');
INSERT INTO `s9_system_group_priv` VALUES ('152', '6', '4', '2019-08-27 20:14:43', '2019-08-27 20:14:43');
INSERT INTO `s9_system_group_priv` VALUES ('153', '6', '5', '2019-08-27 20:14:43', '2019-08-27 20:14:43');
INSERT INTO `s9_system_group_priv` VALUES ('154', '6', '6', '2019-08-27 20:14:43', '2019-08-27 20:14:43');
INSERT INTO `s9_system_group_priv` VALUES ('155', '6', '7', '2019-08-27 20:14:43', '2019-08-27 20:14:43');
INSERT INTO `s9_system_group_priv` VALUES ('156', '6', '8', '2019-08-27 20:14:43', '2019-08-27 20:14:43');
INSERT INTO `s9_system_group_priv` VALUES ('157', '6', '9', '2019-08-27 20:14:43', '2019-08-27 20:14:43');
INSERT INTO `s9_system_group_priv` VALUES ('158', '6', '10', '2019-08-27 20:14:43', '2019-08-27 20:14:43');
INSERT INTO `s9_system_group_priv` VALUES ('159', '6', '12', '2019-08-27 20:14:43', '2019-08-27 20:14:43');
INSERT INTO `s9_system_group_priv` VALUES ('160', '6', '13', '2019-08-27 20:14:43', '2019-08-27 20:14:43');
INSERT INTO `s9_system_group_priv` VALUES ('161', '7', '73', '2019-08-27 20:14:43', '2019-08-27 20:14:43');
INSERT INTO `s9_system_group_priv` VALUES ('162', '7', '92', '2019-08-27 20:14:43', '2019-08-27 20:14:43');
INSERT INTO `s9_system_group_priv` VALUES ('163', '7', '97', '2019-08-27 20:14:43', '2019-08-27 20:14:43');
INSERT INTO `s9_system_group_priv` VALUES ('164', '7', '108', '2019-08-27 20:14:43', '2019-08-27 20:14:43');
INSERT INTO `s9_system_group_priv` VALUES ('166', '7', '74', '2019-08-27 20:14:43', '2019-08-27 20:14:43');
INSERT INTO `s9_system_group_priv` VALUES ('167', '7', '75', '2019-08-27 20:14:43', '2019-08-27 20:14:43');
INSERT INTO `s9_system_group_priv` VALUES ('168', '7', '76', '2019-08-27 20:14:43', '2019-08-27 20:14:43');
INSERT INTO `s9_system_group_priv` VALUES ('169', '7', '77', '2019-08-27 20:14:43', '2019-08-27 20:14:43');
INSERT INTO `s9_system_group_priv` VALUES ('170', '7', '78', '2019-08-27 20:14:43', '2019-08-27 20:14:43');
INSERT INTO `s9_system_group_priv` VALUES ('171', '7', '79', '2019-08-27 20:14:43', '2019-08-27 20:14:43');
INSERT INTO `s9_system_group_priv` VALUES ('172', '7', '80', '2019-08-27 20:14:43', '2019-08-27 20:14:43');
INSERT INTO `s9_system_group_priv` VALUES ('173', '7', '81', '2019-08-27 20:14:43', '2019-08-27 20:14:43');
INSERT INTO `s9_system_group_priv` VALUES ('174', '7', '82', '2019-08-27 20:14:43', '2019-08-27 20:14:43');
INSERT INTO `s9_system_group_priv` VALUES ('175', '7', '83', '2019-08-27 20:14:43', '2019-08-27 20:14:43');
INSERT INTO `s9_system_group_priv` VALUES ('176', '7', '84', '2019-08-27 20:14:43', '2019-08-27 20:14:43');
INSERT INTO `s9_system_group_priv` VALUES ('177', '7', '85', '2019-08-27 20:14:43', '2019-08-27 20:14:43');
INSERT INTO `s9_system_group_priv` VALUES ('178', '7', '86', '2019-08-27 20:14:43', '2019-08-27 20:14:43');
INSERT INTO `s9_system_group_priv` VALUES ('179', '7', '87', '2019-08-27 20:14:43', '2019-08-27 20:14:43');
INSERT INTO `s9_system_group_priv` VALUES ('180', '7', '88', '2019-08-27 20:14:43', '2019-08-27 20:14:43');
INSERT INTO `s9_system_group_priv` VALUES ('181', '7', '89', '2019-08-27 20:14:43', '2019-08-27 20:14:43');
INSERT INTO `s9_system_group_priv` VALUES ('182', '7', '90', '2019-08-27 20:14:43', '2019-08-27 20:14:43');
INSERT INTO `s9_system_group_priv` VALUES ('183', '7', '91', '2019-08-27 20:14:43', '2019-08-27 20:14:43');
INSERT INTO `s9_system_group_priv` VALUES ('184', '7', '93', '2019-08-27 20:14:43', '2019-08-27 20:14:43');
INSERT INTO `s9_system_group_priv` VALUES ('185', '7', '94', '2019-08-27 20:14:43', '2019-08-27 20:14:43');
INSERT INTO `s9_system_group_priv` VALUES ('186', '7', '95', '2019-08-27 20:14:43', '2019-08-27 20:14:43');
INSERT INTO `s9_system_group_priv` VALUES ('187', '7', '96', '2019-08-27 20:14:43', '2019-08-27 20:14:43');
INSERT INTO `s9_system_group_priv` VALUES ('188', '7', '98', '2019-08-27 20:14:43', '2019-08-27 20:14:43');
INSERT INTO `s9_system_group_priv` VALUES ('189', '7', '99', '2019-08-27 20:14:43', '2019-08-27 20:14:43');
INSERT INTO `s9_system_group_priv` VALUES ('190', '7', '113', '2019-08-27 20:14:43', '2019-08-27 20:14:43');
INSERT INTO `s9_system_group_priv` VALUES ('191', '7', '114', '2019-08-27 20:14:43', '2019-08-27 20:14:43');
INSERT INTO `s9_system_group_priv` VALUES ('192', '7', '117', '2019-08-27 20:14:43', '2019-08-27 20:14:43');
INSERT INTO `s9_system_group_priv` VALUES ('193', '7', '118', '2019-08-27 20:14:43', '2019-08-27 20:14:43');
INSERT INTO `s9_system_group_priv` VALUES ('194', '7', '119', '2019-08-27 20:14:43', '2019-08-27 20:14:43');
INSERT INTO `s9_system_group_priv` VALUES ('195', '7', '120', '2019-08-27 20:14:43', '2019-08-27 20:14:43');
INSERT INTO `s9_system_group_priv` VALUES ('196', '7', '121', '2019-08-27 20:14:43', '2019-08-27 20:14:43');
INSERT INTO `s9_system_group_priv` VALUES ('197', '7', '122', '2019-08-27 20:14:43', '2019-08-27 20:14:43');
INSERT INTO `s9_system_group_priv` VALUES ('198', '7', '123', '2019-08-27 20:14:43', '2019-08-27 20:14:43');
INSERT INTO `s9_system_group_priv` VALUES ('199', '7', '124', '2019-08-27 20:14:43', '2019-08-27 20:14:43');
INSERT INTO `s9_system_group_priv` VALUES ('200', '7', '125', '2019-08-27 20:14:43', '2019-08-27 20:14:43');
INSERT INTO `s9_system_group_priv` VALUES ('201', '7', '126', '2019-08-27 20:14:43', '2019-08-27 20:14:43');
INSERT INTO `s9_system_group_priv` VALUES ('202', '7', '127', '2019-08-27 20:14:43', '2019-08-27 20:14:43');
INSERT INTO `s9_system_group_priv` VALUES ('203', '7', '128', '2019-08-27 20:14:43', '2019-08-27 20:14:43');
INSERT INTO `s9_system_group_priv` VALUES ('204', '7', '129', '2019-08-27 20:14:43', '2019-08-27 20:14:43');
INSERT INTO `s9_system_group_priv` VALUES ('205', '7', '130', '2019-08-27 20:14:43', '2019-08-27 20:14:43');
INSERT INTO `s9_system_group_priv` VALUES ('206', '7', '1', '2019-08-27 20:14:43', '2019-08-27 20:14:43');
INSERT INTO `s9_system_group_priv` VALUES ('207', '7', '2', '2019-08-27 20:14:43', '2019-08-27 20:14:43');
INSERT INTO `s9_system_group_priv` VALUES ('208', '7', '3', '2019-08-27 20:14:43', '2019-08-27 20:14:43');
INSERT INTO `s9_system_group_priv` VALUES ('209', '7', '4', '2019-08-27 20:14:43', '2019-08-27 20:14:43');
INSERT INTO `s9_system_group_priv` VALUES ('210', '7', '5', '2019-08-27 20:14:43', '2019-08-27 20:14:43');
INSERT INTO `s9_system_group_priv` VALUES ('211', '7', '6', '2019-08-27 20:14:43', '2019-08-27 20:14:43');
INSERT INTO `s9_system_group_priv` VALUES ('212', '7', '7', '2019-08-27 20:14:43', '2019-08-27 20:14:43');
INSERT INTO `s9_system_group_priv` VALUES ('213', '7', '8', '2019-08-27 20:14:43', '2019-08-27 20:14:43');
INSERT INTO `s9_system_group_priv` VALUES ('214', '7', '9', '2019-08-27 20:14:43', '2019-08-27 20:14:43');
INSERT INTO `s9_system_group_priv` VALUES ('215', '7', '10', '2019-08-27 20:14:43', '2019-08-27 20:14:43');
INSERT INTO `s9_system_group_priv` VALUES ('216', '7', '12', '2019-08-27 20:14:43', '2019-08-27 20:14:43');
INSERT INTO `s9_system_group_priv` VALUES ('217', '7', '13', '2019-08-27 20:14:43', '2019-08-27 20:14:43');
INSERT INTO `s9_system_group_priv` VALUES ('220', '8', '73', '2019-08-27 20:14:43', '2019-08-27 20:14:43');
INSERT INTO `s9_system_group_priv` VALUES ('221', '8', '92', '2019-08-27 20:14:43', '2019-08-27 20:14:43');
INSERT INTO `s9_system_group_priv` VALUES ('222', '8', '97', '2019-08-27 20:14:43', '2019-08-27 20:14:43');
INSERT INTO `s9_system_group_priv` VALUES ('223', '8', '108', '2019-08-27 20:14:43', '2019-08-27 20:14:43');
INSERT INTO `s9_system_group_priv` VALUES ('225', '8', '74', '2019-08-27 20:14:43', '2019-08-27 20:14:43');
INSERT INTO `s9_system_group_priv` VALUES ('226', '8', '75', '2019-08-27 20:14:43', '2019-08-27 20:14:43');
INSERT INTO `s9_system_group_priv` VALUES ('227', '8', '76', '2019-08-27 20:14:43', '2019-08-27 20:14:43');
INSERT INTO `s9_system_group_priv` VALUES ('228', '8', '77', '2019-08-27 20:14:43', '2019-08-27 20:14:43');
INSERT INTO `s9_system_group_priv` VALUES ('229', '8', '78', '2019-08-27 20:14:43', '2019-08-27 20:14:43');
INSERT INTO `s9_system_group_priv` VALUES ('230', '8', '79', '2019-08-27 20:14:43', '2019-08-27 20:14:43');
INSERT INTO `s9_system_group_priv` VALUES ('231', '8', '80', '2019-08-27 20:14:43', '2019-08-27 20:14:43');
INSERT INTO `s9_system_group_priv` VALUES ('232', '8', '81', '2019-08-27 20:14:43', '2019-08-27 20:14:43');
INSERT INTO `s9_system_group_priv` VALUES ('233', '8', '82', '2019-08-27 20:14:43', '2019-08-27 20:14:43');
INSERT INTO `s9_system_group_priv` VALUES ('234', '8', '83', '2019-08-27 20:14:43', '2019-08-27 20:14:43');
INSERT INTO `s9_system_group_priv` VALUES ('235', '8', '84', '2019-08-27 20:14:43', '2019-08-27 20:14:43');
INSERT INTO `s9_system_group_priv` VALUES ('236', '8', '85', '2019-08-27 20:14:43', '2019-08-27 20:14:43');
INSERT INTO `s9_system_group_priv` VALUES ('237', '8', '86', '2019-08-27 20:14:43', '2019-08-27 20:14:43');
INSERT INTO `s9_system_group_priv` VALUES ('238', '8', '87', '2019-08-27 20:14:43', '2019-08-27 20:14:43');
INSERT INTO `s9_system_group_priv` VALUES ('239', '8', '88', '2019-08-27 20:14:43', '2019-08-27 20:14:43');
INSERT INTO `s9_system_group_priv` VALUES ('240', '8', '89', '2019-08-27 20:14:43', '2019-08-27 20:14:43');
INSERT INTO `s9_system_group_priv` VALUES ('241', '8', '93', '2019-08-27 20:14:43', '2019-08-27 20:14:43');
INSERT INTO `s9_system_group_priv` VALUES ('242', '8', '94', '2019-08-27 20:14:43', '2019-08-27 20:14:43');
INSERT INTO `s9_system_group_priv` VALUES ('243', '8', '95', '2019-08-27 20:14:43', '2019-08-27 20:14:43');
INSERT INTO `s9_system_group_priv` VALUES ('244', '8', '96', '2019-08-27 20:14:43', '2019-08-27 20:14:43');
INSERT INTO `s9_system_group_priv` VALUES ('245', '8', '117', '2019-08-27 20:14:43', '2019-08-27 20:14:43');
INSERT INTO `s9_system_group_priv` VALUES ('246', '8', '118', '2019-08-27 20:14:43', '2019-08-27 20:14:43');
INSERT INTO `s9_system_group_priv` VALUES ('247', '8', '119', '2019-08-27 20:14:43', '2019-08-27 20:14:43');
INSERT INTO `s9_system_group_priv` VALUES ('248', '8', '120', '2019-08-27 20:14:43', '2019-08-27 20:14:43');
INSERT INTO `s9_system_group_priv` VALUES ('249', '9', '73', '2019-08-27 20:14:43', '2019-08-27 20:14:43');
INSERT INTO `s9_system_group_priv` VALUES ('250', '9', '92', '2019-08-27 20:14:43', '2019-08-27 20:14:43');
INSERT INTO `s9_system_group_priv` VALUES ('251', '9', '97', '2019-08-27 20:14:43', '2019-08-27 20:14:43');
INSERT INTO `s9_system_group_priv` VALUES ('252', '9', '108', '2019-08-27 20:14:43', '2019-08-27 20:14:43');
INSERT INTO `s9_system_group_priv` VALUES ('254', '10', '73', '2019-08-27 20:14:43', '2019-08-27 20:14:43');
INSERT INTO `s9_system_group_priv` VALUES ('255', '10', '92', '2019-08-27 20:14:43', '2019-08-27 20:14:43');
INSERT INTO `s9_system_group_priv` VALUES ('256', '10', '97', '2019-08-27 20:14:43', '2019-08-27 20:14:43');
INSERT INTO `s9_system_group_priv` VALUES ('257', '10', '108', '2019-08-27 20:14:43', '2019-08-27 20:14:43');
INSERT INTO `s9_system_group_priv` VALUES ('259', '11', '73', '2019-08-27 20:14:43', '2019-08-27 20:14:43');
INSERT INTO `s9_system_group_priv` VALUES ('260', '11', '92', '2019-08-27 20:14:43', '2019-08-27 20:14:43');
INSERT INTO `s9_system_group_priv` VALUES ('261', '11', '97', '2019-08-27 20:14:43', '2019-08-27 20:14:43');
INSERT INTO `s9_system_group_priv` VALUES ('262', '11', '108', '2019-08-27 20:14:43', '2019-08-27 20:14:43');
INSERT INTO `s9_system_group_priv` VALUES ('264', '11', '74', '2019-08-27 20:14:43', '2019-08-27 20:14:43');
INSERT INTO `s9_system_group_priv` VALUES ('265', '11', '75', '2019-08-27 20:14:43', '2019-08-27 20:14:43');
INSERT INTO `s9_system_group_priv` VALUES ('266', '11', '80', '2019-08-27 20:14:43', '2019-08-27 20:14:43');
INSERT INTO `s9_system_group_priv` VALUES ('267', '11', '81', '2019-08-27 20:14:43', '2019-08-27 20:14:43');
INSERT INTO `s9_system_group_priv` VALUES ('268', '11', '86', '2019-08-27 20:14:43', '2019-08-27 20:14:43');
INSERT INTO `s9_system_group_priv` VALUES ('269', '11', '87', '2019-08-27 20:14:43', '2019-08-27 20:14:43');
INSERT INTO `s9_system_group_priv` VALUES ('270', '12', '73', '2019-08-27 20:14:43', '2019-08-27 20:14:43');
INSERT INTO `s9_system_group_priv` VALUES ('271', '12', '92', '2019-08-27 20:14:43', '2019-08-27 20:14:43');
INSERT INTO `s9_system_group_priv` VALUES ('272', '12', '97', '2019-08-27 20:14:43', '2019-08-27 20:14:43');
INSERT INTO `s9_system_group_priv` VALUES ('273', '12', '108', '2019-08-27 20:14:43', '2019-08-27 20:14:43');
INSERT INTO `s9_system_group_priv` VALUES ('275', '13', '73', '2019-08-27 20:14:44', '2019-08-27 20:14:44');
INSERT INTO `s9_system_group_priv` VALUES ('276', '13', '92', '2019-08-27 20:14:44', '2019-08-27 20:14:44');
INSERT INTO `s9_system_group_priv` VALUES ('277', '13', '97', '2019-08-27 20:14:44', '2019-08-27 20:14:44');
INSERT INTO `s9_system_group_priv` VALUES ('278', '13', '108', '2019-08-27 20:14:44', '2019-08-27 20:14:44');
INSERT INTO `s9_system_group_priv` VALUES ('280', '14', '35', '2019-08-27 20:14:44', '2019-08-27 20:14:44');
INSERT INTO `s9_system_group_priv` VALUES ('281', '14', '38', '2019-08-27 20:14:44', '2019-08-27 20:14:44');
INSERT INTO `s9_system_group_priv` VALUES ('282', '14', '100', '2019-08-27 20:14:44', '2019-08-27 20:14:44');
INSERT INTO `s9_system_group_priv` VALUES ('283', '14', '103', '2019-08-27 20:14:44', '2019-08-27 20:14:44');
INSERT INTO `s9_system_group_priv` VALUES ('284', '14', '73', '2019-08-27 20:14:44', '2019-08-27 20:14:44');
INSERT INTO `s9_system_group_priv` VALUES ('285', '14', '97', '2019-08-27 20:14:44', '2019-08-27 20:14:44');
INSERT INTO `s9_system_group_priv` VALUES ('286', '14', '108', '2019-08-27 20:14:44', '2019-08-27 20:14:44');
INSERT INTO `s9_system_group_priv` VALUES ('288', '14', '36', '2019-08-27 20:14:44', '2019-08-27 20:14:44');
INSERT INTO `s9_system_group_priv` VALUES ('289', '14', '37', '2019-08-27 20:14:44', '2019-08-27 20:14:44');
INSERT INTO `s9_system_group_priv` VALUES ('290', '14', '39', '2019-08-27 20:14:44', '2019-08-27 20:14:44');
INSERT INTO `s9_system_group_priv` VALUES ('291', '14', '40', '2019-08-27 20:14:44', '2019-08-27 20:14:44');
INSERT INTO `s9_system_group_priv` VALUES ('292', '14', '101', '2019-08-27 20:14:44', '2019-08-27 20:14:44');
INSERT INTO `s9_system_group_priv` VALUES ('293', '14', '102', '2019-08-27 20:14:44', '2019-08-27 20:14:44');
INSERT INTO `s9_system_group_priv` VALUES ('294', '14', '104', '2019-08-27 20:14:44', '2019-08-27 20:14:44');
INSERT INTO `s9_system_group_priv` VALUES ('295', '14', '105', '2019-08-27 20:14:44', '2019-08-27 20:14:44');
INSERT INTO `s9_system_group_priv` VALUES ('296', '14', '106', '2019-08-27 20:14:44', '2019-08-27 20:14:44');
INSERT INTO `s9_system_group_priv` VALUES ('297', '14', '107', '2019-08-27 20:14:44', '2019-08-27 20:14:44');
INSERT INTO `s9_system_group_priv` VALUES ('298', '14', '74', '2019-08-27 20:14:44', '2019-08-27 20:14:44');
INSERT INTO `s9_system_group_priv` VALUES ('299', '14', '75', '2019-08-27 20:14:44', '2019-08-27 20:14:44');
INSERT INTO `s9_system_group_priv` VALUES ('300', '14', '76', '2019-08-27 20:14:44', '2019-08-27 20:14:44');
INSERT INTO `s9_system_group_priv` VALUES ('301', '14', '77', '2019-08-27 20:14:44', '2019-08-27 20:14:44');
INSERT INTO `s9_system_group_priv` VALUES ('302', '14', '78', '2019-08-27 20:14:44', '2019-08-27 20:14:44');
INSERT INTO `s9_system_group_priv` VALUES ('303', '14', '79', '2019-08-27 20:14:44', '2019-08-27 20:14:44');
INSERT INTO `s9_system_group_priv` VALUES ('304', '14', '80', '2019-08-27 20:14:44', '2019-08-27 20:14:44');
INSERT INTO `s9_system_group_priv` VALUES ('305', '14', '81', '2019-08-27 20:14:44', '2019-08-27 20:14:44');
INSERT INTO `s9_system_group_priv` VALUES ('306', '14', '82', '2019-08-27 20:14:44', '2019-08-27 20:14:44');
INSERT INTO `s9_system_group_priv` VALUES ('307', '14', '83', '2019-08-27 20:14:44', '2019-08-27 20:14:44');
INSERT INTO `s9_system_group_priv` VALUES ('308', '14', '84', '2019-08-27 20:14:44', '2019-08-27 20:14:44');
INSERT INTO `s9_system_group_priv` VALUES ('309', '14', '85', '2019-08-27 20:14:44', '2019-08-27 20:14:44');
INSERT INTO `s9_system_group_priv` VALUES ('310', '14', '86', '2019-08-27 20:14:44', '2019-08-27 20:14:44');
INSERT INTO `s9_system_group_priv` VALUES ('311', '14', '87', '2019-08-27 20:14:44', '2019-08-27 20:14:44');
INSERT INTO `s9_system_group_priv` VALUES ('312', '14', '88', '2019-08-27 20:14:44', '2019-08-27 20:14:44');
INSERT INTO `s9_system_group_priv` VALUES ('313', '14', '89', '2019-08-27 20:14:44', '2019-08-27 20:14:44');
INSERT INTO `s9_system_group_priv` VALUES ('314', '14', '90', '2019-08-27 20:14:44', '2019-08-27 20:14:44');
INSERT INTO `s9_system_group_priv` VALUES ('315', '14', '91', '2019-08-27 20:14:44', '2019-08-27 20:14:44');
INSERT INTO `s9_system_group_priv` VALUES ('316', '14', '98', '2019-08-27 20:14:44', '2019-08-27 20:14:44');
INSERT INTO `s9_system_group_priv` VALUES ('317', '14', '99', '2019-08-27 20:14:44', '2019-08-27 20:14:44');
INSERT INTO `s9_system_group_priv` VALUES ('318', '14', '113', '2019-08-27 20:14:44', '2019-08-27 20:14:44');
INSERT INTO `s9_system_group_priv` VALUES ('319', '14', '114', '2019-08-27 20:14:44', '2019-08-27 20:14:44');
INSERT INTO `s9_system_group_priv` VALUES ('320', '14', '117', '2019-08-27 20:14:44', '2019-08-27 20:14:44');
INSERT INTO `s9_system_group_priv` VALUES ('321', '14', '118', '2019-08-27 20:14:44', '2019-08-27 20:14:44');
INSERT INTO `s9_system_group_priv` VALUES ('322', '14', '119', '2019-08-27 20:14:44', '2019-08-27 20:14:44');
INSERT INTO `s9_system_group_priv` VALUES ('323', '14', '120', '2019-08-27 20:14:44', '2019-08-27 20:14:44');
INSERT INTO `s9_system_group_priv` VALUES ('324', '14', '125', '2019-08-27 20:14:44', '2019-08-27 20:14:44');
INSERT INTO `s9_system_group_priv` VALUES ('325', '14', '126', '2019-08-27 20:14:44', '2019-08-27 20:14:44');
INSERT INTO `s9_system_group_priv` VALUES ('326', '14', '127', '2019-08-27 20:14:44', '2019-08-27 20:14:44');
INSERT INTO `s9_system_group_priv` VALUES ('327', '14', '128', '2019-08-27 20:14:44', '2019-08-27 20:14:44');
INSERT INTO `s9_system_group_priv` VALUES ('328', '14', '129', '2019-08-27 20:14:44', '2019-08-27 20:14:44');
INSERT INTO `s9_system_group_priv` VALUES ('329', '14', '130', '2019-08-27 20:14:44', '2019-08-27 20:14:44');
INSERT INTO `s9_system_group_priv` VALUES ('330', '14', '1', '2019-08-27 20:14:44', '2019-08-27 20:14:44');
INSERT INTO `s9_system_group_priv` VALUES ('331', '14', '2', '2019-08-27 20:14:44', '2019-08-27 20:14:44');
INSERT INTO `s9_system_group_priv` VALUES ('332', '14', '3', '2019-08-27 20:14:44', '2019-08-27 20:14:44');
INSERT INTO `s9_system_group_priv` VALUES ('333', '14', '4', '2019-08-27 20:14:44', '2019-08-27 20:14:44');
INSERT INTO `s9_system_group_priv` VALUES ('334', '14', '5', '2019-08-27 20:14:44', '2019-08-27 20:14:44');
INSERT INTO `s9_system_group_priv` VALUES ('335', '14', '6', '2019-08-27 20:14:44', '2019-08-27 20:14:44');
INSERT INTO `s9_system_group_priv` VALUES ('336', '14', '7', '2019-08-27 20:14:44', '2019-08-27 20:14:44');
INSERT INTO `s9_system_group_priv` VALUES ('337', '14', '8', '2019-08-27 20:14:44', '2019-08-27 20:14:44');
INSERT INTO `s9_system_group_priv` VALUES ('338', '14', '9', '2019-08-27 20:14:44', '2019-08-27 20:14:44');
INSERT INTO `s9_system_group_priv` VALUES ('339', '14', '10', '2019-08-27 20:14:44', '2019-08-27 20:14:44');
INSERT INTO `s9_system_group_priv` VALUES ('340', '14', '12', '2019-08-27 20:14:44', '2019-08-27 20:14:44');
INSERT INTO `s9_system_group_priv` VALUES ('341', '14', '13', '2019-08-27 20:14:44', '2019-08-27 20:14:44');
INSERT INTO `s9_system_group_priv` VALUES ('343', '15', '38', '2019-08-27 20:14:44', '2019-08-27 20:14:44');
INSERT INTO `s9_system_group_priv` VALUES ('346', '15', '73', '2019-08-27 20:14:44', '2019-08-27 20:14:44');
INSERT INTO `s9_system_group_priv` VALUES ('347', '15', '97', '2019-08-27 20:14:44', '2019-08-27 20:14:44');
INSERT INTO `s9_system_group_priv` VALUES ('348', '15', '108', '2019-08-27 20:14:44', '2019-08-27 20:14:44');
INSERT INTO `s9_system_group_priv` VALUES ('350', '15', '39', '2019-08-27 20:14:44', '2019-08-27 20:14:44');
INSERT INTO `s9_system_group_priv` VALUES ('351', '15', '40', '2019-08-27 20:14:44', '2019-08-27 20:14:44');
INSERT INTO `s9_system_group_priv` VALUES ('352', '15', '74', '2019-08-27 20:14:44', '2019-08-27 20:14:44');
INSERT INTO `s9_system_group_priv` VALUES ('353', '15', '75', '2019-08-27 20:14:44', '2019-08-27 20:14:44');
INSERT INTO `s9_system_group_priv` VALUES ('354', '15', '80', '2019-08-27 20:14:44', '2019-08-27 20:14:44');
INSERT INTO `s9_system_group_priv` VALUES ('355', '15', '81', '2019-08-27 20:14:44', '2019-08-27 20:14:44');
INSERT INTO `s9_system_group_priv` VALUES ('356', '15', '82', '2019-08-27 20:14:44', '2019-08-27 20:14:44');
INSERT INTO `s9_system_group_priv` VALUES ('357', '15', '83', '2019-08-27 20:14:44', '2019-08-27 20:14:44');
INSERT INTO `s9_system_group_priv` VALUES ('358', '15', '86', '2019-08-27 20:14:44', '2019-08-27 20:14:44');
INSERT INTO `s9_system_group_priv` VALUES ('359', '15', '87', '2019-08-27 20:14:44', '2019-08-27 20:14:44');
INSERT INTO `s9_system_group_priv` VALUES ('360', '15', '98', '2019-08-27 20:14:44', '2019-08-27 20:14:44');
INSERT INTO `s9_system_group_priv` VALUES ('361', '15', '99', '2019-08-27 20:14:44', '2019-08-27 20:14:44');
INSERT INTO `s9_system_group_priv` VALUES ('362', '15', '113', '2019-08-27 20:14:44', '2019-08-27 20:14:44');
INSERT INTO `s9_system_group_priv` VALUES ('363', '15', '114', '2019-08-27 20:14:44', '2019-08-27 20:14:44');
INSERT INTO `s9_system_group_priv` VALUES ('364', '15', '117', '2019-08-27 20:14:44', '2019-08-27 20:14:44');
INSERT INTO `s9_system_group_priv` VALUES ('365', '15', '118', '2019-08-27 20:14:44', '2019-08-27 20:14:44');
INSERT INTO `s9_system_group_priv` VALUES ('366', '15', '119', '2019-08-27 20:14:44', '2019-08-27 20:14:44');
INSERT INTO `s9_system_group_priv` VALUES ('367', '15', '120', '2019-08-27 20:14:44', '2019-08-27 20:14:44');
INSERT INTO `s9_system_group_priv` VALUES ('368', '15', '125', '2019-08-27 20:14:44', '2019-08-27 20:14:44');
INSERT INTO `s9_system_group_priv` VALUES ('369', '15', '126', '2019-08-27 20:14:44', '2019-08-27 20:14:44');
INSERT INTO `s9_system_group_priv` VALUES ('370', '16', '73', '2019-08-27 20:14:44', '2019-08-27 20:14:44');
INSERT INTO `s9_system_group_priv` VALUES ('371', '16', '97', '2019-08-27 20:14:44', '2019-08-27 20:14:44');
INSERT INTO `s9_system_group_priv` VALUES ('372', '16', '108', '2019-08-27 20:14:44', '2019-08-27 20:14:44');
INSERT INTO `s9_system_group_priv` VALUES ('374', '16', '74', '2019-08-27 20:14:44', '2019-08-27 20:14:44');
INSERT INTO `s9_system_group_priv` VALUES ('375', '16', '75', '2019-08-27 20:14:44', '2019-08-27 20:14:44');
INSERT INTO `s9_system_group_priv` VALUES ('376', '16', '76', '2019-08-27 20:14:44', '2019-08-27 20:14:44');
INSERT INTO `s9_system_group_priv` VALUES ('377', '16', '77', '2019-08-27 20:14:44', '2019-08-27 20:14:44');
INSERT INTO `s9_system_group_priv` VALUES ('378', '16', '78', '2019-08-27 20:14:44', '2019-08-27 20:14:44');
INSERT INTO `s9_system_group_priv` VALUES ('379', '16', '79', '2019-08-27 20:14:44', '2019-08-27 20:14:44');
INSERT INTO `s9_system_group_priv` VALUES ('380', '16', '80', '2019-08-27 20:14:44', '2019-08-27 20:14:44');
INSERT INTO `s9_system_group_priv` VALUES ('381', '16', '81', '2019-08-27 20:14:44', '2019-08-27 20:14:44');
INSERT INTO `s9_system_group_priv` VALUES ('382', '16', '82', '2019-08-27 20:14:44', '2019-08-27 20:14:44');
INSERT INTO `s9_system_group_priv` VALUES ('383', '16', '83', '2019-08-27 20:14:44', '2019-08-27 20:14:44');
INSERT INTO `s9_system_group_priv` VALUES ('384', '16', '84', '2019-08-27 20:14:44', '2019-08-27 20:14:44');
INSERT INTO `s9_system_group_priv` VALUES ('385', '16', '85', '2019-08-27 20:14:44', '2019-08-27 20:14:44');
INSERT INTO `s9_system_group_priv` VALUES ('386', '16', '86', '2019-08-27 20:14:44', '2019-08-27 20:14:44');
INSERT INTO `s9_system_group_priv` VALUES ('387', '16', '87', '2019-08-27 20:14:44', '2019-08-27 20:14:44');
INSERT INTO `s9_system_group_priv` VALUES ('388', '16', '88', '2019-08-27 20:14:44', '2019-08-27 20:14:44');
INSERT INTO `s9_system_group_priv` VALUES ('389', '16', '89', '2019-08-27 20:14:44', '2019-08-27 20:14:44');
INSERT INTO `s9_system_group_priv` VALUES ('390', '16', '90', '2019-08-27 20:14:44', '2019-08-27 20:14:44');
INSERT INTO `s9_system_group_priv` VALUES ('391', '16', '91', '2019-08-27 20:14:44', '2019-08-27 20:14:44');
INSERT INTO `s9_system_group_priv` VALUES ('392', '16', '98', '2019-08-27 20:14:44', '2019-08-27 20:14:44');
INSERT INTO `s9_system_group_priv` VALUES ('393', '16', '99', '2019-08-27 20:14:44', '2019-08-27 20:14:44');
INSERT INTO `s9_system_group_priv` VALUES ('394', '16', '113', '2019-08-27 20:14:44', '2019-08-27 20:14:44');
INSERT INTO `s9_system_group_priv` VALUES ('395', '16', '114', '2019-08-27 20:14:44', '2019-08-27 20:14:44');
INSERT INTO `s9_system_group_priv` VALUES ('396', '16', '117', '2019-08-27 20:14:44', '2019-08-27 20:14:44');
INSERT INTO `s9_system_group_priv` VALUES ('397', '16', '118', '2019-08-27 20:14:44', '2019-08-27 20:14:44');
INSERT INTO `s9_system_group_priv` VALUES ('398', '16', '119', '2019-08-27 20:14:44', '2019-08-27 20:14:44');
INSERT INTO `s9_system_group_priv` VALUES ('399', '16', '120', '2019-08-27 20:14:44', '2019-08-27 20:14:44');
INSERT INTO `s9_system_group_priv` VALUES ('400', '16', '127', '2019-08-27 20:14:44', '2019-08-27 20:14:44');
INSERT INTO `s9_system_group_priv` VALUES ('401', '16', '128', '2019-08-27 20:14:44', '2019-08-27 20:14:44');
INSERT INTO `s9_system_group_priv` VALUES ('402', '16', '129', '2019-08-27 20:14:44', '2019-08-27 20:14:44');
INSERT INTO `s9_system_group_priv` VALUES ('403', '16', '130', '2019-08-27 20:14:44', '2019-08-27 20:14:44');
INSERT INTO `s9_system_group_priv` VALUES ('404', '16', '1', '2019-08-27 20:14:44', '2019-08-27 20:14:44');
INSERT INTO `s9_system_group_priv` VALUES ('405', '16', '2', '2019-08-27 20:14:44', '2019-08-27 20:14:44');
INSERT INTO `s9_system_group_priv` VALUES ('406', '16', '3', '2019-08-27 20:14:44', '2019-08-27 20:14:44');
INSERT INTO `s9_system_group_priv` VALUES ('407', '16', '4', '2019-08-27 20:14:44', '2019-08-27 20:14:44');
INSERT INTO `s9_system_group_priv` VALUES ('408', '16', '5', '2019-08-27 20:14:44', '2019-08-27 20:14:44');
INSERT INTO `s9_system_group_priv` VALUES ('409', '16', '6', '2019-08-27 20:14:44', '2019-08-27 20:14:44');
INSERT INTO `s9_system_group_priv` VALUES ('410', '16', '7', '2019-08-27 20:14:44', '2019-08-27 20:14:44');
INSERT INTO `s9_system_group_priv` VALUES ('411', '16', '8', '2019-08-27 20:14:44', '2019-08-27 20:14:44');
INSERT INTO `s9_system_group_priv` VALUES ('412', '16', '9', '2019-08-27 20:14:44', '2019-08-27 20:14:44');
INSERT INTO `s9_system_group_priv` VALUES ('413', '16', '10', '2019-08-27 20:14:44', '2019-08-27 20:14:44');
INSERT INTO `s9_system_group_priv` VALUES ('414', '16', '12', '2019-08-27 20:14:44', '2019-08-27 20:14:44');
INSERT INTO `s9_system_group_priv` VALUES ('415', '16', '13', '2019-08-27 20:14:44', '2019-08-27 20:14:44');
INSERT INTO `s9_system_group_priv` VALUES ('416', '17', '73', '2019-08-27 20:14:44', '2019-08-27 20:14:44');
INSERT INTO `s9_system_group_priv` VALUES ('418', '17', '108', '2019-08-27 20:14:44', '2019-08-27 20:14:44');
INSERT INTO `s9_system_group_priv` VALUES ('420', '17', '74', '2019-08-27 20:14:44', '2019-08-27 20:14:44');
INSERT INTO `s9_system_group_priv` VALUES ('421', '17', '75', '2019-08-27 20:14:44', '2019-08-27 20:14:44');
INSERT INTO `s9_system_group_priv` VALUES ('422', '17', '80', '2019-08-27 20:14:44', '2019-08-27 20:14:44');
INSERT INTO `s9_system_group_priv` VALUES ('423', '17', '81', '2019-08-27 20:14:44', '2019-08-27 20:14:44');
INSERT INTO `s9_system_group_priv` VALUES ('424', '17', '82', '2019-08-27 20:14:44', '2019-08-27 20:14:44');
INSERT INTO `s9_system_group_priv` VALUES ('425', '17', '83', '2019-08-27 20:14:44', '2019-08-27 20:14:44');
INSERT INTO `s9_system_group_priv` VALUES ('426', '17', '84', '2019-08-27 20:14:44', '2019-08-27 20:14:44');
INSERT INTO `s9_system_group_priv` VALUES ('427', '17', '85', '2019-08-27 20:14:44', '2019-08-27 20:14:44');
INSERT INTO `s9_system_group_priv` VALUES ('428', '17', '86', '2019-08-27 20:14:44', '2019-08-27 20:14:44');
INSERT INTO `s9_system_group_priv` VALUES ('429', '17', '87', '2019-08-27 20:14:44', '2019-08-27 20:14:44');
INSERT INTO `s9_system_group_priv` VALUES ('430', '17', '117', '2019-08-27 20:14:44', '2019-08-27 20:14:44');
INSERT INTO `s9_system_group_priv` VALUES ('431', '17', '118', '2019-08-27 20:14:44', '2019-08-27 20:14:44');
INSERT INTO `s9_system_group_priv` VALUES ('432', '17', '119', '2019-08-27 20:14:44', '2019-08-27 20:14:44');
INSERT INTO `s9_system_group_priv` VALUES ('433', '17', '120', '2019-08-27 20:14:44', '2019-08-27 20:14:44');
INSERT INTO `s9_system_group_priv` VALUES ('434', '18', '35', '2019-08-27 20:14:44', '2019-08-27 20:14:44');
INSERT INTO `s9_system_group_priv` VALUES ('435', '18', '38', '2019-08-27 20:14:44', '2019-08-27 20:14:44');
INSERT INTO `s9_system_group_priv` VALUES ('438', '18', '73', '2019-08-27 20:14:44', '2019-08-27 20:14:44');
INSERT INTO `s9_system_group_priv` VALUES ('442', '18', '74', '2019-08-27 20:14:44', '2019-08-27 20:14:44');
INSERT INTO `s9_system_group_priv` VALUES ('443', '18', '75', '2019-08-27 20:14:44', '2019-08-27 20:14:44');
INSERT INTO `s9_system_group_priv` VALUES ('444', '19', '73', '2019-08-27 20:14:44', '2019-08-27 20:14:44');
INSERT INTO `s9_system_group_priv` VALUES ('445', '19', '97', '2019-08-27 20:14:44', '2019-08-27 20:14:44');
INSERT INTO `s9_system_group_priv` VALUES ('446', '19', '108', '2019-08-27 20:14:44', '2019-08-27 20:14:44');
INSERT INTO `s9_system_group_priv` VALUES ('448', '19', '74', '2019-08-27 20:14:44', '2019-08-27 20:14:44');
INSERT INTO `s9_system_group_priv` VALUES ('449', '19', '75', '2019-08-27 20:14:44', '2019-08-27 20:14:44');
INSERT INTO `s9_system_group_priv` VALUES ('450', '19', '76', '2019-08-27 20:14:44', '2019-08-27 20:14:44');
INSERT INTO `s9_system_group_priv` VALUES ('451', '19', '77', '2019-08-27 20:14:44', '2019-08-27 20:14:44');
INSERT INTO `s9_system_group_priv` VALUES ('452', '19', '78', '2019-08-27 20:14:44', '2019-08-27 20:14:44');
INSERT INTO `s9_system_group_priv` VALUES ('453', '19', '79', '2019-08-27 20:14:44', '2019-08-27 20:14:44');
INSERT INTO `s9_system_group_priv` VALUES ('454', '19', '80', '2019-08-27 20:14:44', '2019-08-27 20:14:44');
INSERT INTO `s9_system_group_priv` VALUES ('455', '19', '81', '2019-08-27 20:14:44', '2019-08-27 20:14:44');
INSERT INTO `s9_system_group_priv` VALUES ('456', '19', '82', '2019-08-27 20:14:44', '2019-08-27 20:14:44');
INSERT INTO `s9_system_group_priv` VALUES ('457', '19', '83', '2019-08-27 20:14:44', '2019-08-27 20:14:44');
INSERT INTO `s9_system_group_priv` VALUES ('458', '19', '84', '2019-08-27 20:14:44', '2019-08-27 20:14:44');
INSERT INTO `s9_system_group_priv` VALUES ('459', '19', '85', '2019-08-27 20:14:44', '2019-08-27 20:14:44');
INSERT INTO `s9_system_group_priv` VALUES ('460', '19', '86', '2019-08-27 20:14:44', '2019-08-27 20:14:44');
INSERT INTO `s9_system_group_priv` VALUES ('461', '19', '87', '2019-08-27 20:14:44', '2019-08-27 20:14:44');
INSERT INTO `s9_system_group_priv` VALUES ('462', '19', '88', '2019-08-27 20:14:44', '2019-08-27 20:14:44');
INSERT INTO `s9_system_group_priv` VALUES ('463', '19', '89', '2019-08-27 20:14:44', '2019-08-27 20:14:44');
INSERT INTO `s9_system_group_priv` VALUES ('464', '19', '90', '2019-08-27 20:14:44', '2019-08-27 20:14:44');
INSERT INTO `s9_system_group_priv` VALUES ('465', '19', '91', '2019-08-27 20:14:44', '2019-08-27 20:14:44');
INSERT INTO `s9_system_group_priv` VALUES ('466', '19', '98', '2019-08-27 20:14:44', '2019-08-27 20:14:44');
INSERT INTO `s9_system_group_priv` VALUES ('467', '19', '99', '2019-08-27 20:14:44', '2019-08-27 20:14:44');
INSERT INTO `s9_system_group_priv` VALUES ('468', '19', '113', '2019-08-27 20:14:44', '2019-08-27 20:14:44');
INSERT INTO `s9_system_group_priv` VALUES ('469', '19', '114', '2019-08-27 20:14:44', '2019-08-27 20:14:44');
INSERT INTO `s9_system_group_priv` VALUES ('470', '19', '115', '2019-08-27 20:14:44', '2019-08-27 20:14:44');
INSERT INTO `s9_system_group_priv` VALUES ('471', '19', '116', '2019-08-27 20:14:44', '2019-08-27 20:14:44');
INSERT INTO `s9_system_group_priv` VALUES ('472', '19', '117', '2019-08-27 20:14:44', '2019-08-27 20:14:44');
INSERT INTO `s9_system_group_priv` VALUES ('473', '19', '118', '2019-08-27 20:14:44', '2019-08-27 20:14:44');
INSERT INTO `s9_system_group_priv` VALUES ('474', '19', '119', '2019-08-27 20:14:44', '2019-08-27 20:14:44');
INSERT INTO `s9_system_group_priv` VALUES ('475', '19', '120', '2019-08-27 20:14:44', '2019-08-27 20:14:44');
INSERT INTO `s9_system_group_priv` VALUES ('476', '19', '127', '2019-08-27 20:14:44', '2019-08-27 20:14:44');
INSERT INTO `s9_system_group_priv` VALUES ('477', '19', '128', '2019-08-27 20:14:44', '2019-08-27 20:14:44');
INSERT INTO `s9_system_group_priv` VALUES ('478', '19', '129', '2019-08-27 20:14:44', '2019-08-27 20:14:44');
INSERT INTO `s9_system_group_priv` VALUES ('479', '19', '130', '2019-08-27 20:14:44', '2019-08-27 20:14:44');
INSERT INTO `s9_system_group_priv` VALUES ('480', '19', '1', '2019-08-27 20:14:44', '2019-08-27 20:14:44');
INSERT INTO `s9_system_group_priv` VALUES ('481', '19', '2', '2019-08-27 20:14:44', '2019-08-27 20:14:44');
INSERT INTO `s9_system_group_priv` VALUES ('482', '19', '3', '2019-08-27 20:14:44', '2019-08-27 20:14:44');
INSERT INTO `s9_system_group_priv` VALUES ('483', '19', '4', '2019-08-27 20:14:44', '2019-08-27 20:14:44');
INSERT INTO `s9_system_group_priv` VALUES ('484', '19', '5', '2019-08-27 20:14:44', '2019-08-27 20:14:44');
INSERT INTO `s9_system_group_priv` VALUES ('485', '19', '6', '2019-08-27 20:14:44', '2019-08-27 20:14:44');
INSERT INTO `s9_system_group_priv` VALUES ('486', '19', '7', '2019-08-27 20:14:44', '2019-08-27 20:14:44');
INSERT INTO `s9_system_group_priv` VALUES ('487', '19', '8', '2019-08-27 20:14:44', '2019-08-27 20:14:44');
INSERT INTO `s9_system_group_priv` VALUES ('488', '19', '9', '2019-08-27 20:14:44', '2019-08-27 20:14:44');
INSERT INTO `s9_system_group_priv` VALUES ('489', '19', '10', '2019-08-27 20:14:44', '2019-08-27 20:14:44');
INSERT INTO `s9_system_group_priv` VALUES ('490', '19', '12', '2019-08-27 20:14:44', '2019-08-27 20:14:44');
INSERT INTO `s9_system_group_priv` VALUES ('491', '19', '13', '2019-08-27 20:14:44', '2019-08-27 20:14:44');
INSERT INTO `s9_system_group_priv` VALUES ('492', '20', '73', '2019-08-27 20:14:44', '2019-08-27 20:14:44');
INSERT INTO `s9_system_group_priv` VALUES ('493', '20', '97', '2019-08-27 20:14:44', '2019-08-27 20:14:44');
INSERT INTO `s9_system_group_priv` VALUES ('494', '20', '108', '2019-08-27 20:14:44', '2019-08-27 20:14:44');
INSERT INTO `s9_system_group_priv` VALUES ('496', '20', '74', '2019-08-27 20:14:44', '2019-08-27 20:14:44');
INSERT INTO `s9_system_group_priv` VALUES ('497', '20', '75', '2019-08-27 20:14:44', '2019-08-27 20:14:44');
INSERT INTO `s9_system_group_priv` VALUES ('498', '20', '76', '2019-08-27 20:14:44', '2019-08-27 20:14:44');
INSERT INTO `s9_system_group_priv` VALUES ('499', '20', '77', '2019-08-27 20:14:44', '2019-08-27 20:14:44');
INSERT INTO `s9_system_group_priv` VALUES ('500', '20', '78', '2019-08-27 20:14:44', '2019-08-27 20:14:44');
INSERT INTO `s9_system_group_priv` VALUES ('501', '20', '79', '2019-08-27 20:14:44', '2019-08-27 20:14:44');
INSERT INTO `s9_system_group_priv` VALUES ('502', '20', '80', '2019-08-27 20:14:44', '2019-08-27 20:14:44');
INSERT INTO `s9_system_group_priv` VALUES ('503', '20', '81', '2019-08-27 20:14:44', '2019-08-27 20:14:44');
INSERT INTO `s9_system_group_priv` VALUES ('504', '20', '82', '2019-08-27 20:14:44', '2019-08-27 20:14:44');
INSERT INTO `s9_system_group_priv` VALUES ('505', '20', '83', '2019-08-27 20:14:44', '2019-08-27 20:14:44');
INSERT INTO `s9_system_group_priv` VALUES ('506', '20', '84', '2019-08-27 20:14:44', '2019-08-27 20:14:44');
INSERT INTO `s9_system_group_priv` VALUES ('507', '20', '85', '2019-08-27 20:14:44', '2019-08-27 20:14:44');
INSERT INTO `s9_system_group_priv` VALUES ('508', '20', '86', '2019-08-27 20:14:44', '2019-08-27 20:14:44');
INSERT INTO `s9_system_group_priv` VALUES ('509', '20', '87', '2019-08-27 20:14:44', '2019-08-27 20:14:44');
INSERT INTO `s9_system_group_priv` VALUES ('510', '20', '88', '2019-08-27 20:14:44', '2019-08-27 20:14:44');
INSERT INTO `s9_system_group_priv` VALUES ('511', '20', '89', '2019-08-27 20:14:44', '2019-08-27 20:14:44');
INSERT INTO `s9_system_group_priv` VALUES ('512', '20', '90', '2019-08-27 20:14:44', '2019-08-27 20:14:44');
INSERT INTO `s9_system_group_priv` VALUES ('513', '20', '91', '2019-08-27 20:14:44', '2019-08-27 20:14:44');
INSERT INTO `s9_system_group_priv` VALUES ('514', '20', '98', '2019-08-27 20:14:44', '2019-08-27 20:14:44');
INSERT INTO `s9_system_group_priv` VALUES ('515', '20', '99', '2019-08-27 20:14:44', '2019-08-27 20:14:44');
INSERT INTO `s9_system_group_priv` VALUES ('516', '20', '113', '2019-08-27 20:14:44', '2019-08-27 20:14:44');
INSERT INTO `s9_system_group_priv` VALUES ('517', '20', '114', '2019-08-27 20:14:44', '2019-08-27 20:14:44');
INSERT INTO `s9_system_group_priv` VALUES ('518', '20', '115', '2019-08-27 20:14:44', '2019-08-27 20:14:44');
INSERT INTO `s9_system_group_priv` VALUES ('519', '20', '116', '2019-08-27 20:14:44', '2019-08-27 20:14:44');
INSERT INTO `s9_system_group_priv` VALUES ('520', '20', '117', '2019-08-27 20:14:44', '2019-08-27 20:14:44');
INSERT INTO `s9_system_group_priv` VALUES ('521', '20', '118', '2019-08-27 20:14:44', '2019-08-27 20:14:44');
INSERT INTO `s9_system_group_priv` VALUES ('522', '20', '119', '2019-08-27 20:14:45', '2019-08-27 20:14:45');
INSERT INTO `s9_system_group_priv` VALUES ('523', '20', '120', '2019-08-27 20:14:45', '2019-08-27 20:14:45');
INSERT INTO `s9_system_group_priv` VALUES ('524', '20', '127', '2019-08-27 20:14:45', '2019-08-27 20:14:45');
INSERT INTO `s9_system_group_priv` VALUES ('525', '20', '128', '2019-08-27 20:14:45', '2019-08-27 20:14:45');
INSERT INTO `s9_system_group_priv` VALUES ('526', '20', '129', '2019-08-27 20:14:45', '2019-08-27 20:14:45');
INSERT INTO `s9_system_group_priv` VALUES ('527', '20', '130', '2019-08-27 20:14:45', '2019-08-27 20:14:45');
INSERT INTO `s9_system_group_priv` VALUES ('528', '20', '1', '2019-08-27 20:14:45', '2019-08-27 20:14:45');
INSERT INTO `s9_system_group_priv` VALUES ('529', '20', '2', '2019-08-27 20:14:45', '2019-08-27 20:14:45');
INSERT INTO `s9_system_group_priv` VALUES ('530', '20', '3', '2019-08-27 20:14:45', '2019-08-27 20:14:45');
INSERT INTO `s9_system_group_priv` VALUES ('531', '20', '4', '2019-08-27 20:14:45', '2019-08-27 20:14:45');
INSERT INTO `s9_system_group_priv` VALUES ('532', '20', '5', '2019-08-27 20:14:45', '2019-08-27 20:14:45');
INSERT INTO `s9_system_group_priv` VALUES ('533', '20', '6', '2019-08-27 20:14:45', '2019-08-27 20:14:45');
INSERT INTO `s9_system_group_priv` VALUES ('534', '20', '7', '2019-08-27 20:14:45', '2019-08-27 20:14:45');
INSERT INTO `s9_system_group_priv` VALUES ('535', '20', '8', '2019-08-27 20:14:45', '2019-08-27 20:14:45');
INSERT INTO `s9_system_group_priv` VALUES ('536', '20', '9', '2019-08-27 20:14:45', '2019-08-27 20:14:45');
INSERT INTO `s9_system_group_priv` VALUES ('537', '20', '10', '2019-08-27 20:14:45', '2019-08-27 20:14:45');
INSERT INTO `s9_system_group_priv` VALUES ('538', '20', '12', '2019-08-27 20:14:45', '2019-08-27 20:14:45');
INSERT INTO `s9_system_group_priv` VALUES ('539', '20', '13', '2019-08-27 20:14:45', '2019-08-27 20:14:45');
INSERT INTO `s9_system_group_priv` VALUES ('540', '21', '73', '2019-08-27 20:14:45', '2019-08-27 20:14:45');
INSERT INTO `s9_system_group_priv` VALUES ('544', '21', '74', '2019-08-27 20:14:45', '2019-08-27 20:14:45');
INSERT INTO `s9_system_group_priv` VALUES ('545', '21', '75', '2019-08-27 20:14:45', '2019-08-27 20:14:45');
INSERT INTO `s9_system_group_priv` VALUES ('546', '22', '73', '2019-08-27 20:14:45', '2019-08-27 20:14:45');
INSERT INTO `s9_system_group_priv` VALUES ('547', '22', '97', '2019-08-27 20:14:45', '2019-08-27 20:14:45');
INSERT INTO `s9_system_group_priv` VALUES ('548', '22', '108', '2019-08-27 20:14:45', '2019-08-27 20:14:45');
INSERT INTO `s9_system_group_priv` VALUES ('550', '22', '74', '2019-08-27 20:14:45', '2019-08-27 20:14:45');
INSERT INTO `s9_system_group_priv` VALUES ('551', '22', '75', '2019-08-27 20:14:45', '2019-08-27 20:14:45');
INSERT INTO `s9_system_group_priv` VALUES ('552', '22', '76', '2019-08-27 20:14:45', '2019-08-27 20:14:45');
INSERT INTO `s9_system_group_priv` VALUES ('553', '22', '77', '2019-08-27 20:14:45', '2019-08-27 20:14:45');
INSERT INTO `s9_system_group_priv` VALUES ('554', '22', '78', '2019-08-27 20:14:45', '2019-08-27 20:14:45');
INSERT INTO `s9_system_group_priv` VALUES ('555', '22', '79', '2019-08-27 20:14:45', '2019-08-27 20:14:45');
INSERT INTO `s9_system_group_priv` VALUES ('556', '22', '80', '2019-08-27 20:14:45', '2019-08-27 20:14:45');
INSERT INTO `s9_system_group_priv` VALUES ('557', '22', '81', '2019-08-27 20:14:45', '2019-08-27 20:14:45');
INSERT INTO `s9_system_group_priv` VALUES ('558', '22', '82', '2019-08-27 20:14:45', '2019-08-27 20:14:45');
INSERT INTO `s9_system_group_priv` VALUES ('559', '22', '83', '2019-08-27 20:14:45', '2019-08-27 20:14:45');
INSERT INTO `s9_system_group_priv` VALUES ('560', '22', '84', '2019-08-27 20:14:45', '2019-08-27 20:14:45');
INSERT INTO `s9_system_group_priv` VALUES ('561', '22', '85', '2019-08-27 20:14:45', '2019-08-27 20:14:45');
INSERT INTO `s9_system_group_priv` VALUES ('562', '22', '86', '2019-08-27 20:14:45', '2019-08-27 20:14:45');
INSERT INTO `s9_system_group_priv` VALUES ('563', '22', '87', '2019-08-27 20:14:45', '2019-08-27 20:14:45');
INSERT INTO `s9_system_group_priv` VALUES ('564', '22', '88', '2019-08-27 20:14:45', '2019-08-27 20:14:45');
INSERT INTO `s9_system_group_priv` VALUES ('565', '22', '89', '2019-08-27 20:14:45', '2019-08-27 20:14:45');
INSERT INTO `s9_system_group_priv` VALUES ('566', '22', '90', '2019-08-27 20:14:45', '2019-08-27 20:14:45');
INSERT INTO `s9_system_group_priv` VALUES ('567', '22', '91', '2019-08-27 20:14:45', '2019-08-27 20:14:45');
INSERT INTO `s9_system_group_priv` VALUES ('568', '22', '98', '2019-08-27 20:14:45', '2019-08-27 20:14:45');
INSERT INTO `s9_system_group_priv` VALUES ('569', '22', '99', '2019-08-27 20:14:45', '2019-08-27 20:14:45');
INSERT INTO `s9_system_group_priv` VALUES ('570', '22', '113', '2019-08-27 20:14:45', '2019-08-27 20:14:45');
INSERT INTO `s9_system_group_priv` VALUES ('571', '22', '114', '2019-08-27 20:14:45', '2019-08-27 20:14:45');
INSERT INTO `s9_system_group_priv` VALUES ('572', '22', '115', '2019-08-27 20:14:45', '2019-08-27 20:14:45');
INSERT INTO `s9_system_group_priv` VALUES ('573', '22', '116', '2019-08-27 20:14:45', '2019-08-27 20:14:45');
INSERT INTO `s9_system_group_priv` VALUES ('574', '22', '117', '2019-08-27 20:14:45', '2019-08-27 20:14:45');
INSERT INTO `s9_system_group_priv` VALUES ('575', '22', '118', '2019-08-27 20:14:45', '2019-08-27 20:14:45');
INSERT INTO `s9_system_group_priv` VALUES ('576', '22', '119', '2019-08-27 20:14:45', '2019-08-27 20:14:45');
INSERT INTO `s9_system_group_priv` VALUES ('577', '22', '120', '2019-08-27 20:14:45', '2019-08-27 20:14:45');
INSERT INTO `s9_system_group_priv` VALUES ('578', '22', '127', '2019-08-27 20:14:45', '2019-08-27 20:14:45');
INSERT INTO `s9_system_group_priv` VALUES ('579', '22', '128', '2019-08-27 20:14:45', '2019-08-27 20:14:45');
INSERT INTO `s9_system_group_priv` VALUES ('580', '22', '129', '2019-08-27 20:14:45', '2019-08-27 20:14:45');
INSERT INTO `s9_system_group_priv` VALUES ('581', '22', '130', '2019-08-27 20:14:45', '2019-08-27 20:14:45');
INSERT INTO `s9_system_group_priv` VALUES ('582', '22', '1', '2019-08-27 20:14:45', '2019-08-27 20:14:45');
INSERT INTO `s9_system_group_priv` VALUES ('583', '22', '2', '2019-08-27 20:14:45', '2019-08-27 20:14:45');
INSERT INTO `s9_system_group_priv` VALUES ('584', '22', '3', '2019-08-27 20:14:45', '2019-08-27 20:14:45');
INSERT INTO `s9_system_group_priv` VALUES ('585', '22', '4', '2019-08-27 20:14:45', '2019-08-27 20:14:45');
INSERT INTO `s9_system_group_priv` VALUES ('586', '22', '5', '2019-08-27 20:14:45', '2019-08-27 20:14:45');
INSERT INTO `s9_system_group_priv` VALUES ('587', '22', '6', '2019-08-27 20:14:45', '2019-08-27 20:14:45');
INSERT INTO `s9_system_group_priv` VALUES ('588', '22', '7', '2019-08-27 20:14:45', '2019-08-27 20:14:45');
INSERT INTO `s9_system_group_priv` VALUES ('589', '22', '8', '2019-08-27 20:14:45', '2019-08-27 20:14:45');
INSERT INTO `s9_system_group_priv` VALUES ('590', '22', '9', '2019-08-27 20:14:45', '2019-08-27 20:14:45');
INSERT INTO `s9_system_group_priv` VALUES ('591', '22', '10', '2019-08-27 20:14:45', '2019-08-27 20:14:45');
INSERT INTO `s9_system_group_priv` VALUES ('592', '22', '12', '2019-08-27 20:14:45', '2019-08-27 20:14:45');
INSERT INTO `s9_system_group_priv` VALUES ('593', '22', '13', '2019-08-27 20:14:45', '2019-08-27 20:14:45');
INSERT INTO `s9_system_group_priv` VALUES ('594', '23', '73', '2019-08-27 20:14:45', '2019-08-27 20:14:45');
INSERT INTO `s9_system_group_priv` VALUES ('595', '23', '97', '2019-08-27 20:14:45', '2019-08-27 20:14:45');
INSERT INTO `s9_system_group_priv` VALUES ('596', '23', '108', '2019-08-27 20:14:45', '2019-08-27 20:14:45');
INSERT INTO `s9_system_group_priv` VALUES ('598', '23', '74', '2019-08-27 20:14:45', '2019-08-27 20:14:45');
INSERT INTO `s9_system_group_priv` VALUES ('599', '23', '75', '2019-08-27 20:14:45', '2019-08-27 20:14:45');
INSERT INTO `s9_system_group_priv` VALUES ('600', '23', '76', '2019-08-27 20:14:45', '2019-08-27 20:14:45');
INSERT INTO `s9_system_group_priv` VALUES ('601', '23', '77', '2019-08-27 20:14:45', '2019-08-27 20:14:45');
INSERT INTO `s9_system_group_priv` VALUES ('602', '23', '78', '2019-08-27 20:14:45', '2019-08-27 20:14:45');
INSERT INTO `s9_system_group_priv` VALUES ('603', '23', '79', '2019-08-27 20:14:45', '2019-08-27 20:14:45');
INSERT INTO `s9_system_group_priv` VALUES ('604', '23', '80', '2019-08-27 20:14:45', '2019-08-27 20:14:45');
INSERT INTO `s9_system_group_priv` VALUES ('605', '23', '81', '2019-08-27 20:14:45', '2019-08-27 20:14:45');
INSERT INTO `s9_system_group_priv` VALUES ('606', '23', '82', '2019-08-27 20:14:45', '2019-08-27 20:14:45');
INSERT INTO `s9_system_group_priv` VALUES ('607', '23', '83', '2019-08-27 20:14:45', '2019-08-27 20:14:45');
INSERT INTO `s9_system_group_priv` VALUES ('608', '23', '84', '2019-08-27 20:14:45', '2019-08-27 20:14:45');
INSERT INTO `s9_system_group_priv` VALUES ('609', '23', '85', '2019-08-27 20:14:45', '2019-08-27 20:14:45');
INSERT INTO `s9_system_group_priv` VALUES ('610', '23', '86', '2019-08-27 20:14:45', '2019-08-27 20:14:45');
INSERT INTO `s9_system_group_priv` VALUES ('611', '23', '87', '2019-08-27 20:14:45', '2019-08-27 20:14:45');
INSERT INTO `s9_system_group_priv` VALUES ('612', '23', '88', '2019-08-27 20:14:45', '2019-08-27 20:14:45');
INSERT INTO `s9_system_group_priv` VALUES ('613', '23', '89', '2019-08-27 20:14:45', '2019-08-27 20:14:45');
INSERT INTO `s9_system_group_priv` VALUES ('614', '23', '90', '2019-08-27 20:14:45', '2019-08-27 20:14:45');
INSERT INTO `s9_system_group_priv` VALUES ('615', '23', '91', '2019-08-27 20:14:45', '2019-08-27 20:14:45');
INSERT INTO `s9_system_group_priv` VALUES ('616', '23', '98', '2019-08-27 20:14:45', '2019-08-27 20:14:45');
INSERT INTO `s9_system_group_priv` VALUES ('617', '23', '99', '2019-08-27 20:14:45', '2019-08-27 20:14:45');
INSERT INTO `s9_system_group_priv` VALUES ('618', '23', '113', '2019-08-27 20:14:45', '2019-08-27 20:14:45');
INSERT INTO `s9_system_group_priv` VALUES ('619', '23', '114', '2019-08-27 20:14:45', '2019-08-27 20:14:45');
INSERT INTO `s9_system_group_priv` VALUES ('620', '23', '115', '2019-08-27 20:14:45', '2019-08-27 20:14:45');
INSERT INTO `s9_system_group_priv` VALUES ('621', '23', '116', '2019-08-27 20:14:45', '2019-08-27 20:14:45');
INSERT INTO `s9_system_group_priv` VALUES ('622', '23', '117', '2019-08-27 20:14:45', '2019-08-27 20:14:45');
INSERT INTO `s9_system_group_priv` VALUES ('623', '23', '118', '2019-08-27 20:14:45', '2019-08-27 20:14:45');
INSERT INTO `s9_system_group_priv` VALUES ('624', '23', '119', '2019-08-27 20:14:45', '2019-08-27 20:14:45');
INSERT INTO `s9_system_group_priv` VALUES ('625', '23', '120', '2019-08-27 20:14:45', '2019-08-27 20:14:45');
INSERT INTO `s9_system_group_priv` VALUES ('626', '23', '127', '2019-08-27 20:14:45', '2019-08-27 20:14:45');
INSERT INTO `s9_system_group_priv` VALUES ('627', '23', '128', '2019-08-27 20:14:45', '2019-08-27 20:14:45');
INSERT INTO `s9_system_group_priv` VALUES ('628', '23', '129', '2019-08-27 20:14:45', '2019-08-27 20:14:45');
INSERT INTO `s9_system_group_priv` VALUES ('629', '23', '130', '2019-08-27 20:14:45', '2019-08-27 20:14:45');
INSERT INTO `s9_system_group_priv` VALUES ('630', '23', '1', '2019-08-27 20:14:45', '2019-08-27 20:14:45');
INSERT INTO `s9_system_group_priv` VALUES ('631', '23', '2', '2019-08-27 20:14:45', '2019-08-27 20:14:45');
INSERT INTO `s9_system_group_priv` VALUES ('632', '23', '3', '2019-08-27 20:14:45', '2019-08-27 20:14:45');
INSERT INTO `s9_system_group_priv` VALUES ('633', '23', '4', '2019-08-27 20:14:45', '2019-08-27 20:14:45');
INSERT INTO `s9_system_group_priv` VALUES ('634', '23', '5', '2019-08-27 20:14:45', '2019-08-27 20:14:45');
INSERT INTO `s9_system_group_priv` VALUES ('635', '23', '6', '2019-08-27 20:14:45', '2019-08-27 20:14:45');
INSERT INTO `s9_system_group_priv` VALUES ('636', '23', '7', '2019-08-27 20:14:45', '2019-08-27 20:14:45');
INSERT INTO `s9_system_group_priv` VALUES ('637', '23', '8', '2019-08-27 20:14:45', '2019-08-27 20:14:45');
INSERT INTO `s9_system_group_priv` VALUES ('638', '23', '9', '2019-08-27 20:14:45', '2019-08-27 20:14:45');
INSERT INTO `s9_system_group_priv` VALUES ('639', '23', '10', '2019-08-27 20:14:45', '2019-08-27 20:14:45');
INSERT INTO `s9_system_group_priv` VALUES ('640', '23', '12', '2019-08-27 20:14:45', '2019-08-27 20:14:45');
INSERT INTO `s9_system_group_priv` VALUES ('641', '23', '13', '2019-08-27 20:14:45', '2019-08-27 20:14:45');
INSERT INTO `s9_system_group_priv` VALUES ('642', '24', '73', '2019-08-27 20:14:45', '2019-08-27 20:14:45');
INSERT INTO `s9_system_group_priv` VALUES ('643', '24', '97', '2019-08-27 20:14:45', '2019-08-27 20:14:45');
INSERT INTO `s9_system_group_priv` VALUES ('644', '24', '108', '2019-08-27 20:14:45', '2019-08-27 20:14:45');
INSERT INTO `s9_system_group_priv` VALUES ('646', '24', '74', '2019-08-27 20:14:45', '2019-08-27 20:14:45');
INSERT INTO `s9_system_group_priv` VALUES ('647', '24', '75', '2019-08-27 20:14:45', '2019-08-27 20:14:45');
INSERT INTO `s9_system_group_priv` VALUES ('648', '24', '76', '2019-08-27 20:14:45', '2019-08-27 20:14:45');
INSERT INTO `s9_system_group_priv` VALUES ('649', '24', '77', '2019-08-27 20:14:45', '2019-08-27 20:14:45');
INSERT INTO `s9_system_group_priv` VALUES ('650', '24', '78', '2019-08-27 20:14:45', '2019-08-27 20:14:45');
INSERT INTO `s9_system_group_priv` VALUES ('651', '24', '79', '2019-08-27 20:14:45', '2019-08-27 20:14:45');
INSERT INTO `s9_system_group_priv` VALUES ('652', '24', '80', '2019-08-27 20:14:45', '2019-08-27 20:14:45');
INSERT INTO `s9_system_group_priv` VALUES ('653', '24', '81', '2019-08-27 20:14:45', '2019-08-27 20:14:45');
INSERT INTO `s9_system_group_priv` VALUES ('654', '24', '82', '2019-08-27 20:14:45', '2019-08-27 20:14:45');
INSERT INTO `s9_system_group_priv` VALUES ('655', '24', '83', '2019-08-27 20:14:45', '2019-08-27 20:14:45');
INSERT INTO `s9_system_group_priv` VALUES ('656', '24', '84', '2019-08-27 20:14:45', '2019-08-27 20:14:45');
INSERT INTO `s9_system_group_priv` VALUES ('657', '24', '85', '2019-08-27 20:14:45', '2019-08-27 20:14:45');
INSERT INTO `s9_system_group_priv` VALUES ('658', '24', '86', '2019-08-27 20:14:45', '2019-08-27 20:14:45');
INSERT INTO `s9_system_group_priv` VALUES ('659', '24', '87', '2019-08-27 20:14:45', '2019-08-27 20:14:45');
INSERT INTO `s9_system_group_priv` VALUES ('660', '24', '88', '2019-08-27 20:14:45', '2019-08-27 20:14:45');
INSERT INTO `s9_system_group_priv` VALUES ('661', '24', '89', '2019-08-27 20:14:45', '2019-08-27 20:14:45');
INSERT INTO `s9_system_group_priv` VALUES ('662', '24', '90', '2019-08-27 20:14:45', '2019-08-27 20:14:45');
INSERT INTO `s9_system_group_priv` VALUES ('663', '24', '91', '2019-08-27 20:14:45', '2019-08-27 20:14:45');
INSERT INTO `s9_system_group_priv` VALUES ('664', '24', '98', '2019-08-27 20:14:45', '2019-08-27 20:14:45');
INSERT INTO `s9_system_group_priv` VALUES ('665', '24', '99', '2019-08-27 20:14:45', '2019-08-27 20:14:45');
INSERT INTO `s9_system_group_priv` VALUES ('666', '24', '113', '2019-08-27 20:14:45', '2019-08-27 20:14:45');
INSERT INTO `s9_system_group_priv` VALUES ('667', '24', '114', '2019-08-27 20:14:45', '2019-08-27 20:14:45');
INSERT INTO `s9_system_group_priv` VALUES ('668', '24', '115', '2019-08-27 20:14:45', '2019-08-27 20:14:45');
INSERT INTO `s9_system_group_priv` VALUES ('669', '24', '116', '2019-08-27 20:14:45', '2019-08-27 20:14:45');
INSERT INTO `s9_system_group_priv` VALUES ('670', '24', '117', '2019-08-27 20:14:45', '2019-08-27 20:14:45');
INSERT INTO `s9_system_group_priv` VALUES ('671', '24', '118', '2019-08-27 20:14:45', '2019-08-27 20:14:45');
INSERT INTO `s9_system_group_priv` VALUES ('672', '24', '119', '2019-08-27 20:14:45', '2019-08-27 20:14:45');
INSERT INTO `s9_system_group_priv` VALUES ('673', '24', '120', '2019-08-27 20:14:45', '2019-08-27 20:14:45');
INSERT INTO `s9_system_group_priv` VALUES ('674', '24', '127', '2019-08-27 20:14:45', '2019-08-27 20:14:45');
INSERT INTO `s9_system_group_priv` VALUES ('675', '24', '128', '2019-08-27 20:14:45', '2019-08-27 20:14:45');
INSERT INTO `s9_system_group_priv` VALUES ('676', '24', '129', '2019-08-27 20:14:45', '2019-08-27 20:14:45');
INSERT INTO `s9_system_group_priv` VALUES ('677', '24', '130', '2019-08-27 20:14:45', '2019-08-27 20:14:45');
INSERT INTO `s9_system_group_priv` VALUES ('678', '24', '1', '2019-08-27 20:14:45', '2019-08-27 20:14:45');
INSERT INTO `s9_system_group_priv` VALUES ('679', '24', '2', '2019-08-27 20:14:45', '2019-08-27 20:14:45');
INSERT INTO `s9_system_group_priv` VALUES ('680', '24', '3', '2019-08-27 20:14:45', '2019-08-27 20:14:45');
INSERT INTO `s9_system_group_priv` VALUES ('681', '24', '4', '2019-08-27 20:14:45', '2019-08-27 20:14:45');
INSERT INTO `s9_system_group_priv` VALUES ('682', '24', '5', '2019-08-27 20:14:45', '2019-08-27 20:14:45');
INSERT INTO `s9_system_group_priv` VALUES ('683', '24', '6', '2019-08-27 20:14:45', '2019-08-27 20:14:45');
INSERT INTO `s9_system_group_priv` VALUES ('684', '24', '7', '2019-08-27 20:14:45', '2019-08-27 20:14:45');
INSERT INTO `s9_system_group_priv` VALUES ('685', '24', '8', '2019-08-27 20:14:45', '2019-08-27 20:14:45');
INSERT INTO `s9_system_group_priv` VALUES ('686', '24', '9', '2019-08-27 20:14:45', '2019-08-27 20:14:45');
INSERT INTO `s9_system_group_priv` VALUES ('687', '24', '10', '2019-08-27 20:14:45', '2019-08-27 20:14:45');
INSERT INTO `s9_system_group_priv` VALUES ('688', '24', '12', '2019-08-27 20:14:45', '2019-08-27 20:14:45');
INSERT INTO `s9_system_group_priv` VALUES ('689', '24', '13', '2019-08-27 20:14:45', '2019-08-27 20:14:45');
INSERT INTO `s9_system_group_priv` VALUES ('690', '25', '73', '2019-08-27 20:14:45', '2019-08-27 20:14:45');
INSERT INTO `s9_system_group_priv` VALUES ('692', '25', '108', '2019-08-27 20:14:45', '2019-08-27 20:14:45');
INSERT INTO `s9_system_group_priv` VALUES ('694', '25', '74', '2019-08-27 20:14:45', '2019-08-27 20:14:45');
INSERT INTO `s9_system_group_priv` VALUES ('695', '25', '75', '2019-08-27 20:14:45', '2019-08-27 20:14:45');
INSERT INTO `s9_system_group_priv` VALUES ('696', '25', '80', '2019-08-27 20:14:45', '2019-08-27 20:14:45');
INSERT INTO `s9_system_group_priv` VALUES ('697', '25', '81', '2019-08-27 20:14:45', '2019-08-27 20:14:45');
INSERT INTO `s9_system_group_priv` VALUES ('698', '25', '117', '2019-08-27 20:14:45', '2019-08-27 20:14:45');
INSERT INTO `s9_system_group_priv` VALUES ('699', '25', '118', '2019-08-27 20:14:45', '2019-08-27 20:14:45');
INSERT INTO `s9_system_group_priv` VALUES ('700', '25', '119', '2019-08-27 20:14:45', '2019-08-27 20:14:45');
INSERT INTO `s9_system_group_priv` VALUES ('701', '25', '120', '2019-08-27 20:14:45', '2019-08-27 20:14:45');
INSERT INTO `s9_system_group_priv` VALUES ('702', '26', '73', '2019-08-27 20:14:45', '2019-08-27 20:14:45');
INSERT INTO `s9_system_group_priv` VALUES ('703', '26', '97', '2019-08-27 20:14:45', '2019-08-27 20:14:45');
INSERT INTO `s9_system_group_priv` VALUES ('704', '26', '108', '2019-08-27 20:14:45', '2019-08-27 20:14:45');
INSERT INTO `s9_system_group_priv` VALUES ('706', '26', '74', '2019-08-27 20:14:45', '2019-08-27 20:14:45');
INSERT INTO `s9_system_group_priv` VALUES ('707', '26', '75', '2019-08-27 20:14:45', '2019-08-27 20:14:45');
INSERT INTO `s9_system_group_priv` VALUES ('708', '26', '78', '2019-08-27 20:14:45', '2019-08-27 20:14:45');
INSERT INTO `s9_system_group_priv` VALUES ('709', '26', '79', '2019-08-27 20:14:45', '2019-08-27 20:14:45');
INSERT INTO `s9_system_group_priv` VALUES ('710', '26', '80', '2019-08-27 20:14:45', '2019-08-27 20:14:45');
INSERT INTO `s9_system_group_priv` VALUES ('711', '26', '81', '2019-08-27 20:14:45', '2019-08-27 20:14:45');
INSERT INTO `s9_system_group_priv` VALUES ('712', '26', '82', '2019-08-27 20:14:45', '2019-08-27 20:14:45');
INSERT INTO `s9_system_group_priv` VALUES ('713', '26', '83', '2019-08-27 20:14:45', '2019-08-27 20:14:45');
INSERT INTO `s9_system_group_priv` VALUES ('714', '26', '84', '2019-08-27 20:14:45', '2019-08-27 20:14:45');
INSERT INTO `s9_system_group_priv` VALUES ('715', '26', '85', '2019-08-27 20:14:45', '2019-08-27 20:14:45');
INSERT INTO `s9_system_group_priv` VALUES ('716', '26', '86', '2019-08-27 20:14:45', '2019-08-27 20:14:45');
INSERT INTO `s9_system_group_priv` VALUES ('717', '26', '87', '2019-08-27 20:14:45', '2019-08-27 20:14:45');
INSERT INTO `s9_system_group_priv` VALUES ('718', '26', '88', '2019-08-27 20:14:45', '2019-08-27 20:14:45');
INSERT INTO `s9_system_group_priv` VALUES ('719', '26', '89', '2019-08-27 20:14:45', '2019-08-27 20:14:45');
INSERT INTO `s9_system_group_priv` VALUES ('720', '26', '90', '2019-08-27 20:14:45', '2019-08-27 20:14:45');
INSERT INTO `s9_system_group_priv` VALUES ('721', '26', '91', '2019-08-27 20:14:45', '2019-08-27 20:14:45');
INSERT INTO `s9_system_group_priv` VALUES ('722', '26', '98', '2019-08-27 20:14:45', '2019-08-27 20:14:45');
INSERT INTO `s9_system_group_priv` VALUES ('723', '26', '99', '2019-08-27 20:14:45', '2019-08-27 20:14:45');
INSERT INTO `s9_system_group_priv` VALUES ('724', '26', '113', '2019-08-27 20:14:45', '2019-08-27 20:14:45');
INSERT INTO `s9_system_group_priv` VALUES ('725', '26', '114', '2019-08-27 20:14:45', '2019-08-27 20:14:45');
INSERT INTO `s9_system_group_priv` VALUES ('726', '26', '115', '2019-08-27 20:14:45', '2019-08-27 20:14:45');
INSERT INTO `s9_system_group_priv` VALUES ('727', '26', '116', '2019-08-27 20:14:45', '2019-08-27 20:14:45');
INSERT INTO `s9_system_group_priv` VALUES ('728', '26', '117', '2019-08-27 20:14:45', '2019-08-27 20:14:45');
INSERT INTO `s9_system_group_priv` VALUES ('729', '26', '118', '2019-08-27 20:14:45', '2019-08-27 20:14:45');
INSERT INTO `s9_system_group_priv` VALUES ('730', '26', '119', '2019-08-27 20:14:45', '2019-08-27 20:14:45');
INSERT INTO `s9_system_group_priv` VALUES ('731', '26', '120', '2019-08-27 20:14:45', '2019-08-27 20:14:45');
INSERT INTO `s9_system_group_priv` VALUES ('732', '27', '35', '2019-08-27 20:14:45', '2019-08-27 20:14:45');
INSERT INTO `s9_system_group_priv` VALUES ('733', '27', '38', '2019-08-27 20:14:45', '2019-08-27 20:14:45');
INSERT INTO `s9_system_group_priv` VALUES ('736', '27', '73', '2019-08-27 20:14:45', '2019-08-27 20:14:45');
INSERT INTO `s9_system_group_priv` VALUES ('740', '27', '74', '2019-08-27 20:14:45', '2019-08-27 20:14:45');
INSERT INTO `s9_system_group_priv` VALUES ('741', '27', '75', '2019-08-27 20:14:45', '2019-08-27 20:14:45');
INSERT INTO `s9_system_group_priv` VALUES ('742', '27', '80', '2019-08-27 20:14:45', '2019-08-27 20:14:45');
INSERT INTO `s9_system_group_priv` VALUES ('743', '27', '81', '2019-08-27 20:14:45', '2019-08-27 20:14:45');
INSERT INTO `s9_system_group_priv` VALUES ('744', '28', '73', '2019-08-27 20:14:45', '2019-08-27 20:14:45');
INSERT INTO `s9_system_group_priv` VALUES ('748', '28', '74', '2019-08-27 20:14:45', '2019-08-27 20:14:45');
INSERT INTO `s9_system_group_priv` VALUES ('749', '28', '75', '2019-08-27 20:14:45', '2019-08-27 20:14:45');
INSERT INTO `s9_system_group_priv` VALUES ('750', '28', '80', '2019-08-27 20:14:45', '2019-08-27 20:14:45');
INSERT INTO `s9_system_group_priv` VALUES ('751', '28', '81', '2019-08-27 20:14:45', '2019-08-27 20:14:45');
INSERT INTO `s9_system_group_priv` VALUES ('752', '28', '82', '2019-08-27 20:14:45', '2019-08-27 20:14:45');
INSERT INTO `s9_system_group_priv` VALUES ('753', '28', '83', '2019-08-27 20:14:45', '2019-08-27 20:14:45');
INSERT INTO `s9_system_group_priv` VALUES ('754', '28', '84', '2019-08-27 20:14:45', '2019-08-27 20:14:45');
INSERT INTO `s9_system_group_priv` VALUES ('755', '28', '85', '2019-08-27 20:14:45', '2019-08-27 20:14:45');
INSERT INTO `s9_system_group_priv` VALUES ('756', '28', '86', '2019-08-27 20:14:45', '2019-08-27 20:14:45');
INSERT INTO `s9_system_group_priv` VALUES ('757', '28', '87', '2019-08-27 20:14:45', '2019-08-27 20:14:45');
INSERT INTO `s9_system_group_priv` VALUES ('758', '29', '73', '2019-08-27 20:14:45', '2019-08-27 20:14:45');
INSERT INTO `s9_system_group_priv` VALUES ('762', '29', '74', '2019-08-27 20:14:45', '2019-08-27 20:14:45');
INSERT INTO `s9_system_group_priv` VALUES ('763', '29', '75', '2019-08-27 20:14:45', '2019-08-27 20:14:45');
INSERT INTO `s9_system_group_priv` VALUES ('764', '30', '41', '2019-08-27 20:14:45', '2019-08-27 20:14:45');
INSERT INTO `s9_system_group_priv` VALUES ('765', '30', '52', '2019-08-27 20:14:45', '2019-08-27 20:14:45');
INSERT INTO `s9_system_group_priv` VALUES ('766', '30', '55', '2019-08-27 20:14:45', '2019-08-27 20:14:45');
INSERT INTO `s9_system_group_priv` VALUES ('768', '30', '42', '2019-08-27 20:14:45', '2019-08-27 20:14:45');
INSERT INTO `s9_system_group_priv` VALUES ('769', '30', '43', '2019-08-27 20:14:45', '2019-08-27 20:14:45');
INSERT INTO `s9_system_group_priv` VALUES ('770', '30', '44', '2019-08-27 20:14:45', '2019-08-27 20:14:45');
INSERT INTO `s9_system_group_priv` VALUES ('771', '30', '45', '2019-08-27 20:14:45', '2019-08-27 20:14:45');
INSERT INTO `s9_system_group_priv` VALUES ('772', '30', '46', '2019-08-27 20:14:45', '2019-08-27 20:14:45');
INSERT INTO `s9_system_group_priv` VALUES ('773', '30', '47', '2019-08-27 20:14:45', '2019-08-27 20:14:45');
INSERT INTO `s9_system_group_priv` VALUES ('774', '30', '53', '2019-08-27 20:14:45', '2019-08-27 20:14:45');
INSERT INTO `s9_system_group_priv` VALUES ('775', '30', '54', '2019-08-27 20:14:45', '2019-08-27 20:14:45');
INSERT INTO `s9_system_group_priv` VALUES ('776', '30', '56', '2019-08-27 20:14:45', '2019-08-27 20:14:45');
INSERT INTO `s9_system_group_priv` VALUES ('777', '30', '57', '2019-08-27 20:14:45', '2019-08-27 20:14:45');
INSERT INTO `s9_system_group_priv` VALUES ('778', '30', '1', '2019-08-27 20:14:45', '2019-08-27 20:14:45');
INSERT INTO `s9_system_group_priv` VALUES ('779', '30', '2', '2019-08-27 20:14:45', '2019-08-27 20:14:45');
INSERT INTO `s9_system_group_priv` VALUES ('780', '30', '3', '2019-08-27 20:14:45', '2019-08-27 20:14:45');
INSERT INTO `s9_system_group_priv` VALUES ('781', '30', '4', '2019-08-27 20:14:45', '2019-08-27 20:14:45');
INSERT INTO `s9_system_group_priv` VALUES ('782', '30', '5', '2019-08-27 20:14:45', '2019-08-27 20:14:45');
INSERT INTO `s9_system_group_priv` VALUES ('783', '30', '6', '2019-08-27 20:14:45', '2019-08-27 20:14:45');
INSERT INTO `s9_system_group_priv` VALUES ('784', '30', '7', '2019-08-27 20:14:45', '2019-08-27 20:14:45');
INSERT INTO `s9_system_group_priv` VALUES ('785', '30', '8', '2019-08-27 20:14:45', '2019-08-27 20:14:45');
INSERT INTO `s9_system_group_priv` VALUES ('786', '30', '9', '2019-08-27 20:14:45', '2019-08-27 20:14:45');
INSERT INTO `s9_system_group_priv` VALUES ('787', '30', '10', '2019-08-27 20:14:45', '2019-08-27 20:14:45');
INSERT INTO `s9_system_group_priv` VALUES ('788', '30', '12', '2019-08-27 20:14:45', '2019-08-27 20:14:45');
INSERT INTO `s9_system_group_priv` VALUES ('789', '30', '13', '2019-08-27 20:14:45', '2019-08-27 20:14:45');
INSERT INTO `s9_system_group_priv` VALUES ('790', '30', '48', '2019-08-28 10:04:37', '2019-08-28 10:04:37');
INSERT INTO `s9_system_group_priv` VALUES ('791', '30', '49', '2019-08-28 10:04:37', '2019-08-28 10:04:37');
INSERT INTO `s9_system_group_priv` VALUES ('792', '30', '141', '2019-08-28 10:04:37', '2019-08-28 10:04:37');
INSERT INTO `s9_system_group_priv` VALUES ('793', '30', '50', '2019-08-28 10:04:37', '2019-08-28 10:04:37');
INSERT INTO `s9_system_group_priv` VALUES ('794', '30', '51', '2019-08-28 10:04:37', '2019-08-28 10:04:37');
INSERT INTO `s9_system_group_priv` VALUES ('795', '30', '138', '2019-08-28 10:04:37', '2019-08-28 10:04:37');
INSERT INTO `s9_system_group_priv` VALUES ('796', '30', '139', '2019-08-28 10:04:37', '2019-08-28 10:04:37');
INSERT INTO `s9_system_group_priv` VALUES ('797', '30', '140', '2019-08-28 10:04:37', '2019-08-28 10:04:37');
INSERT INTO `s9_system_group_priv` VALUES ('798', '30', '148', '2019-08-28 10:05:15', '2019-08-28 10:05:15');
INSERT INTO `s9_system_group_priv` VALUES ('799', '30', '149', '2019-08-28 10:05:15', '2019-08-28 10:05:15');
INSERT INTO `s9_system_group_priv` VALUES ('800', '30', '150', '2019-08-28 10:05:15', '2019-08-28 10:05:15');
INSERT INTO `s9_system_group_priv` VALUES ('801', '30', '151', '2019-08-28 10:05:15', '2019-08-28 10:05:15');
INSERT INTO `s9_system_group_priv` VALUES ('802', '30', '152', '2019-08-28 10:05:15', '2019-08-28 10:05:15');
INSERT INTO `s9_system_group_priv` VALUES ('803', '30', '153', '2019-08-28 10:05:15', '2019-08-28 10:05:15');
INSERT INTO `s9_system_group_priv` VALUES ('804', '30', '154', '2019-08-28 10:05:15', '2019-08-28 10:05:15');
INSERT INTO `s9_system_group_priv` VALUES ('805', '30', '155', '2019-08-28 10:05:15', '2019-08-28 10:05:15');
INSERT INTO `s9_system_group_priv` VALUES ('806', '30', '156', '2019-08-28 10:05:15', '2019-08-28 10:05:15');
INSERT INTO `s9_system_group_priv` VALUES ('807', '30', '157', '2019-08-28 10:05:15', '2019-08-28 10:05:15');
INSERT INTO `s9_system_group_priv` VALUES ('808', '30', '158', '2019-08-28 10:05:15', '2019-08-28 10:05:15');
INSERT INTO `s9_system_group_priv` VALUES ('809', '30', '159', '2019-08-28 10:05:15', '2019-08-28 10:05:15');
INSERT INTO `s9_system_group_priv` VALUES ('810', '30', '160', '2019-08-28 10:05:15', '2019-08-28 10:05:15');
INSERT INTO `s9_system_group_priv` VALUES ('811', '30', '161', '2019-08-28 10:05:15', '2019-08-28 10:05:15');
INSERT INTO `s9_system_group_priv` VALUES ('812', '30', '162', '2019-08-28 10:05:15', '2019-08-28 10:05:15');
INSERT INTO `s9_system_group_priv` VALUES ('813', '30', '163', '2019-08-28 10:05:15', '2019-08-28 10:05:15');
INSERT INTO `s9_system_group_priv` VALUES ('814', '30', '164', '2019-08-28 10:05:15', '2019-08-28 10:05:15');
INSERT INTO `s9_system_group_priv` VALUES ('815', '30', '165', '2019-08-28 10:05:15', '2019-08-28 10:05:15');
INSERT INTO `s9_system_group_priv` VALUES ('816', '30', '166', '2019-08-28 10:05:15', '2019-08-28 10:05:15');
INSERT INTO `s9_system_group_priv` VALUES ('817', '30', '167', '2019-08-28 10:05:15', '2019-08-28 10:05:15');
INSERT INTO `s9_system_group_priv` VALUES ('818', '30', '168', '2019-08-28 10:05:15', '2019-08-28 10:05:15');
INSERT INTO `s9_system_group_priv` VALUES ('819', '30', '169', '2019-08-28 10:05:15', '2019-08-28 10:05:15');
INSERT INTO `s9_system_group_priv` VALUES ('820', '30', '170', '2019-08-28 10:05:15', '2019-08-28 10:05:15');
INSERT INTO `s9_system_group_priv` VALUES ('821', '30', '171', '2019-08-28 10:05:15', '2019-08-28 10:05:15');
INSERT INTO `s9_system_group_priv` VALUES ('822', '30', '172', '2019-08-28 10:05:15', '2019-08-28 10:05:15');
INSERT INTO `s9_system_group_priv` VALUES ('823', '30', '173', '2019-08-28 10:05:15', '2019-08-28 10:05:15');
INSERT INTO `s9_system_group_priv` VALUES ('824', '30', '174', '2019-08-28 10:05:15', '2019-08-28 10:05:15');
INSERT INTO `s9_system_group_priv` VALUES ('825', '30', '175', '2019-08-28 10:05:15', '2019-08-28 10:05:15');
INSERT INTO `s9_system_group_priv` VALUES ('826', '30', '176', '2019-08-28 10:05:15', '2019-08-28 10:05:15');
INSERT INTO `s9_system_group_priv` VALUES ('827', '30', '177', '2019-08-28 10:05:15', '2019-08-28 10:05:15');
INSERT INTO `s9_system_group_priv` VALUES ('828', '30', '178', '2019-08-28 10:05:15', '2019-08-28 10:05:15');
INSERT INTO `s9_system_group_priv` VALUES ('829', '30', '179', '2019-08-28 10:05:15', '2019-08-28 10:05:15');
INSERT INTO `s9_system_group_priv` VALUES ('830', '30', '180', '2019-08-28 10:05:15', '2019-08-28 10:05:15');
INSERT INTO `s9_system_group_priv` VALUES ('831', '30', '181', '2019-08-28 10:05:15', '2019-08-28 10:05:15');
INSERT INTO `s9_system_group_priv` VALUES ('832', '30', '182', '2019-08-28 10:05:15', '2019-08-28 10:05:15');
INSERT INTO `s9_system_group_priv` VALUES ('833', '30', '183', '2019-08-28 10:05:15', '2019-08-28 10:05:15');
INSERT INTO `s9_system_group_priv` VALUES ('834', '30', '184', '2019-08-28 10:05:15', '2019-08-28 10:05:15');
INSERT INTO `s9_system_group_priv` VALUES ('835', '30', '185', '2019-08-28 10:05:15', '2019-08-28 10:05:15');
INSERT INTO `s9_system_group_priv` VALUES ('836', '30', '186', '2019-08-28 10:05:15', '2019-08-28 10:05:15');
INSERT INTO `s9_system_group_priv` VALUES ('837', '30', '187', '2019-08-28 10:05:15', '2019-08-28 10:05:15');
INSERT INTO `s9_system_group_priv` VALUES ('838', '30', '188', '2019-08-28 10:05:15', '2019-08-28 10:05:15');
INSERT INTO `s9_system_group_priv` VALUES ('839', '30', '189', '2019-08-28 10:05:15', '2019-08-28 10:05:15');
INSERT INTO `s9_system_group_priv` VALUES ('840', '30', '190', '2019-08-28 10:05:15', '2019-08-28 10:05:15');
INSERT INTO `s9_system_group_priv` VALUES ('841', '30', '191', '2019-08-28 10:05:15', '2019-08-28 10:05:15');
INSERT INTO `s9_system_group_priv` VALUES ('842', '30', '192', '2019-08-28 10:05:15', '2019-08-28 10:05:15');
INSERT INTO `s9_system_group_priv` VALUES ('843', '30', '193', '2019-08-28 10:05:15', '2019-08-28 10:05:15');
INSERT INTO `s9_system_group_priv` VALUES ('844', '30', '145', '2019-08-28 10:05:15', '2019-08-28 10:05:15');
INSERT INTO `s9_system_group_priv` VALUES ('845', '30', '146', '2019-08-28 10:05:15', '2019-08-28 10:05:15');
INSERT INTO `s9_system_group_priv` VALUES ('846', '30', '147', '2019-08-28 10:05:15', '2019-08-28 10:05:15');
INSERT INTO `s9_system_group_priv` VALUES ('847', '30', '142', '2019-08-28 10:05:15', '2019-08-28 10:05:15');
INSERT INTO `s9_system_group_priv` VALUES ('848', '30', '143', '2019-08-28 10:05:15', '2019-08-28 10:05:15');
INSERT INTO `s9_system_group_priv` VALUES ('849', '30', '144', '2019-08-28 10:05:15', '2019-08-28 10:05:15');
INSERT INTO `s9_system_group_priv` VALUES ('850', '30', '134', '2019-08-28 10:05:15', '2019-08-28 10:05:15');
INSERT INTO `s9_system_group_priv` VALUES ('851', '30', '135', '2019-08-28 10:05:15', '2019-08-28 10:05:15');
INSERT INTO `s9_system_group_priv` VALUES ('852', '30', '136', '2019-08-28 10:05:15', '2019-08-28 10:05:15');
INSERT INTO `s9_system_group_priv` VALUES ('853', '30', '137', '2019-08-28 10:05:15', '2019-08-28 10:05:15');
INSERT INTO `s9_system_group_priv` VALUES ('854', '23', '11', '2019-08-28 10:25:57', '2019-08-28 10:25:57');
INSERT INTO `s9_system_group_priv` VALUES ('855', '30', '11', '2019-08-28 10:26:39', '2019-08-28 10:26:39');
INSERT INTO `s9_system_group_priv` VALUES ('856', '24', '11', '2019-08-28 10:27:14', '2019-08-28 10:27:14');
INSERT INTO `s9_system_group_priv` VALUES ('857', '16', '11', '2019-08-28 10:27:35', '2019-08-28 10:27:35');
INSERT INTO `s9_system_group_priv` VALUES ('858', '22', '11', '2019-08-28 10:27:47', '2019-08-28 10:27:47');
INSERT INTO `s9_system_group_priv` VALUES ('859', '20', '11', '2019-08-28 10:28:01', '2019-08-28 10:28:01');
INSERT INTO `s9_system_group_priv` VALUES ('860', '19', '11', '2019-08-28 10:28:18', '2019-08-28 10:28:18');
INSERT INTO `s9_system_group_priv` VALUES ('861', '2', '11', '2019-08-28 10:28:47', '2019-08-28 10:28:47');
INSERT INTO `s9_system_group_priv` VALUES ('862', '14', '11', '2019-08-28 10:29:15', '2019-08-28 10:29:15');

-- ----------------------------
-- Table structure for s9_system_menu
-- ----------------------------
DROP TABLE IF EXISTS `s9_system_menu`;
CREATE TABLE `s9_system_menu` (
  `sm_id` int(11) NOT NULL AUTO_INCREMENT,
  `sm_label` char(16) NOT NULL DEFAULT '' COMMENT '菜单名称',
  `sm_view` varchar(32) NOT NULL DEFAULT '' COMMENT '菜单前端对应目录',
  `sm_icon` varchar(64) NOT NULL DEFAULT '' COMMENT '菜单logo',
  `sort_by` int(11) NOT NULL DEFAULT 0 COMMENT '排序',
  `is_show_sidebar` tinyint(1) NOT NULL DEFAULT 1 COMMENT '是否显示',
  `sm_status` int(1) NOT NULL DEFAULT 0 COMMENT '菜单状态',
  `sm_parent_id` int(11) NOT NULL DEFAULT 0 COMMENT '父菜单id',
  `sm_set_or_business` tinyint(1) NOT NULL DEFAULT 0 COMMENT '菜单属于系统设置还是业务，默认0：业务，1：系统设置',
  `created_at` datetime DEFAULT NULL,
  `updated_at` datetime DEFAULT NULL,
  PRIMARY KEY (`sm_id`)
) ENGINE=InnoDB AUTO_INCREMENT=64 DEFAULT CHARSET=utf8mb4;

-- ----------------------------
-- Records of s9_system_menu
-- ----------------------------
INSERT INTO `s9_system_menu` VALUES ('1', '系统设置', 'system', '', '0', '1', '0', '0', '1', '2019-01-07 15:04:38', '2019-01-07 15:04:38');
INSERT INTO `s9_system_menu` VALUES ('2', '管理员维护', 'admins', '', '0', '1', '0', '1', '1', '2019-01-07 15:04:38', '2019-01-07 15:04:38');
INSERT INTO `s9_system_menu` VALUES ('3', '角色列表', 'groups', '', '0', '1', '0', '1', '1', '2019-01-07 15:04:38', '2019-01-07 15:04:38');
INSERT INTO `s9_system_menu` VALUES ('4', '菜单列表', 'menus', '', '0', '1', '0', '1', '1', '2019-01-07 15:04:38', '2019-01-07 15:04:38');
INSERT INTO `s9_system_menu` VALUES ('5', '权限列表', 'privileges', '', '0', '1', '0', '1', '1', '2019-01-07 15:04:38', '2019-01-07 15:04:38');
INSERT INTO `s9_system_menu` VALUES ('6', '菜单组示例', 'index', '', '0', '1', '0', '0', '0', '2019-01-07 15:04:38', '2019-01-07 15:04:38');
INSERT INTO `s9_system_menu` VALUES ('7', '菜单示例1', 'news1', '', '0', '1', '0', '6', '0', '2019-01-07 15:04:38', '2019-01-07 15:04:38');
INSERT INTO `s9_system_menu` VALUES ('8', '菜单示例2', 'news2', '', '0', '1', '0', '6', '0', '2019-01-07 15:04:38', '2019-01-07 15:04:38');
INSERT INTO `s9_system_menu` VALUES ('9', '活动管理', 'activity', 'fa fa-life-bouy', '0', '1', '0', '0', '0', '2019-08-27 20:14:42', '2019-08-27 20:14:42');
INSERT INTO `s9_system_menu` VALUES ('10', '活动列表', '/activity/getList', '', '0', '1', '0', '9', '0', '2019-08-27 20:14:42', '2019-08-27 20:14:42');
INSERT INTO `s9_system_menu` VALUES ('11', '公告管理', 'notice', 'fa fa-volume-up', '0', '1', '0', '0', '0', '2019-08-27 20:14:42', '2019-08-27 20:14:42');
INSERT INTO `s9_system_menu` VALUES ('12', '公告列表', '/notice/getList', '', '0', '1', '0', '11', '0', '2019-08-27 20:14:42', '2019-08-27 20:14:42');
INSERT INTO `s9_system_menu` VALUES ('13', '产品管理', 'product', 'fa fa-share-alt', '0', '1', '0', '0', '0', '2019-08-27 20:14:42', '2019-08-27 20:14:42');
INSERT INTO `s9_system_menu` VALUES ('14', '产品管理', '/product/productList', '', '0', '1', '0', '13', '0', '2019-08-27 20:14:42', '2019-08-27 20:14:42');
INSERT INTO `s9_system_menu` VALUES ('15', '渠道管理', '/product/channelList', '', '0', '1', '0', '13', '0', '2019-08-27 20:14:42', '2019-08-27 20:14:42');
INSERT INTO `s9_system_menu` VALUES ('16', '广告渠道管理', '/product/adChannelList', '', '0', '1', '0', '13', '0', '2019-08-27 20:14:42', '2019-08-27 20:14:42');
INSERT INTO `s9_system_menu` VALUES ('17', '产品权限管理', '/product/adminList', '', '0', '1', '0', '13', '0', '2019-08-27 20:14:42', '2019-08-27 20:14:42');
INSERT INTO `s9_system_menu` VALUES ('18', '产品角色管理', '/product/roleList', '', '0', '1', '0', '13', '0', '2019-08-27 20:14:42', '2019-08-27 20:14:42');
INSERT INTO `s9_system_menu` VALUES ('19', '账号中心', 'account', 'fa fa-user', '0', '1', '0', '0', '0', '2019-08-27 20:14:42', '2019-08-27 20:14:42');
INSERT INTO `s9_system_menu` VALUES ('20', '账号查询', '/account/getList', '', '0', '1', '0', '19', '0', '2019-08-27 20:14:42', '2019-08-27 20:14:42');
INSERT INTO `s9_system_menu` VALUES ('21', '充值中心', 'payment', 'fa fa-credit-card', '0', '1', '0', '0', '0', '2019-08-27 20:14:42', '2019-08-27 20:14:42');
INSERT INTO `s9_system_menu` VALUES ('22', '订单查询', '/payment/orderList', '', '0', '1', '0', '21', '0', '2019-08-27 20:14:42', '2019-08-27 20:14:42');
INSERT INTO `s9_system_menu` VALUES ('23', '指令管理', 'cmd', 'fa fa-feed', '0', '1', '0', '0', '0', '2019-08-27 20:14:42', '2019-08-27 20:14:42');
INSERT INTO `s9_system_menu` VALUES ('24', '指令操作', '/cmd/cmd', '', '0', '1', '0', '23', '0', '2019-08-27 20:14:42', '2019-08-27 20:14:42');
INSERT INTO `s9_system_menu` VALUES ('25', '指令日志列表', '/cmd/logList', '', '0', '1', '0', '23', '0', '2019-08-27 20:14:42', '2019-08-27 20:14:42');
INSERT INTO `s9_system_menu` VALUES ('26', '指令列表', '/cmd/cmdList', '', '0', '1', '0', '23', '0', '2019-08-27 20:14:42', '2019-08-27 20:14:42');
INSERT INTO `s9_system_menu` VALUES ('27', '指令权限管理', '/cmd/cmdAdminList', '', '0', '1', '0', '23', '0', '2019-08-27 20:14:42', '2019-08-27 20:14:42');
INSERT INTO `s9_system_menu` VALUES ('28', '指令角色管理', '/cmd/cmdRoleList', '', '0', '1', '0', '23', '0', '2019-08-27 20:14:42', '2019-08-27 20:14:42');
INSERT INTO `s9_system_menu` VALUES ('29', '指令服务器列表', '/cmd/zone', '', '0', '1', '0', '23', '0', '2019-08-27 20:14:42', '2019-08-27 20:14:42');
INSERT INTO `s9_system_menu` VALUES ('30', '配置信息', '/cmd/info', '', '0', '1', '0', '23', '0', '2019-08-27 20:14:42', '2019-08-27 20:14:42');
INSERT INTO `s9_system_menu` VALUES ('31', '接口管理', 'interface', 'fa fa-wifi', '0', '1', '0', '0', '0', '2019-08-27 20:14:42', '2019-08-27 20:14:42');
INSERT INTO `s9_system_menu` VALUES ('32', '启动接口协议', '/interfaces/runGameProtocal', '', '0', '1', '0', '31', '0', '2019-08-27 20:14:42', '2019-08-27 20:14:42');
INSERT INTO `s9_system_menu` VALUES ('33', '导入接口协议', '/interfaces/importGameProtocal', '', '0', '1', '0', '31', '0', '2019-08-27 20:14:42', '2019-08-27 20:14:42');
INSERT INTO `s9_system_menu` VALUES ('34', '协议版本管理', '/interfaces/versionList', '', '0', '1', '0', '31', '0', '2019-08-27 20:14:42', '2019-08-27 20:14:42');
INSERT INTO `s9_system_menu` VALUES ('35', '发送指令列表', '/interfaces/cmdList', '', '0', '1', '0', '31', '0', '2019-08-27 20:14:42', '2019-08-27 20:14:42');
INSERT INTO `s9_system_menu` VALUES ('36', '我的审核工单', '/interfaces/myThreadList', '', '0', '1', '0', '31', '0', '2019-08-27 20:14:42', '2019-08-27 20:14:42');
INSERT INTO `s9_system_menu` VALUES ('37', '接口日志列表', '/interfaces/logList', '', '0', '1', '0', '31', '0', '2019-08-27 20:14:42', '2019-08-27 20:14:42');
INSERT INTO `s9_system_menu` VALUES ('38', '接口权限管理', '/interfaces/interfaceAdminList', '', '0', '1', '0', '31', '0', '2019-08-27 20:14:42', '2019-08-27 20:14:42');
INSERT INTO `s9_system_menu` VALUES ('39', '接口角色管理', '/interfaces/interfaceRoleList', '', '0', '1', '0', '31', '0', '2019-08-27 20:14:42', '2019-08-27 20:14:42');
INSERT INTO `s9_system_menu` VALUES ('40', '聊天管理', 'chat', 'fa fa-commenting', '0', '1', '0', '0', '0', '2019-08-27 20:14:42', '2019-08-27 20:14:42');
INSERT INTO `s9_system_menu` VALUES ('41', '聊天信息', '/chat/getList', '', '0', '1', '0', '40', '0', '2019-08-27 20:14:42', '2019-08-27 20:14:42');
INSERT INTO `s9_system_menu` VALUES ('42', '聊天操作日志', '/chat/logList', '', '0', '1', '0', '40', '0', '2019-08-27 20:14:42', '2019-08-27 20:14:42');
INSERT INTO `s9_system_menu` VALUES ('43', '审核流程管理', 'workflow', 'fa fa-gavel', '0', '1', '0', '0', '0', '2019-08-27 20:14:42', '2019-08-27 20:14:42');
INSERT INTO `s9_system_menu` VALUES ('44', '审核流程管理', '/workflow/getList', '', '0', '1', '0', '43', '0', '2019-08-27 20:14:42', '2019-08-27 20:14:42');
INSERT INTO `s9_system_menu` VALUES ('45', '客户端更新', 'package', 'fa fa-desktop', '0', '1', '0', '0', '0', '2019-08-27 20:14:42', '2019-08-27 20:14:42');
INSERT INTO `s9_system_menu` VALUES ('46', '新包查询', '/package/getList', '', '0', '1', '0', '45', '0', '2019-08-27 20:14:42', '2019-08-27 20:14:42');
INSERT INTO `s9_system_menu` VALUES ('47', '服务器管理', 'server', 'fa fa-cubes', '0', '1', '0', '0', '0', '2019-08-27 20:14:42', '2019-08-27 20:14:42');
INSERT INTO `s9_system_menu` VALUES ('48', '登录服务器', '/server/loginServer', '', '0', '1', '0', '47', '0', '2019-08-27 20:14:42', '2019-08-27 20:14:42');
INSERT INTO `s9_system_menu` VALUES ('49', '区服列表', '/server/getList', '', '0', '1', '0', '47', '0', '2019-08-27 20:14:42', '2019-08-27 20:14:42');
INSERT INTO `s9_system_menu` VALUES ('50', '游戏管理', 'game', 'fa fa-cube', '0', '1', '0', '0', '0', '2019-08-27 20:14:42', '2019-08-27 20:14:42');
INSERT INTO `s9_system_menu` VALUES ('51', '添加游戏', '/game/addGame', '', '0', '1', '0', '50', '0', '2019-08-27 20:14:42', '2019-08-27 20:14:42');
INSERT INTO `s9_system_menu` VALUES ('52', '游戏列表', '/game/gameList', '', '0', '1', '0', '50', '0', '2019-08-27 20:14:42', '2019-08-27 20:14:42');
INSERT INTO `s9_system_menu` VALUES ('53', '修改游戏数据', '/game/updateGame', '', '0', '1', '0', '50', '0', '2019-08-27 20:14:42', '2019-08-27 20:14:42');
INSERT INTO `s9_system_menu` VALUES ('54', '游戏区服', '/game/gameZone', '', '0', '1', '0', '50', '0', '2019-08-27 20:14:42', '2019-08-27 20:14:42');
INSERT INTO `s9_system_menu` VALUES ('55', '添加游戏道具', '/game/addAndUpdateItem', '', '0', '1', '0', '50', '0', '2019-08-27 20:14:42', '2019-08-27 20:14:42');
INSERT INTO `s9_system_menu` VALUES ('56', '游戏道具管理', '/game/itemList', '', '0', '1', '0', '50', '0', '2019-08-27 20:14:42', '2019-08-27 20:14:42');
INSERT INTO `s9_system_menu` VALUES ('57', '聊天频道管理', '/chat/channel', '', '0', '1', '0', '50', '0', '2019-08-27 20:14:42', '2019-08-27 20:14:42');
INSERT INTO `s9_system_menu` VALUES ('58', '聊天操作', '/chat/cmd', '', '0', '1', '0', '50', '0', '2019-08-27 20:14:42', '2019-08-27 20:14:42');
INSERT INTO `s9_system_menu` VALUES ('59', '外链管理', '/game/extlink', '', '0', '1', '0', '50', '0', '2019-08-27 20:14:42', '2019-08-27 20:14:42');
INSERT INTO `s9_system_menu` VALUES ('60', '添加idip服务器', '/zone/addZone', '', '0', '1', '0', '50', '0', '2019-08-27 20:14:42', '2019-08-27 20:14:42');
INSERT INTO `s9_system_menu` VALUES ('61', 'idip服务器列表', '/zone/zoneList', '', '0', '1', '0', '50', '0', '2019-08-27 20:14:42', '2019-08-27 20:14:42');
INSERT INTO `s9_system_menu` VALUES ('62', '系统权限管理', 'admin', 'fa fa-sitemap', '0', '1', '0', '0', '0', '2019-08-27 20:14:42', '2019-08-27 20:14:42');
INSERT INTO `s9_system_menu` VALUES ('63', '登录日志列表', '/admin/loginLogList', '', '0', '1', '0', '62', '0', '2019-08-27 20:14:42', '2019-08-27 20:14:42');

-- ----------------------------
-- Table structure for s9_system_priv
-- ----------------------------
DROP TABLE IF EXISTS `s9_system_priv`;
CREATE TABLE `s9_system_priv` (
  `sp_id` int(11) NOT NULL AUTO_INCREMENT,
  `sm_id` int(11) NOT NULL DEFAULT 0 COMMENT '菜单id',
  `sp_label` varchar(16) NOT NULL DEFAULT '' COMMENT '权限名称',
  `sp_module` varchar(32) NOT NULL DEFAULT '' COMMENT '权限对应模块',
  `sp_controller` varchar(32) NOT NULL DEFAULT '' COMMENT '权限对应控制器',
  `sp_action` varchar(32) NOT NULL DEFAULT '' COMMENT '权限对应方法',
  `sp_parent_id` int(11) NOT NULL DEFAULT 0 COMMENT '权限父id',
  `sp_set_or_business` tinyint(1) NOT NULL DEFAULT 0 COMMENT '权限属于系统设置还是业务，默认0：业务，1：系统设置',
  `created_at` datetime DEFAULT NULL,
  `updated_at` datetime DEFAULT NULL,
  PRIMARY KEY (`sp_id`)
) ENGINE=InnoDB AUTO_INCREMENT=194 DEFAULT CHARSET=utf8mb4;

-- ----------------------------
-- Records of s9_system_priv
-- ----------------------------
INSERT INTO `s9_system_priv` VALUES ('1', '1', '系统管理', 'main', 'main', 'main', '0', '1', '2019-01-07 15:04:38', '2019-01-07 15:04:38');
INSERT INTO `s9_system_priv` VALUES ('2', '2', '管理员维护', 'main', 'main', 'main', '1', '1', '2019-01-07 15:04:38', '2019-01-07 15:04:38');
INSERT INTO `s9_system_priv` VALUES ('3', '2', '管理员列表', 'admin', 'admin-user', 'index', '2', '1', '2019-01-07 15:04:38', '2019-01-07 15:04:38');
INSERT INTO `s9_system_priv` VALUES ('4', '2', '添加管理员', 'admin', 'admin-user', 'create', '2', '1', '2019-01-07 15:04:38', '2019-01-07 15:04:38');
INSERT INTO `s9_system_priv` VALUES ('5', '2', '修改管理员', 'admin', 'admin-user', 'update', '2', '1', '2019-01-07 15:04:38', '2019-01-07 15:04:38');
INSERT INTO `s9_system_priv` VALUES ('6', '2', '删除管理员', 'admin', 'admin-user', 'delete', '2', '1', '2019-01-07 15:04:38', '2019-01-07 15:04:38');
INSERT INTO `s9_system_priv` VALUES ('7', '3', '角色维护', 'main', 'main', 'main', '1', '1', '2019-01-07 15:04:38', '2019-01-07 15:04:38');
INSERT INTO `s9_system_priv` VALUES ('8', '3', '角色列表', 'admin', 'system-group', 'index', '7', '1', '2019-01-07 15:04:38', '2019-01-07 15:04:38');
INSERT INTO `s9_system_priv` VALUES ('9', '3', '添加角色', 'admin', 'system-group', 'create', '7', '1', '2019-01-07 15:04:38', '2019-01-07 15:04:38');
INSERT INTO `s9_system_priv` VALUES ('10', '3', '修改角色', 'admin', 'system-group', 'update', '7', '1', '2019-01-07 15:04:38', '2019-01-07 15:04:38');
INSERT INTO `s9_system_priv` VALUES ('11', '3', '删除角色', 'admin', 'system-group', 'delete', '7', '1', '2019-01-07 15:04:38', '2019-01-07 15:04:38');
INSERT INTO `s9_system_priv` VALUES ('12', '3', '角色权限列表', 'admin', 'system-group', 'group-privilege-list', '7', '1', '2019-01-07 15:04:38', '2019-01-07 15:04:38');
INSERT INTO `s9_system_priv` VALUES ('13', '3', '角色权限修改', 'admin', 'system-group', 'group-privilege-update', '7', '1', '2019-01-07 15:04:38', '2019-01-07 15:04:38');
INSERT INTO `s9_system_priv` VALUES ('14', '4', '菜单维护', 'main', 'main', 'main', '1', '1', '2019-01-07 15:04:38', '2019-01-07 15:04:38');
INSERT INTO `s9_system_priv` VALUES ('15', '4', '菜单列表', 'admin', 'menu', 'index', '14', '1', '2019-01-07 15:04:38', '2019-01-07 15:04:38');
INSERT INTO `s9_system_priv` VALUES ('16', '4', '添加菜单', 'admin', 'menu', 'create', '14', '1', '2019-01-07 15:04:38', '2019-01-07 15:04:38');
INSERT INTO `s9_system_priv` VALUES ('17', '4', '修改菜单', 'admin', 'menu', 'update', '14', '1', '2019-01-07 15:04:38', '2019-01-07 15:04:38');
INSERT INTO `s9_system_priv` VALUES ('18', '4', '删除菜单', 'admin', 'menu', 'delete', '14', '1', '2019-01-07 15:04:38', '2019-01-07 15:04:38');
INSERT INTO `s9_system_priv` VALUES ('19', '5', '权限维护', 'main', 'main', 'main', '1', '1', '2019-01-07 15:04:38', '2019-01-07 15:04:38');
INSERT INTO `s9_system_priv` VALUES ('20', '5', '权限列表', 'admin', 'privilege', 'index', '19', '1', '2019-01-07 15:04:38', '2019-01-07 15:04:38');
INSERT INTO `s9_system_priv` VALUES ('21', '5', '添加权限', 'admin', 'privilege', 'create', '19', '1', '2019-01-07 15:04:38', '2019-01-07 15:04:38');
INSERT INTO `s9_system_priv` VALUES ('22', '5', '修改权限', 'admin', 'privilege', 'update', '19', '1', '2019-01-07 15:04:38', '2019-01-07 15:04:38');
INSERT INTO `s9_system_priv` VALUES ('23', '5', '删除权限', 'admin', 'privilege', 'delete', '19', '1', '2019-01-07 15:04:38', '2019-01-07 15:04:38');
INSERT INTO `s9_system_priv` VALUES ('24', '6', '菜单组示例', 'main', 'main', 'main', '0', '0', '2019-01-07 15:04:38', '2019-01-07 15:04:38');
INSERT INTO `s9_system_priv` VALUES ('25', '7', '菜单示例', 'main', 'main', 'main', '24', '0', '2019-01-07 15:04:38', '2019-01-07 15:04:38');
INSERT INTO `s9_system_priv` VALUES ('26', '7', '菜单示例1列表', 'index', 'news1', 'index', '25', '0', '2019-01-07 15:04:38', '2019-01-07 15:04:38');
INSERT INTO `s9_system_priv` VALUES ('27', '7', '添加菜单示例1', 'index', 'news1', 'create', '25', '0', '2019-01-07 15:04:38', '2019-01-07 15:04:38');
INSERT INTO `s9_system_priv` VALUES ('28', '7', '修改菜单示例1', 'index', 'news1', 'update', '25', '0', '2019-01-07 15:04:38', '2019-01-07 15:04:38');
INSERT INTO `s9_system_priv` VALUES ('29', '7', '删除菜单示例1', 'index', 'news1', 'delete', '25', '0', '2019-01-07 15:04:38', '2019-01-07 15:04:38');
INSERT INTO `s9_system_priv` VALUES ('30', '8', '菜单示例2', 'main', 'main', 'main', '24', '0', '2019-01-07 15:04:38', '2019-01-07 15:04:38');
INSERT INTO `s9_system_priv` VALUES ('31', '8', '菜单示例2列表', 'index', 'news2', 'index', '30', '0', '2019-01-07 15:04:38', '2019-01-07 15:04:38');
INSERT INTO `s9_system_priv` VALUES ('32', '8', '添加菜单示例2', 'index', 'news2', 'create', '30', '0', '2019-01-07 15:04:38', '2019-01-07 15:04:38');
INSERT INTO `s9_system_priv` VALUES ('33', '8', '修改菜单示例2', 'index', 'news2', 'update', '30', '0', '2019-01-07 15:04:38', '2019-01-07 15:04:38');
INSERT INTO `s9_system_priv` VALUES ('34', '8', '删除菜单示例2', 'index', 'news2', 'delete', '30', '0', '2019-01-07 15:04:38', '2019-01-07 15:04:38');
INSERT INTO `s9_system_priv` VALUES ('35', '9', '活动管理', 'main', 'main', 'main', '0', '0', '2019-08-27 20:14:42', '2019-08-27 20:14:42');
INSERT INTO `s9_system_priv` VALUES ('36', '10', '活动列表', 'main', 'main', 'main', '35', '0', '2019-08-27 20:14:42', '2019-08-27 20:14:42');
INSERT INTO `s9_system_priv` VALUES ('37', '10', '活动列表', 'index', 'activity', 'getList', '36', '0', '2019-08-27 20:14:42', '2019-08-27 20:14:42');
INSERT INTO `s9_system_priv` VALUES ('38', '11', '公告管理', 'main', 'main', 'main', '0', '0', '2019-08-27 20:14:42', '2019-08-27 20:14:42');
INSERT INTO `s9_system_priv` VALUES ('39', '12', '公告列表', 'main', 'main', 'main', '38', '0', '2019-08-27 20:14:42', '2019-08-27 20:14:42');
INSERT INTO `s9_system_priv` VALUES ('40', '12', '公告列表', 'index', 'notice', 'getList', '39', '0', '2019-08-27 20:14:42', '2019-08-27 20:14:42');
INSERT INTO `s9_system_priv` VALUES ('41', '13', '产品管理', 'main', 'main', 'main', '0', '0', '2019-08-27 20:14:42', '2019-08-27 20:14:42');
INSERT INTO `s9_system_priv` VALUES ('42', '14', '产品管理', 'main', 'main', 'main', '41', '0', '2019-08-27 20:14:42', '2019-08-27 20:14:42');
INSERT INTO `s9_system_priv` VALUES ('43', '14', '产品管理', 'index', 'product', 'productList', '42', '0', '2019-08-27 20:14:42', '2019-08-27 20:14:42');
INSERT INTO `s9_system_priv` VALUES ('44', '15', '渠道管理', 'main', 'main', 'main', '41', '0', '2019-08-27 20:14:42', '2019-08-27 20:14:42');
INSERT INTO `s9_system_priv` VALUES ('45', '15', '渠道管理', 'index', 'product', 'channelList', '44', '0', '2019-08-27 20:14:42', '2019-08-27 20:14:42');
INSERT INTO `s9_system_priv` VALUES ('46', '16', '广告渠道管理', 'main', 'main', 'main', '41', '0', '2019-08-27 20:14:42', '2019-08-27 20:14:42');
INSERT INTO `s9_system_priv` VALUES ('47', '16', '广告渠道管理', 'index', 'product', 'adChannelList', '46', '0', '2019-08-27 20:14:42', '2019-08-27 20:14:42');
INSERT INTO `s9_system_priv` VALUES ('48', '17', '产品权限管理', 'main', 'main', 'main', '41', '0', '2019-08-27 20:14:42', '2019-08-27 20:14:42');
INSERT INTO `s9_system_priv` VALUES ('49', '17', '产品权限管理', 'index', 'product', 'adminList', '48', '0', '2019-08-27 20:14:42', '2019-08-27 20:14:42');
INSERT INTO `s9_system_priv` VALUES ('50', '18', '产品角色管理', 'main', 'main', 'main', '41', '0', '2019-08-27 20:14:42', '2019-08-27 20:14:42');
INSERT INTO `s9_system_priv` VALUES ('51', '18', '产品角色管理', 'index', 'product', 'roleList', '50', '0', '2019-08-27 20:14:42', '2019-08-27 20:14:42');
INSERT INTO `s9_system_priv` VALUES ('52', '19', '账号中心', 'main', 'main', 'main', '0', '0', '2019-08-27 20:14:42', '2019-08-27 20:14:42');
INSERT INTO `s9_system_priv` VALUES ('53', '20', '账号查询', 'main', 'main', 'main', '52', '0', '2019-08-27 20:14:42', '2019-08-27 20:14:42');
INSERT INTO `s9_system_priv` VALUES ('54', '20', '账号查询', 'index', 'account', 'getList', '53', '0', '2019-08-27 20:14:42', '2019-08-27 20:14:42');
INSERT INTO `s9_system_priv` VALUES ('55', '21', '充值中心', 'main', 'main', 'main', '0', '0', '2019-08-27 20:14:42', '2019-08-27 20:14:42');
INSERT INTO `s9_system_priv` VALUES ('56', '22', '订单查询', 'main', 'main', 'main', '55', '0', '2019-08-27 20:14:42', '2019-08-27 20:14:42');
INSERT INTO `s9_system_priv` VALUES ('57', '22', '订单查询', 'index', 'payment', 'orderList', '56', '0', '2019-08-27 20:14:42', '2019-08-27 20:14:42');
INSERT INTO `s9_system_priv` VALUES ('58', '23', '指令管理', 'main', 'main', 'main', '0', '0', '2019-08-27 20:14:42', '2019-08-27 20:14:42');
INSERT INTO `s9_system_priv` VALUES ('59', '24', '指令操作', 'main', 'main', 'main', '58', '0', '2019-08-27 20:14:42', '2019-08-27 20:14:42');
INSERT INTO `s9_system_priv` VALUES ('60', '24', '指令操作', 'index', 'cmd', 'cmd', '59', '0', '2019-08-27 20:14:42', '2019-08-27 20:14:42');
INSERT INTO `s9_system_priv` VALUES ('61', '25', '指令日志列表', 'main', 'main', 'main', '58', '0', '2019-08-27 20:14:42', '2019-08-27 20:14:42');
INSERT INTO `s9_system_priv` VALUES ('62', '25', '指令日志列表', 'index', 'cmd', 'logList', '61', '0', '2019-08-27 20:14:42', '2019-08-27 20:14:42');
INSERT INTO `s9_system_priv` VALUES ('63', '26', '指令列表', 'main', 'main', 'main', '58', '0', '2019-08-27 20:14:42', '2019-08-27 20:14:42');
INSERT INTO `s9_system_priv` VALUES ('64', '26', '指令列表', 'index', 'cmd', 'cmdList', '63', '0', '2019-08-27 20:14:42', '2019-08-27 20:14:42');
INSERT INTO `s9_system_priv` VALUES ('65', '27', '指令权限管理', 'main', 'main', 'main', '58', '0', '2019-08-27 20:14:42', '2019-08-27 20:14:42');
INSERT INTO `s9_system_priv` VALUES ('66', '27', '指令权限管理', 'index', 'cmd', 'cmdAdminList', '65', '0', '2019-08-27 20:14:42', '2019-08-27 20:14:42');
INSERT INTO `s9_system_priv` VALUES ('67', '28', '指令角色管理', 'main', 'main', 'main', '58', '0', '2019-08-27 20:14:42', '2019-08-27 20:14:42');
INSERT INTO `s9_system_priv` VALUES ('68', '28', '指令角色管理', 'index', 'cmd', 'cmdRoleList', '67', '0', '2019-08-27 20:14:42', '2019-08-27 20:14:42');
INSERT INTO `s9_system_priv` VALUES ('69', '29', '指令服务器列表', 'main', 'main', 'main', '58', '0', '2019-08-27 20:14:42', '2019-08-27 20:14:42');
INSERT INTO `s9_system_priv` VALUES ('70', '29', '指令服务器列表', 'index', 'cmd', 'zone', '69', '0', '2019-08-27 20:14:42', '2019-08-27 20:14:42');
INSERT INTO `s9_system_priv` VALUES ('71', '30', '配置信息', 'main', 'main', 'main', '58', '0', '2019-08-27 20:14:42', '2019-08-27 20:14:42');
INSERT INTO `s9_system_priv` VALUES ('72', '30', '配置信息', 'index', 'cmd', 'info', '71', '0', '2019-08-27 20:14:42', '2019-08-27 20:14:42');
INSERT INTO `s9_system_priv` VALUES ('73', '31', '接口管理', 'main', 'main', 'main', '0', '0', '2019-08-27 20:14:42', '2019-08-27 20:14:42');
INSERT INTO `s9_system_priv` VALUES ('74', '32', '启动接口协议', 'main', 'main', 'main', '73', '0', '2019-08-27 20:14:42', '2019-08-27 20:14:42');
INSERT INTO `s9_system_priv` VALUES ('75', '32', '启动接口协议', 'index', 'interfaces', 'runGameProtocal', '74', '0', '2019-08-27 20:14:42', '2019-08-27 20:14:42');
INSERT INTO `s9_system_priv` VALUES ('76', '33', '导入接口协议', 'main', 'main', 'main', '73', '0', '2019-08-27 20:14:42', '2019-08-27 20:14:42');
INSERT INTO `s9_system_priv` VALUES ('77', '33', '导入接口协议', 'index', 'interfaces', 'importGameProtocal', '76', '0', '2019-08-27 20:14:42', '2019-08-27 20:14:42');
INSERT INTO `s9_system_priv` VALUES ('78', '34', '协议版本管理', 'main', 'main', 'main', '73', '0', '2019-08-27 20:14:42', '2019-08-27 20:14:42');
INSERT INTO `s9_system_priv` VALUES ('79', '34', '协议版本管理', 'index', 'interfaces', 'versionList', '78', '0', '2019-08-27 20:14:42', '2019-08-27 20:14:42');
INSERT INTO `s9_system_priv` VALUES ('80', '35', '发送指令列表', 'main', 'main', 'main', '73', '0', '2019-08-27 20:14:42', '2019-08-27 20:14:42');
INSERT INTO `s9_system_priv` VALUES ('81', '35', '发送指令列表', 'index', 'interfaces', 'cmdList', '80', '0', '2019-08-27 20:14:42', '2019-08-27 20:14:42');
INSERT INTO `s9_system_priv` VALUES ('82', '36', '我的审核工单', 'main', 'main', 'main', '73', '0', '2019-08-27 20:14:42', '2019-08-27 20:14:42');
INSERT INTO `s9_system_priv` VALUES ('83', '36', '我的审核工单', 'index', 'interfaces', 'myThreadList', '82', '0', '2019-08-27 20:14:42', '2019-08-27 20:14:42');
INSERT INTO `s9_system_priv` VALUES ('84', '83', '指令已审核列表', 'main', 'main', 'main', '73', '0', '2019-08-27 20:14:42', '2019-08-27 20:14:42');
INSERT INTO `s9_system_priv` VALUES ('85', '83', '指令已审核列表', 'index', 'interfaces', 'threadHaveCheckedList', '84', '0', '2019-08-27 20:14:42', '2019-08-27 20:14:42');
INSERT INTO `s9_system_priv` VALUES ('86', '37', '接口日志列表', 'main', 'main', 'main', '73', '0', '2019-08-27 20:14:42', '2019-08-27 20:14:42');
INSERT INTO `s9_system_priv` VALUES ('87', '37', '接口日志列表', 'index', 'interfaces', 'logList', '86', '0', '2019-08-27 20:14:42', '2019-08-27 20:14:42');
INSERT INTO `s9_system_priv` VALUES ('88', '38', '接口权限管理', 'main', 'main', 'main', '73', '0', '2019-08-27 20:14:42', '2019-08-27 20:14:42');
INSERT INTO `s9_system_priv` VALUES ('89', '38', '接口权限管理', 'index', 'interfaces', 'interfaceAdminList', '88', '0', '2019-08-27 20:14:42', '2019-08-27 20:14:42');
INSERT INTO `s9_system_priv` VALUES ('90', '39', '接口角色管理', 'main', 'main', 'main', '73', '0', '2019-08-27 20:14:42', '2019-08-27 20:14:42');
INSERT INTO `s9_system_priv` VALUES ('91', '39', '接口角色管理', 'index', 'interfaces', 'interfaceRoleList', '90', '0', '2019-08-27 20:14:42', '2019-08-27 20:14:42');
INSERT INTO `s9_system_priv` VALUES ('92', '40', '聊天管理', 'main', 'main', 'main', '0', '0', '2019-08-27 20:14:42', '2019-08-27 20:14:42');
INSERT INTO `s9_system_priv` VALUES ('93', '41', '聊天信息', 'main', 'main', 'main', '92', '0', '2019-08-27 20:14:42', '2019-08-27 20:14:42');
INSERT INTO `s9_system_priv` VALUES ('94', '41', '聊天信息', 'index', 'chat', 'getList', '93', '0', '2019-08-27 20:14:42', '2019-08-27 20:14:42');
INSERT INTO `s9_system_priv` VALUES ('95', '42', '聊天操作日志', 'main', 'main', 'main', '92', '0', '2019-08-27 20:14:42', '2019-08-27 20:14:42');
INSERT INTO `s9_system_priv` VALUES ('96', '42', '聊天操作日志', 'index', 'chat', 'logList', '95', '0', '2019-08-27 20:14:42', '2019-08-27 20:14:42');
INSERT INTO `s9_system_priv` VALUES ('97', '43', '审核流程管理', 'main', 'main', 'main', '0', '0', '2019-08-27 20:14:42', '2019-08-27 20:14:42');
INSERT INTO `s9_system_priv` VALUES ('98', '44', '审核流程管理', 'main', 'main', 'main', '97', '0', '2019-08-27 20:14:42', '2019-08-27 20:14:42');
INSERT INTO `s9_system_priv` VALUES ('99', '44', '审核流程管理', 'index', 'workflow', 'getList', '98', '0', '2019-08-27 20:14:42', '2019-08-27 20:14:42');
INSERT INTO `s9_system_priv` VALUES ('100', '45', '客户端更新', 'main', 'main', 'main', '0', '0', '2019-08-27 20:14:42', '2019-08-27 20:14:42');
INSERT INTO `s9_system_priv` VALUES ('101', '46', '新包查询', 'main', 'main', 'main', '100', '0', '2019-08-27 20:14:42', '2019-08-27 20:14:42');
INSERT INTO `s9_system_priv` VALUES ('102', '46', '新包查询', 'index', 'package', 'getList', '101', '0', '2019-08-27 20:14:42', '2019-08-27 20:14:42');
INSERT INTO `s9_system_priv` VALUES ('103', '47', '服务器管理', 'main', 'main', 'main', '0', '0', '2019-08-27 20:14:42', '2019-08-27 20:14:42');
INSERT INTO `s9_system_priv` VALUES ('104', '48', '登录服务器', 'main', 'main', 'main', '103', '0', '2019-08-27 20:14:42', '2019-08-27 20:14:42');
INSERT INTO `s9_system_priv` VALUES ('105', '48', '登录服务器', 'index', 'server', 'loginServer', '104', '0', '2019-08-27 20:14:42', '2019-08-27 20:14:42');
INSERT INTO `s9_system_priv` VALUES ('106', '49', '区服列表', 'main', 'main', 'main', '103', '0', '2019-08-27 20:14:42', '2019-08-27 20:14:42');
INSERT INTO `s9_system_priv` VALUES ('107', '49', '区服列表', 'index', 'server', 'getList', '106', '0', '2019-08-27 20:14:42', '2019-08-27 20:14:42');
INSERT INTO `s9_system_priv` VALUES ('108', '50', '游戏管理', 'main', 'main', 'main', '0', '0', '2019-08-27 20:14:42', '2019-08-27 20:14:42');
INSERT INTO `s9_system_priv` VALUES ('109', '51', '添加游戏', 'main', 'main', 'main', '108', '0', '2019-08-27 20:14:42', '2019-08-27 20:14:42');
INSERT INTO `s9_system_priv` VALUES ('110', '51', '添加游戏', 'index', 'game', 'addGame', '109', '0', '2019-08-27 20:14:42', '2019-08-27 20:14:42');
INSERT INTO `s9_system_priv` VALUES ('111', '52', '游戏列表', 'main', 'main', 'main', '108', '0', '2019-08-27 20:14:42', '2019-08-27 20:14:42');
INSERT INTO `s9_system_priv` VALUES ('112', '52', '游戏列表', 'index', 'game', 'gameList', '111', '0', '2019-08-27 20:14:42', '2019-08-27 20:14:42');
INSERT INTO `s9_system_priv` VALUES ('113', '53', '修改游戏数据', 'main', 'main', 'main', '108', '0', '2019-08-27 20:14:42', '2019-08-27 20:14:42');
INSERT INTO `s9_system_priv` VALUES ('114', '53', '修改游戏数据', 'index', 'game', 'updateGame', '113', '0', '2019-08-27 20:14:42', '2019-08-27 20:14:42');
INSERT INTO `s9_system_priv` VALUES ('115', '54', '游戏区服', 'main', 'main', 'main', '108', '0', '2019-08-27 20:14:42', '2019-08-27 20:14:42');
INSERT INTO `s9_system_priv` VALUES ('116', '54', '游戏区服', 'index', 'game', 'gameZone', '115', '0', '2019-08-27 20:14:42', '2019-08-27 20:14:42');
INSERT INTO `s9_system_priv` VALUES ('117', '55', '添加游戏道具', 'main', 'main', 'main', '108', '0', '2019-08-27 20:14:42', '2019-08-27 20:14:42');
INSERT INTO `s9_system_priv` VALUES ('118', '55', '添加游戏道具', 'index', 'game', 'addAndUpdateItem', '117', '0', '2019-08-27 20:14:42', '2019-08-27 20:14:42');
INSERT INTO `s9_system_priv` VALUES ('119', '56', '游戏道具管理', 'main', 'main', 'main', '108', '0', '2019-08-27 20:14:42', '2019-08-27 20:14:42');
INSERT INTO `s9_system_priv` VALUES ('120', '56', '游戏道具管理', 'index', 'game', 'itemList', '119', '0', '2019-08-27 20:14:42', '2019-08-27 20:14:42');
INSERT INTO `s9_system_priv` VALUES ('121', '57', '聊天频道管理', 'main', 'main', 'main', '108', '0', '2019-08-27 20:14:42', '2019-08-27 20:14:42');
INSERT INTO `s9_system_priv` VALUES ('122', '57', '聊天频道管理', 'index', 'chat', 'channel', '121', '0', '2019-08-27 20:14:42', '2019-08-27 20:14:42');
INSERT INTO `s9_system_priv` VALUES ('123', '58', '聊天操作', 'main', 'main', 'main', '108', '0', '2019-08-27 20:14:42', '2019-08-27 20:14:42');
INSERT INTO `s9_system_priv` VALUES ('124', '58', '聊天操作', 'index', 'chat', 'cmd', '123', '0', '2019-08-27 20:14:42', '2019-08-27 20:14:42');
INSERT INTO `s9_system_priv` VALUES ('125', '59', '外链管理', 'main', 'main', 'main', '108', '0', '2019-08-27 20:14:42', '2019-08-27 20:14:42');
INSERT INTO `s9_system_priv` VALUES ('126', '59', '外链管理', 'index', 'game', 'extlink', '125', '0', '2019-08-27 20:14:42', '2019-08-27 20:14:42');
INSERT INTO `s9_system_priv` VALUES ('127', '60', '添加idip服务器', 'main', 'main', 'main', '108', '0', '2019-08-27 20:14:42', '2019-08-27 20:14:42');
INSERT INTO `s9_system_priv` VALUES ('128', '60', '添加idip服务器', 'index', 'zone', 'addZone', '127', '0', '2019-08-27 20:14:42', '2019-08-27 20:14:42');
INSERT INTO `s9_system_priv` VALUES ('129', '61', 'idip服务器列表', 'main', 'main', 'main', '108', '0', '2019-08-27 20:14:42', '2019-08-27 20:14:42');
INSERT INTO `s9_system_priv` VALUES ('130', '61', 'idip服务器列表', 'index', 'zone', 'zoneList', '129', '0', '2019-08-27 20:14:42', '2019-08-27 20:14:42');
INSERT INTO `s9_system_priv` VALUES ('131', '62', '系统权限管理', 'main', 'main', 'main', '0', '0', '2019-08-27 20:14:42', '2019-08-27 20:14:42');
INSERT INTO `s9_system_priv` VALUES ('132', '63', '登录日志列表', 'main', 'main', 'main', '131', '0', '2019-08-27 20:14:42', '2019-08-27 20:14:42');
INSERT INTO `s9_system_priv` VALUES ('133', '63', '登录日志列表', 'index', 'admin', 'loginLogList', '132', '0', '2019-08-27 20:14:42', '2019-08-27 20:14:42');
INSERT INTO `s9_system_priv` VALUES ('134', '22', '导出CSV', 'index', 'payment', 'exportCsv', '56', '0', '2019-08-27 20:22:45', '2019-08-27 20:22:45');
INSERT INTO `s9_system_priv` VALUES ('135', '22', '手动补单', 'index', 'payment', 'reNotify', '56', '0', '2019-08-27 20:23:11', '2019-08-27 20:23:11');
INSERT INTO `s9_system_priv` VALUES ('136', '22', '关闭订单', 'index', 'payment', 'closeOrder', '56', '0', '2019-08-27 20:23:33', '2019-08-27 20:23:33');
INSERT INTO `s9_system_priv` VALUES ('137', '22', '回调日志', 'index', 'payment', 'showLog', '56', '0', '2019-08-27 20:24:09', '2019-08-27 20:24:09');
INSERT INTO `s9_system_priv` VALUES ('138', '18', '角色编辑', 'index', 'product', 'addAndUpdateRole', '50', '0', '2019-08-27 20:25:10', '2019-08-27 20:25:10');
INSERT INTO `s9_system_priv` VALUES ('139', '18', '删除', 'index', 'product', 'deleteRole', '50', '0', '2019-08-27 20:25:33', '2019-08-27 20:25:33');
INSERT INTO `s9_system_priv` VALUES ('140', '18', '分配权限', 'index', 'product', 'assginRolePrivilege', '50', '0', '2019-08-27 20:26:03', '2019-08-27 20:26:03');
INSERT INTO `s9_system_priv` VALUES ('141', '17', '分配角色', 'index', 'product', 'assginRole', '48', '0', '2019-08-27 20:26:32', '2019-08-27 20:26:32');
INSERT INTO `s9_system_priv` VALUES ('142', '16', '添加', 'index', 'product', 'adChannelAdd', '46', '0', '2019-08-27 20:27:16', '2019-08-27 20:27:16');
INSERT INTO `s9_system_priv` VALUES ('143', '16', '修改', 'index', 'product', 'adChannelEdit', '46', '0', '2019-08-27 20:27:41', '2019-08-27 20:27:41');
INSERT INTO `s9_system_priv` VALUES ('144', '16', '参数模板编辑', 'index', 'product', 'adChannelExtraSave', '46', '0', '2019-08-27 20:28:08', '2019-08-27 20:28:08');
INSERT INTO `s9_system_priv` VALUES ('145', '15', '添加', 'index', 'product', 'channelAdd', '44', '0', '2019-08-27 20:28:39', '2019-08-27 20:28:39');
INSERT INTO `s9_system_priv` VALUES ('146', '15', '编辑', 'index', 'product', 'channelEdit', '44', '0', '2019-08-27 20:29:08', '2019-08-27 20:29:08');
INSERT INTO `s9_system_priv` VALUES ('147', '15', '参数模板编辑', 'index', 'product', 'channelExtraSave', '44', '0', '2019-08-27 20:29:34', '2019-08-27 20:29:34');
INSERT INTO `s9_system_priv` VALUES ('148', '14', '添加', 'index', 'product', 'productAdd', '42', '0', '2019-08-27 20:30:10', '2019-08-27 20:30:10');
INSERT INTO `s9_system_priv` VALUES ('149', '14', '基本信息编辑', 'index', 'product', 'productEdit', '42', '0', '2019-08-27 20:30:35', '2019-08-27 20:30:35');
INSERT INTO `s9_system_priv` VALUES ('150', '14', '参数模板编辑', 'index', 'product', 'extraSave', '42', '0', '2019-08-27 20:31:11', '2019-08-27 20:31:11');
INSERT INTO `s9_system_priv` VALUES ('151', '14', '渠道管理', 'main', 'main', 'main', '42', '0', '2019-08-27 20:31:35', '2019-08-27 20:31:35');
INSERT INTO `s9_system_priv` VALUES ('152', '14', '渠道管理', 'index', 'product', 'productChannel', '151', '0', '2019-08-27 20:31:59', '2019-08-27 20:31:59');
INSERT INTO `s9_system_priv` VALUES ('153', '14', '添加', 'index', 'product', 'productChannelSave', '151', '0', '2019-08-27 20:32:25', '2019-08-27 20:32:25');
INSERT INTO `s9_system_priv` VALUES ('154', '14', '修改', 'index', 'product', 'productChannelEdit', '151', '0', '2019-08-27 20:32:50', '2019-08-27 20:32:50');
INSERT INTO `s9_system_priv` VALUES ('155', '14', '删除', 'index', 'product', 'deleteProductChannel', '151', '0', '2019-08-27 20:33:09', '2019-08-27 20:33:09');
INSERT INTO `s9_system_priv` VALUES ('156', '14', '区服管理', 'main', 'main', 'main', '42', '0', '2019-08-27 20:33:29', '2019-08-27 20:33:29');
INSERT INTO `s9_system_priv` VALUES ('157', '14', '区服管理', 'index', 'product', 'productZone', '156', '0', '2019-08-27 20:33:54', '2019-08-27 20:33:54');
INSERT INTO `s9_system_priv` VALUES ('158', '14', '添加/修改', 'index', 'product', 'productZoneSave', '156', '0', '2019-08-27 20:34:19', '2019-08-27 20:34:19');
INSERT INTO `s9_system_priv` VALUES ('159', '14', '批量添加', 'index', 'product', 'productZoneBatchSave', '156', '0', '2019-08-27 20:34:44', '2019-08-27 20:34:44');
INSERT INTO `s9_system_priv` VALUES ('160', '14', '导出CSV', 'index', 'product', 'exportCsv', '156', '0', '2019-08-27 20:35:10', '2019-08-27 20:35:10');
INSERT INTO `s9_system_priv` VALUES ('161', '14', '删除/批量删除', 'index', 'product', 'deleteProductZone', '156', '0', '2019-08-27 20:35:38', '2019-08-27 20:35:38');
INSERT INTO `s9_system_priv` VALUES ('162', '14', '区间删除', 'index', 'product', 'deleteBatchProductZone', '156', '0', '2019-08-27 20:36:00', '2019-08-27 20:36:00');
INSERT INTO `s9_system_priv` VALUES ('163', '14', '游戏激活码管理', 'main', 'main', 'main', '42', '0', '2019-08-27 20:36:23', '2019-08-27 20:36:23');
INSERT INTO `s9_system_priv` VALUES ('164', '14', '激活码', 'main', 'main', 'main', '163', '0', '2019-08-27 20:36:42', '2019-08-27 20:36:42');
INSERT INTO `s9_system_priv` VALUES ('165', '14', '激活码列表', 'index', 'product', 'productCdKey', '164', '0', '2019-08-27 20:37:05', '2019-08-27 20:37:05');
INSERT INTO `s9_system_priv` VALUES ('166', '14', '功能开关', 'index', 'product', 'productCdKeyActiveStat', '164', '0', '2019-08-27 20:37:31', '2019-08-27 20:37:31');
INSERT INTO `s9_system_priv` VALUES ('167', '14', '激活码生成', 'index', 'product', 'cdKeyGenerate', '164', '0', '2019-08-27 20:37:54', '2019-08-27 20:37:54');
INSERT INTO `s9_system_priv` VALUES ('168', '14', '渠道激活码获取地址配置', 'index', 'product', 'getGainUrl', '164', '0', '2019-08-27 20:38:25', '2019-08-27 20:38:25');
INSERT INTO `s9_system_priv` VALUES ('169', '14', '渠道激活码获取地址配置修改', 'index', 'product', 'gainUrlSave', '164', '0', '2019-08-27 20:38:49', '2019-08-27 20:38:49');
INSERT INTO `s9_system_priv` VALUES ('170', '14', '激活面板提示文字', 'index', 'product', 'getChannelTip', '164', '0', '2019-08-27 20:39:13', '2019-08-27 20:39:13');
INSERT INTO `s9_system_priv` VALUES ('171', '14', '设置激活面板提示文字', 'index', 'product', 'tipSave', '164', '0', '2019-08-27 20:39:34', '2019-08-27 20:39:34');
INSERT INTO `s9_system_priv` VALUES ('172', '14', '注销', 'index', 'product', 'closeKeyStat', '164', '0', '2019-08-27 20:39:54', '2019-08-27 20:39:54');
INSERT INTO `s9_system_priv` VALUES ('173', '14', '恢复', 'index', 'product', 'openKeyStat', '164', '0', '2019-08-27 20:40:15', '2019-08-27 20:40:15');
INSERT INTO `s9_system_priv` VALUES ('174', '14', '激活用户', 'index', 'product', 'activeKeyStat', '164', '0', '2019-08-27 20:40:36', '2019-08-27 20:40:36');
INSERT INTO `s9_system_priv` VALUES ('175', '14', '激活用户/设备列表', 'main', 'main', 'main', '163', '0', '2019-08-27 20:40:56', '2019-08-27 20:40:56');
INSERT INTO `s9_system_priv` VALUES ('176', '14', '激活用户/设备列表', 'index', 'product', 'productCdUser', '175', '0', '2019-08-27 20:41:20', '2019-08-27 20:41:20');
INSERT INTO `s9_system_priv` VALUES ('177', '14', '注销激活状态', 'index', 'product', 'closeUserStat', '175', '0', '2019-08-27 20:41:55', '2019-08-27 20:41:55');
INSERT INTO `s9_system_priv` VALUES ('178', '14', '恢复激活状态', 'index', 'product', 'openUserStat', '175', '0', '2019-08-27 20:42:28', '2019-08-27 20:42:28');
INSERT INTO `s9_system_priv` VALUES ('179', '14', '游戏在线人数曲线', 'main', 'main', 'main', '42', '0', '2019-08-27 20:43:22', '2019-08-27 20:43:22');
INSERT INTO `s9_system_priv` VALUES ('180', '14', '游戏在线人数曲线', 'index', 'product', 'productGameMonitor', '179', '0', '2019-08-27 20:43:46', '2019-08-27 20:43:46');
INSERT INTO `s9_system_priv` VALUES ('181', '14', '开启', 'index', 'product', 'openToolStat', '179', '0', '2019-08-27 20:44:08', '2019-08-27 20:44:08');
INSERT INTO `s9_system_priv` VALUES ('182', '14', '消息推送管理', 'main', 'main', 'main', '42', '0', '2019-08-27 20:44:28', '2019-08-27 20:44:28');
INSERT INTO `s9_system_priv` VALUES ('183', '14', '消息推送管理', 'index', 'product', 'productXgPush', '182', '0', '2019-08-27 20:44:46', '2019-08-27 20:44:46');
INSERT INTO `s9_system_priv` VALUES ('184', '14', '增加/编辑配制 ', 'index', 'product', 'setXgPush', '182', '0', '2019-08-27 20:45:14', '2019-08-27 20:45:14');
INSERT INTO `s9_system_priv` VALUES ('185', '14', '删除配制', 'index', 'product', 'delXgPush', '182', '0', '2019-08-27 20:45:36', '2019-08-27 20:45:36');
INSERT INTO `s9_system_priv` VALUES ('186', '14', '设备列表', 'index', 'product', 'xgpushRegList', '182', '0', '2019-08-27 20:46:00', '2019-08-27 20:46:00');
INSERT INTO `s9_system_priv` VALUES ('187', '14', '消息列表', 'index', 'product', 'xgpushMsgList', '182', '0', '2019-08-27 20:46:48', '2019-08-27 20:46:48');
INSERT INTO `s9_system_priv` VALUES ('188', '14', '消息推送', 'index', 'product', 'xgpushPushMsg', '182', '0', '2019-08-27 20:47:08', '2019-08-27 20:47:08');
INSERT INTO `s9_system_priv` VALUES ('189', '14', '广告渠道管理', 'main', 'main', 'main', '42', '0', '2019-08-27 20:47:28', '2019-08-27 20:47:28');
INSERT INTO `s9_system_priv` VALUES ('190', '14', '广告渠道管理', 'index', 'product', 'productAdChannel', '189', '0', '2019-08-27 20:47:47', '2019-08-27 20:47:47');
INSERT INTO `s9_system_priv` VALUES ('191', '14', '添加', 'index', 'product', 'productAdChannelSave', '189', '0', '2019-08-27 20:48:07', '2019-08-27 20:48:07');
INSERT INTO `s9_system_priv` VALUES ('192', '14', '修改', 'index', 'product', 'productAdChannelEdit', '189', '0', '2019-08-27 20:48:28', '2019-08-27 20:48:28');
INSERT INTO `s9_system_priv` VALUES ('193', '14', '删除', 'index', 'product', 'deleteProductAdChannel', '189', '0', '2019-08-27 20:48:49', '2019-08-27 20:48:49');

-- ----------------------------
-- Table structure for s9_system_user_group
-- ----------------------------
DROP TABLE IF EXISTS `s9_system_user_group`;
CREATE TABLE `s9_system_user_group` (
  `sug_id` int(11) NOT NULL AUTO_INCREMENT,
  `sg_id` int(11) NOT NULL DEFAULT 0 COMMENT '角色id',
  `ad_uid` int(11) NOT NULL DEFAULT 0 COMMENT '管理员id',
  `created_at` datetime DEFAULT NULL,
  `updated_at` datetime DEFAULT NULL,
  PRIMARY KEY (`sug_id`)
) ENGINE=InnoDB AUTO_INCREMENT=208 DEFAULT CHARSET=utf8mb4;

-- ----------------------------
-- Records of s9_system_user_group
-- ----------------------------
INSERT INTO `s9_system_user_group` VALUES ('1', '1', '1', null, null);
INSERT INTO `s9_system_user_group` VALUES ('2', '14', '2', '2019-08-27 20:14:46', '2019-08-27 20:14:46');
INSERT INTO `s9_system_user_group` VALUES ('3', '2', '2', '2019-08-27 20:14:46', '2019-08-27 20:14:46');
INSERT INTO `s9_system_user_group` VALUES ('4', '3', '2', '2019-08-27 20:14:46', '2019-08-27 20:14:46');
INSERT INTO `s9_system_user_group` VALUES ('5', '4', '2', '2019-08-27 20:14:46', '2019-08-27 20:14:46');
INSERT INTO `s9_system_user_group` VALUES ('6', '19', '2', '2019-08-27 20:14:46', '2019-08-27 20:14:46');
INSERT INTO `s9_system_user_group` VALUES ('7', '24', '2', '2019-08-27 20:14:46', '2019-08-27 20:14:46');
INSERT INTO `s9_system_user_group` VALUES ('8', '3', '3', '2019-08-27 20:14:46', '2019-08-27 20:14:46');
INSERT INTO `s9_system_user_group` VALUES ('9', '14', '4', '2019-08-27 20:14:46', '2019-08-27 20:14:46');
INSERT INTO `s9_system_user_group` VALUES ('10', '2', '4', '2019-08-27 20:14:46', '2019-08-27 20:14:46');
INSERT INTO `s9_system_user_group` VALUES ('11', '3', '4', '2019-08-27 20:14:46', '2019-08-27 20:14:46');
INSERT INTO `s9_system_user_group` VALUES ('12', '4', '4', '2019-08-27 20:14:46', '2019-08-27 20:14:46');
INSERT INTO `s9_system_user_group` VALUES ('13', '19', '4', '2019-08-27 20:14:46', '2019-08-27 20:14:46');
INSERT INTO `s9_system_user_group` VALUES ('14', '16', '4', '2019-08-27 20:14:46', '2019-08-27 20:14:46');
INSERT INTO `s9_system_user_group` VALUES ('15', '24', '4', '2019-08-27 20:14:46', '2019-08-27 20:14:46');
INSERT INTO `s9_system_user_group` VALUES ('16', '6', '5', '2019-08-27 20:14:46', '2019-08-27 20:14:46');
INSERT INTO `s9_system_user_group` VALUES ('17', '7', '6', '2019-08-27 20:14:46', '2019-08-27 20:14:46');
INSERT INTO `s9_system_user_group` VALUES ('18', '7', '7', '2019-08-27 20:14:46', '2019-08-27 20:14:46');
INSERT INTO `s9_system_user_group` VALUES ('19', '8', '8', '2019-08-27 20:14:46', '2019-08-27 20:14:46');
INSERT INTO `s9_system_user_group` VALUES ('20', '7', '9', '2019-08-27 20:14:46', '2019-08-27 20:14:46');
INSERT INTO `s9_system_user_group` VALUES ('21', '8', '10', '2019-08-27 20:14:46', '2019-08-27 20:14:46');
INSERT INTO `s9_system_user_group` VALUES ('22', '10', '11', '2019-08-27 20:14:46', '2019-08-27 20:14:46');
INSERT INTO `s9_system_user_group` VALUES ('23', '10', '12', '2019-08-27 20:14:46', '2019-08-27 20:14:46');
INSERT INTO `s9_system_user_group` VALUES ('24', '10', '13', '2019-08-27 20:14:46', '2019-08-27 20:14:46');
INSERT INTO `s9_system_user_group` VALUES ('25', '4', '14', '2019-08-27 20:14:46', '2019-08-27 20:14:46');
INSERT INTO `s9_system_user_group` VALUES ('26', '4', '15', '2019-08-27 20:14:46', '2019-08-27 20:14:46');
INSERT INTO `s9_system_user_group` VALUES ('27', '4', '16', '2019-08-27 20:14:46', '2019-08-27 20:14:46');
INSERT INTO `s9_system_user_group` VALUES ('28', '4', '17', '2019-08-27 20:14:46', '2019-08-27 20:14:46');
INSERT INTO `s9_system_user_group` VALUES ('29', '4', '18', '2019-08-27 20:14:46', '2019-08-27 20:14:46');
INSERT INTO `s9_system_user_group` VALUES ('30', '4', '19', '2019-08-27 20:14:46', '2019-08-27 20:14:46');
INSERT INTO `s9_system_user_group` VALUES ('31', '4', '20', '2019-08-27 20:14:46', '2019-08-27 20:14:46');
INSERT INTO `s9_system_user_group` VALUES ('32', '4', '21', '2019-08-27 20:14:46', '2019-08-27 20:14:46');
INSERT INTO `s9_system_user_group` VALUES ('33', '4', '22', '2019-08-27 20:14:46', '2019-08-27 20:14:46');
INSERT INTO `s9_system_user_group` VALUES ('34', '4', '23', '2019-08-27 20:14:46', '2019-08-27 20:14:46');
INSERT INTO `s9_system_user_group` VALUES ('35', '4', '24', '2019-08-27 20:14:46', '2019-08-27 20:14:46');
INSERT INTO `s9_system_user_group` VALUES ('36', '4', '25', '2019-08-27 20:14:46', '2019-08-27 20:14:46');
INSERT INTO `s9_system_user_group` VALUES ('37', '4', '26', '2019-08-27 20:14:46', '2019-08-27 20:14:46');
INSERT INTO `s9_system_user_group` VALUES ('38', '4', '27', '2019-08-27 20:14:46', '2019-08-27 20:14:46');
INSERT INTO `s9_system_user_group` VALUES ('39', '4', '28', '2019-08-27 20:14:46', '2019-08-27 20:14:46');
INSERT INTO `s9_system_user_group` VALUES ('40', '4', '29', '2019-08-27 20:14:46', '2019-08-27 20:14:46');
INSERT INTO `s9_system_user_group` VALUES ('41', '4', '30', '2019-08-27 20:14:46', '2019-08-27 20:14:46');
INSERT INTO `s9_system_user_group` VALUES ('42', '4', '31', '2019-08-27 20:14:46', '2019-08-27 20:14:46');
INSERT INTO `s9_system_user_group` VALUES ('43', '4', '32', '2019-08-27 20:14:46', '2019-08-27 20:14:46');
INSERT INTO `s9_system_user_group` VALUES ('44', '4', '33', '2019-08-27 20:14:46', '2019-08-27 20:14:46');
INSERT INTO `s9_system_user_group` VALUES ('45', '4', '34', '2019-08-27 20:14:46', '2019-08-27 20:14:46');
INSERT INTO `s9_system_user_group` VALUES ('46', '4', '35', '2019-08-27 20:14:46', '2019-08-27 20:14:46');
INSERT INTO `s9_system_user_group` VALUES ('47', '4', '36', '2019-08-27 20:14:46', '2019-08-27 20:14:46');
INSERT INTO `s9_system_user_group` VALUES ('48', '4', '37', '2019-08-27 20:14:46', '2019-08-27 20:14:46');
INSERT INTO `s9_system_user_group` VALUES ('49', '4', '38', '2019-08-27 20:14:46', '2019-08-27 20:14:46');
INSERT INTO `s9_system_user_group` VALUES ('50', '4', '39', '2019-08-27 20:14:46', '2019-08-27 20:14:46');
INSERT INTO `s9_system_user_group` VALUES ('51', '4', '40', '2019-08-27 20:14:46', '2019-08-27 20:14:46');
INSERT INTO `s9_system_user_group` VALUES ('52', '4', '41', '2019-08-27 20:14:46', '2019-08-27 20:14:46');
INSERT INTO `s9_system_user_group` VALUES ('53', '27', '42', '2019-08-27 20:14:46', '2019-08-27 20:14:46');
INSERT INTO `s9_system_user_group` VALUES ('54', '4', '42', '2019-08-27 20:14:46', '2019-08-27 20:14:46');
INSERT INTO `s9_system_user_group` VALUES ('55', '4', '43', '2019-08-27 20:14:46', '2019-08-27 20:14:46');
INSERT INTO `s9_system_user_group` VALUES ('56', '4', '44', '2019-08-27 20:14:46', '2019-08-27 20:14:46');
INSERT INTO `s9_system_user_group` VALUES ('57', '3', '45', '2019-08-27 20:14:46', '2019-08-27 20:14:46');
INSERT INTO `s9_system_user_group` VALUES ('58', '4', '45', '2019-08-27 20:14:46', '2019-08-27 20:14:46');
INSERT INTO `s9_system_user_group` VALUES ('59', '3', '46', '2019-08-27 20:14:46', '2019-08-27 20:14:46');
INSERT INTO `s9_system_user_group` VALUES ('60', '4', '46', '2019-08-27 20:14:46', '2019-08-27 20:14:46');
INSERT INTO `s9_system_user_group` VALUES ('61', '9', '47', '2019-08-27 20:14:46', '2019-08-27 20:14:46');
INSERT INTO `s9_system_user_group` VALUES ('62', '9', '48', '2019-08-27 20:14:46', '2019-08-27 20:14:46');
INSERT INTO `s9_system_user_group` VALUES ('63', '11', '49', '2019-08-27 20:14:46', '2019-08-27 20:14:46');
INSERT INTO `s9_system_user_group` VALUES ('64', '13', '49', '2019-08-27 20:14:46', '2019-08-27 20:14:46');
INSERT INTO `s9_system_user_group` VALUES ('65', '2', '50', '2019-08-27 20:14:46', '2019-08-27 20:14:46');
INSERT INTO `s9_system_user_group` VALUES ('66', '3', '50', '2019-08-27 20:14:46', '2019-08-27 20:14:46');
INSERT INTO `s9_system_user_group` VALUES ('67', '9', '51', '2019-08-27 20:14:46', '2019-08-27 20:14:46');
INSERT INTO `s9_system_user_group` VALUES ('68', '4', '52', '2019-08-27 20:14:46', '2019-08-27 20:14:46');
INSERT INTO `s9_system_user_group` VALUES ('69', '4', '53', '2019-08-27 20:14:46', '2019-08-27 20:14:46');
INSERT INTO `s9_system_user_group` VALUES ('70', '27', '54', '2019-08-27 20:14:46', '2019-08-27 20:14:46');
INSERT INTO `s9_system_user_group` VALUES ('71', '4', '54', '2019-08-27 20:14:46', '2019-08-27 20:14:46');
INSERT INTO `s9_system_user_group` VALUES ('72', '27', '55', '2019-08-27 20:14:46', '2019-08-27 20:14:46');
INSERT INTO `s9_system_user_group` VALUES ('73', '4', '55', '2019-08-27 20:14:46', '2019-08-27 20:14:46');
INSERT INTO `s9_system_user_group` VALUES ('74', '27', '56', '2019-08-27 20:14:46', '2019-08-27 20:14:46');
INSERT INTO `s9_system_user_group` VALUES ('75', '4', '56', '2019-08-27 20:14:46', '2019-08-27 20:14:46');
INSERT INTO `s9_system_user_group` VALUES ('76', '27', '57', '2019-08-27 20:14:46', '2019-08-27 20:14:46');
INSERT INTO `s9_system_user_group` VALUES ('77', '4', '57', '2019-08-27 20:14:46', '2019-08-27 20:14:46');
INSERT INTO `s9_system_user_group` VALUES ('78', '4', '58', '2019-08-27 20:14:46', '2019-08-27 20:14:46');
INSERT INTO `s9_system_user_group` VALUES ('79', '4', '59', '2019-08-27 20:14:46', '2019-08-27 20:14:46');
INSERT INTO `s9_system_user_group` VALUES ('80', '4', '60', '2019-08-27 20:14:47', '2019-08-27 20:14:47');
INSERT INTO `s9_system_user_group` VALUES ('81', '4', '61', '2019-08-27 20:14:47', '2019-08-27 20:14:47');
INSERT INTO `s9_system_user_group` VALUES ('82', '4', '62', '2019-08-27 20:14:47', '2019-08-27 20:14:47');
INSERT INTO `s9_system_user_group` VALUES ('83', '4', '63', '2019-08-27 20:14:47', '2019-08-27 20:14:47');
INSERT INTO `s9_system_user_group` VALUES ('84', '4', '64', '2019-08-27 20:14:47', '2019-08-27 20:14:47');
INSERT INTO `s9_system_user_group` VALUES ('85', '12', '65', '2019-08-27 20:14:47', '2019-08-27 20:14:47');
INSERT INTO `s9_system_user_group` VALUES ('86', '9', '66', '2019-08-27 20:14:47', '2019-08-27 20:14:47');
INSERT INTO `s9_system_user_group` VALUES ('87', '10', '67', '2019-08-27 20:14:47', '2019-08-27 20:14:47');
INSERT INTO `s9_system_user_group` VALUES ('88', '10', '68', '2019-08-27 20:14:47', '2019-08-27 20:14:47');
INSERT INTO `s9_system_user_group` VALUES ('89', '10', '69', '2019-08-27 20:14:47', '2019-08-27 20:14:47');
INSERT INTO `s9_system_user_group` VALUES ('90', '14', '70', '2019-08-27 20:14:47', '2019-08-27 20:14:47');
INSERT INTO `s9_system_user_group` VALUES ('91', '2', '71', '2019-08-27 20:14:47', '2019-08-27 20:14:47');
INSERT INTO `s9_system_user_group` VALUES ('92', '7', '71', '2019-08-27 20:14:47', '2019-08-27 20:14:47');
INSERT INTO `s9_system_user_group` VALUES ('93', '3', '72', '2019-08-27 20:14:47', '2019-08-27 20:14:47');
INSERT INTO `s9_system_user_group` VALUES ('94', '4', '72', '2019-08-27 20:14:47', '2019-08-27 20:14:47');
INSERT INTO `s9_system_user_group` VALUES ('95', '4', '73', '2019-08-27 20:14:47', '2019-08-27 20:14:47');
INSERT INTO `s9_system_user_group` VALUES ('96', '16', '74', '2019-08-27 20:14:47', '2019-08-27 20:14:47');
INSERT INTO `s9_system_user_group` VALUES ('97', '4', '75', '2019-08-27 20:14:47', '2019-08-27 20:14:47');
INSERT INTO `s9_system_user_group` VALUES ('98', '6', '76', '2019-08-27 20:14:47', '2019-08-27 20:14:47');
INSERT INTO `s9_system_user_group` VALUES ('99', '16', '77', '2019-08-27 20:14:47', '2019-08-27 20:14:47');
INSERT INTO `s9_system_user_group` VALUES ('100', '17', '78', '2019-08-27 20:14:47', '2019-08-27 20:14:47');
INSERT INTO `s9_system_user_group` VALUES ('101', '14', '79', '2019-08-27 20:14:47', '2019-08-27 20:14:47');
INSERT INTO `s9_system_user_group` VALUES ('102', '15', '80', '2019-08-27 20:14:47', '2019-08-27 20:14:47');
INSERT INTO `s9_system_user_group` VALUES ('103', '18', '81', '2019-08-27 20:14:47', '2019-08-27 20:14:47');
INSERT INTO `s9_system_user_group` VALUES ('104', '4', '82', '2019-08-27 20:14:47', '2019-08-27 20:14:47');
INSERT INTO `s9_system_user_group` VALUES ('105', '4', '83', '2019-08-27 20:14:47', '2019-08-27 20:14:47');
INSERT INTO `s9_system_user_group` VALUES ('106', '15', '84', '2019-08-27 20:14:47', '2019-08-27 20:14:47');
INSERT INTO `s9_system_user_group` VALUES ('107', '19', '85', '2019-08-27 20:14:47', '2019-08-27 20:14:47');
INSERT INTO `s9_system_user_group` VALUES ('108', '19', '86', '2019-08-27 20:14:47', '2019-08-27 20:14:47');
INSERT INTO `s9_system_user_group` VALUES ('109', '19', '87', '2019-08-27 20:14:47', '2019-08-27 20:14:47');
INSERT INTO `s9_system_user_group` VALUES ('110', '21', '88', '2019-08-27 20:14:47', '2019-08-27 20:14:47');
INSERT INTO `s9_system_user_group` VALUES ('111', '2', '89', '2019-08-27 20:14:47', '2019-08-27 20:14:47');
INSERT INTO `s9_system_user_group` VALUES ('112', '3', '89', '2019-08-27 20:14:47', '2019-08-27 20:14:47');
INSERT INTO `s9_system_user_group` VALUES ('113', '4', '89', '2019-08-27 20:14:47', '2019-08-27 20:14:47');
INSERT INTO `s9_system_user_group` VALUES ('114', '5', '89', '2019-08-27 20:14:47', '2019-08-27 20:14:47');
INSERT INTO `s9_system_user_group` VALUES ('115', '19', '89', '2019-08-27 20:14:47', '2019-08-27 20:14:47');
INSERT INTO `s9_system_user_group` VALUES ('116', '24', '89', '2019-08-27 20:14:47', '2019-08-27 20:14:47');
INSERT INTO `s9_system_user_group` VALUES ('117', '6', '90', '2019-08-27 20:14:47', '2019-08-27 20:14:47');
INSERT INTO `s9_system_user_group` VALUES ('118', '20', '91', '2019-08-27 20:14:47', '2019-08-27 20:14:47');
INSERT INTO `s9_system_user_group` VALUES ('119', '21', '92', '2019-08-27 20:14:47', '2019-08-27 20:14:47');
INSERT INTO `s9_system_user_group` VALUES ('120', '21', '93', '2019-08-27 20:14:47', '2019-08-27 20:14:47');
INSERT INTO `s9_system_user_group` VALUES ('121', '21', '94', '2019-08-27 20:14:47', '2019-08-27 20:14:47');
INSERT INTO `s9_system_user_group` VALUES ('122', '21', '95', '2019-08-27 20:14:47', '2019-08-27 20:14:47');
INSERT INTO `s9_system_user_group` VALUES ('123', '21', '96', '2019-08-27 20:14:47', '2019-08-27 20:14:47');
INSERT INTO `s9_system_user_group` VALUES ('124', '21', '97', '2019-08-27 20:14:47', '2019-08-27 20:14:47');
INSERT INTO `s9_system_user_group` VALUES ('125', '21', '98', '2019-08-27 20:14:47', '2019-08-27 20:14:47');
INSERT INTO `s9_system_user_group` VALUES ('126', '21', '99', '2019-08-27 20:14:47', '2019-08-27 20:14:47');
INSERT INTO `s9_system_user_group` VALUES ('127', '21', '100', '2019-08-27 20:14:47', '2019-08-27 20:14:47');
INSERT INTO `s9_system_user_group` VALUES ('128', '21', '101', '2019-08-27 20:14:47', '2019-08-27 20:14:47');
INSERT INTO `s9_system_user_group` VALUES ('129', '21', '102', '2019-08-27 20:14:47', '2019-08-27 20:14:47');
INSERT INTO `s9_system_user_group` VALUES ('130', '21', '103', '2019-08-27 20:14:47', '2019-08-27 20:14:47');
INSERT INTO `s9_system_user_group` VALUES ('131', '21', '104', '2019-08-27 20:14:47', '2019-08-27 20:14:47');
INSERT INTO `s9_system_user_group` VALUES ('132', '21', '105', '2019-08-27 20:14:47', '2019-08-27 20:14:47');
INSERT INTO `s9_system_user_group` VALUES ('133', '21', '106', '2019-08-27 20:14:47', '2019-08-27 20:14:47');
INSERT INTO `s9_system_user_group` VALUES ('134', '21', '107', '2019-08-27 20:14:47', '2019-08-27 20:14:47');
INSERT INTO `s9_system_user_group` VALUES ('135', '4', '108', '2019-08-27 20:14:47', '2019-08-27 20:14:47');
INSERT INTO `s9_system_user_group` VALUES ('136', '27', '108', '2019-08-27 20:14:47', '2019-08-27 20:14:47');
INSERT INTO `s9_system_user_group` VALUES ('137', '21', '109', '2019-08-27 20:14:47', '2019-08-27 20:14:47');
INSERT INTO `s9_system_user_group` VALUES ('138', '21', '110', '2019-08-27 20:14:47', '2019-08-27 20:14:47');
INSERT INTO `s9_system_user_group` VALUES ('139', '21', '111', '2019-08-27 20:14:47', '2019-08-27 20:14:47');
INSERT INTO `s9_system_user_group` VALUES ('140', '4', '112', '2019-08-27 20:14:47', '2019-08-27 20:14:47');
INSERT INTO `s9_system_user_group` VALUES ('141', '6', '113', '2019-08-27 20:14:47', '2019-08-27 20:14:47');
INSERT INTO `s9_system_user_group` VALUES ('142', '7', '113', '2019-08-27 20:14:47', '2019-08-27 20:14:47');
INSERT INTO `s9_system_user_group` VALUES ('143', '14', '114', '2019-08-27 20:14:47', '2019-08-27 20:14:47');
INSERT INTO `s9_system_user_group` VALUES ('144', '6', '114', '2019-08-27 20:14:47', '2019-08-27 20:14:47');
INSERT INTO `s9_system_user_group` VALUES ('145', '2', '114', '2019-08-27 20:14:47', '2019-08-27 20:14:47');
INSERT INTO `s9_system_user_group` VALUES ('146', '3', '114', '2019-08-27 20:14:47', '2019-08-27 20:14:47');
INSERT INTO `s9_system_user_group` VALUES ('147', '7', '114', '2019-08-27 20:14:47', '2019-08-27 20:14:47');
INSERT INTO `s9_system_user_group` VALUES ('148', '23', '114', '2019-08-27 20:14:47', '2019-08-27 20:14:47');
INSERT INTO `s9_system_user_group` VALUES ('149', '19', '114', '2019-08-27 20:14:47', '2019-08-27 20:14:47');
INSERT INTO `s9_system_user_group` VALUES ('150', '20', '114', '2019-08-27 20:14:47', '2019-08-27 20:14:47');
INSERT INTO `s9_system_user_group` VALUES ('151', '22', '114', '2019-08-27 20:14:47', '2019-08-27 20:14:47');
INSERT INTO `s9_system_user_group` VALUES ('152', '16', '114', '2019-08-27 20:14:47', '2019-08-27 20:14:47');
INSERT INTO `s9_system_user_group` VALUES ('153', '24', '114', '2019-08-27 20:14:47', '2019-08-27 20:14:47');
INSERT INTO `s9_system_user_group` VALUES ('154', '30', '114', '2019-08-27 20:14:47', '2019-08-27 20:14:47');
INSERT INTO `s9_system_user_group` VALUES ('155', '19', '115', '2019-08-27 20:14:47', '2019-08-27 20:14:47');
INSERT INTO `s9_system_user_group` VALUES ('156', '21', '116', '2019-08-27 20:14:47', '2019-08-27 20:14:47');
INSERT INTO `s9_system_user_group` VALUES ('157', '21', '117', '2019-08-27 20:14:47', '2019-08-27 20:14:47');
INSERT INTO `s9_system_user_group` VALUES ('158', '21', '118', '2019-08-27 20:14:47', '2019-08-27 20:14:47');
INSERT INTO `s9_system_user_group` VALUES ('159', '21', '119', '2019-08-27 20:14:47', '2019-08-27 20:14:47');
INSERT INTO `s9_system_user_group` VALUES ('160', '21', '120', '2019-08-27 20:14:47', '2019-08-27 20:14:47');
INSERT INTO `s9_system_user_group` VALUES ('161', '21', '121', '2019-08-27 20:14:47', '2019-08-27 20:14:47');
INSERT INTO `s9_system_user_group` VALUES ('162', '21', '122', '2019-08-27 20:14:47', '2019-08-27 20:14:47');
INSERT INTO `s9_system_user_group` VALUES ('163', '21', '123', '2019-08-27 20:14:48', '2019-08-27 20:14:48');
INSERT INTO `s9_system_user_group` VALUES ('164', '21', '124', '2019-08-27 20:14:48', '2019-08-27 20:14:48');
INSERT INTO `s9_system_user_group` VALUES ('165', '21', '125', '2019-08-27 20:14:48', '2019-08-27 20:14:48');
INSERT INTO `s9_system_user_group` VALUES ('166', '21', '126', '2019-08-27 20:14:48', '2019-08-27 20:14:48');
INSERT INTO `s9_system_user_group` VALUES ('167', '21', '127', '2019-08-27 20:14:48', '2019-08-27 20:14:48');
INSERT INTO `s9_system_user_group` VALUES ('168', '21', '128', '2019-08-27 20:14:48', '2019-08-27 20:14:48');
INSERT INTO `s9_system_user_group` VALUES ('169', '21', '129', '2019-08-27 20:14:48', '2019-08-27 20:14:48');
INSERT INTO `s9_system_user_group` VALUES ('170', '21', '130', '2019-08-27 20:14:48', '2019-08-27 20:14:48');
INSERT INTO `s9_system_user_group` VALUES ('171', '19', '131', '2019-08-27 20:14:48', '2019-08-27 20:14:48');
INSERT INTO `s9_system_user_group` VALUES ('172', '4', '132', '2019-08-27 20:14:48', '2019-08-27 20:14:48');
INSERT INTO `s9_system_user_group` VALUES ('173', '22', '133', '2019-08-27 20:14:48', '2019-08-27 20:14:48');
INSERT INTO `s9_system_user_group` VALUES ('174', '23', '134', '2019-08-27 20:14:48', '2019-08-27 20:14:48');
INSERT INTO `s9_system_user_group` VALUES ('175', '3', '135', '2019-08-27 20:14:48', '2019-08-27 20:14:48');
INSERT INTO `s9_system_user_group` VALUES ('176', '4', '135', '2019-08-27 20:14:48', '2019-08-27 20:14:48');
INSERT INTO `s9_system_user_group` VALUES ('177', '23', '136', '2019-08-27 20:14:48', '2019-08-27 20:14:48');
INSERT INTO `s9_system_user_group` VALUES ('178', '19', '137', '2019-08-27 20:14:48', '2019-08-27 20:14:48');
INSERT INTO `s9_system_user_group` VALUES ('179', '19', '138', '2019-08-27 20:14:48', '2019-08-27 20:14:48');
INSERT INTO `s9_system_user_group` VALUES ('180', '19', '139', '2019-08-27 20:14:48', '2019-08-27 20:14:48');
INSERT INTO `s9_system_user_group` VALUES ('181', '4', '140', '2019-08-27 20:14:48', '2019-08-27 20:14:48');
INSERT INTO `s9_system_user_group` VALUES ('182', '24', '141', '2019-08-27 20:14:48', '2019-08-27 20:14:48');
INSERT INTO `s9_system_user_group` VALUES ('183', '4', '142', '2019-08-27 20:14:48', '2019-08-27 20:14:48');
INSERT INTO `s9_system_user_group` VALUES ('184', '4', '143', '2019-08-27 20:14:48', '2019-08-27 20:14:48');
INSERT INTO `s9_system_user_group` VALUES ('185', '4', '144', '2019-08-27 20:14:48', '2019-08-27 20:14:48');
INSERT INTO `s9_system_user_group` VALUES ('186', '4', '145', '2019-08-27 20:14:48', '2019-08-27 20:14:48');
INSERT INTO `s9_system_user_group` VALUES ('187', '4', '146', '2019-08-27 20:14:48', '2019-08-27 20:14:48');
INSERT INTO `s9_system_user_group` VALUES ('188', '4', '147', '2019-08-27 20:14:48', '2019-08-27 20:14:48');
INSERT INTO `s9_system_user_group` VALUES ('189', '19', '148', '2019-08-27 20:14:48', '2019-08-27 20:14:48');
INSERT INTO `s9_system_user_group` VALUES ('190', '19', '149', '2019-08-27 20:14:48', '2019-08-27 20:14:48');
INSERT INTO `s9_system_user_group` VALUES ('191', '19', '150', '2019-08-27 20:14:48', '2019-08-27 20:14:48');
INSERT INTO `s9_system_user_group` VALUES ('192', '25', '151', '2019-08-27 20:14:48', '2019-08-27 20:14:48');
INSERT INTO `s9_system_user_group` VALUES ('193', '26', '152', '2019-08-27 20:14:48', '2019-08-27 20:14:48');
INSERT INTO `s9_system_user_group` VALUES ('194', '14', '153', '2019-08-27 20:14:48', '2019-08-27 20:14:48');
INSERT INTO `s9_system_user_group` VALUES ('195', '30', '153', '2019-08-27 20:14:48', '2019-08-27 20:14:48');
INSERT INTO `s9_system_user_group` VALUES ('196', '28', '154', '2019-08-27 20:14:48', '2019-08-27 20:14:48');
INSERT INTO `s9_system_user_group` VALUES ('197', '28', '155', '2019-08-27 20:14:48', '2019-08-27 20:14:48');
INSERT INTO `s9_system_user_group` VALUES ('198', '28', '156', '2019-08-27 20:14:48', '2019-08-27 20:14:48');
INSERT INTO `s9_system_user_group` VALUES ('199', '28', '157', '2019-08-27 20:14:48', '2019-08-27 20:14:48');
INSERT INTO `s9_system_user_group` VALUES ('200', '28', '158', '2019-08-27 20:14:48', '2019-08-27 20:14:48');
INSERT INTO `s9_system_user_group` VALUES ('201', '28', '159', '2019-08-27 20:14:48', '2019-08-27 20:14:48');
INSERT INTO `s9_system_user_group` VALUES ('202', '28', '160', '2019-08-27 20:14:48', '2019-08-27 20:14:48');
INSERT INTO `s9_system_user_group` VALUES ('203', '29', '161', '2019-08-27 20:14:48', '2019-08-27 20:14:48');
INSERT INTO `s9_system_user_group` VALUES ('204', '4', '162', '2019-08-27 20:14:48', '2019-08-27 20:14:48');
INSERT INTO `s9_system_user_group` VALUES ('205', '4', '163', '2019-08-27 20:14:48', '2019-08-27 20:14:48');
INSERT INTO `s9_system_user_group` VALUES ('206', '30', '164', '2019-08-27 20:14:48', '2019-08-27 20:14:48');
INSERT INTO `s9_system_user_group` VALUES ('207', '19', '165', '2019-08-27 20:14:48', '2019-08-27 20:14:48');
