
-- ----------------------------
-- Record of systems
-- add data center system
-- ----------------------------
INSERT INTO `integration_background`.`systems` (`systems_id`, `name`, `img_id`, `url`, `dev_account`, `description`, `status`, `game_type`, `auth_url`, `created_at`, `updated_at`) VALUES ('3', '数据', '2', 'http://www.risk_admin.info', '4', '数据后台', '0', '1', '/', '2019-01-04 16:21:08', '2019-01-04 16:21:08');

-- ----------------------------
-- Record of admin_user
-- ----------------------------
INSERT INTO `integration_background`.`admin_user` (`ad_uid`, `staff_number`, `auth_type`, `password_algorithm_system`, `account`, `passwd`, `salt`, `mobile_phone`, `username`, `access_token`, `access_token_expire`, `status`, `created_at`, `updated_at`, `reset_password`) VALUES ('33', '0', '1', '1', 'lijun', 'eba5c02b85a129ba7f9778a23e6eca1c', '3232', '13764281332', '李骏', '', '0', '0', '2019-01-03 16:43:19', '2019-01-07 15:52:30', '1');
INSERT INTO `integration_background`.`admin_user` (`ad_uid`, `staff_number`, `auth_type`, `password_algorithm_system`, `account`, `passwd`, `salt`, `mobile_phone`, `username`, `access_token`, `access_token_expire`, `status`, `created_at`, `updated_at`, `reset_password`) VALUES ('34', '0', '1', '1', 'maledong', '013af5d4303ff3944ca656aa849dbe53', '1010', '13795298607', '马乐东', '', '0', '0', '2019-01-03 16:43:19', '2019-01-07 15:52:42', '1');
INSERT INTO `integration_background`.`admin_user` (`ad_uid`, `staff_number`, `auth_type`, `password_algorithm_system`, `account`, `passwd`, `salt`, `mobile_phone`, `username`, `access_token`, `access_token_expire`, `status`, `created_at`, `updated_at`, `reset_password`) VALUES ('35', '0', '1', '1', 'liuchao', '63583f57b91181e002ae969858de6c66', '1311', '13127991597', '刘超', '', '0', '0', '2019-01-03 16:43:19', '2019-01-07 15:52:49', '1');
INSERT INTO `integration_background`.`admin_user` (`ad_uid`, `staff_number`, `auth_type`, `password_algorithm_system`, `account`, `passwd`, `salt`, `mobile_phone`, `username`, `access_token`, `access_token_expire`, `status`, `created_at`, `updated_at`, `reset_password`) VALUES ('36', '0', '1', '1', 'test01', 'd6b548052ef5c3a074015c75894484c2', '2201', '13127991597', '测试账号', '', '0', '0', '2019-01-03 16:43:19', '2019-01-07 15:52:54', '1');
INSERT INTO `integration_background`.`admin_user` (`ad_uid`, `staff_number`, `auth_type`, `password_algorithm_system`, `account`, `passwd`, `salt`, `mobile_phone`, `username`, `access_token`, `access_token_expire`, `status`, `created_at`, `updated_at`, `reset_password`) VALUES ('37', '0', '1', '1', 'zhangzhengli', '3c5e46530c784818224dea0c1bc1b94c', '2303', '13000000000', '张祯礼', '', '0', '0', '2019-01-03 16:43:19', '2019-01-07 15:52:59', '1');
INSERT INTO `integration_background`.`admin_user` (`ad_uid`, `staff_number`, `auth_type`, `password_algorithm_system`, `account`, `passwd`, `salt`, `mobile_phone`, `username`, `access_token`, `access_token_expire`, `status`, `created_at`, `updated_at`, `reset_password`) VALUES ('38', '0', '1', '1', 'qimin', '6469591c78fec4129af8caa811f2d6a2', '1220', '13000000001', '祁旻', '', '0', '0', '2019-01-03 16:43:19', '2019-01-07 15:53:06', '1');
INSERT INTO `integration_background`.`admin_user` (`ad_uid`, `staff_number`, `auth_type`, `password_algorithm_system`, `account`, `passwd`, `salt`, `mobile_phone`, `username`, `access_token`, `access_token_expire`, `status`, `created_at`, `updated_at`, `reset_password`) VALUES ('39', '0', '1', '1', 'zhaiyujia', 'cb00c068774f6ef24fb9891fa9ba87e5', '1323', '13816993232', '翟羽佳', '', '0', '0', '2019-01-03 16:43:19', '2019-01-07 16:02:15', '1');
INSERT INTO `integration_background`.`admin_user` (`ad_uid`, `staff_number`, `auth_type`, `password_algorithm_system`, `account`, `passwd`, `salt`, `mobile_phone`, `username`, `access_token`, `access_token_expire`, `status`, `created_at`, `updated_at`, `reset_password`) VALUES ('40', '0', '1', '1', 'yuran', '86f8d9c5daf92865cf7bbf36868b5844', '0321', '18917507880', '俞然', '', '0', '0', '2019-01-03 16:43:19', '2019-01-07 15:53:31', '1');
INSERT INTO `integration_background`.`admin_user` (`ad_uid`, `staff_number`, `auth_type`, `password_algorithm_system`, `account`, `passwd`, `salt`, `mobile_phone`, `username`, `access_token`, `access_token_expire`, `status`, `created_at`, `updated_at`, `reset_password`) VALUES ('41', '0', '1', '1', 'jiweihao', '83a4fb00219e16b463b53f9aee9dd669', '2001', '13000000002', '嵇蔚豪', '', '0', '0', '2019-01-03 16:43:19', '2019-01-07 15:53:37', '1');
INSERT INTO `integration_background`.`admin_user` (`ad_uid`, `staff_number`, `auth_type`, `password_algorithm_system`, `account`, `passwd`, `salt`, `mobile_phone`, `username`, `access_token`, `access_token_expire`, `status`, `created_at`, `updated_at`, `reset_password`) VALUES ('42', '0', '1', '1', 'shijiawei', '8fe08780ab3a10a115ce51626aee58a3', '3203', '18930333217', '施佳玮', '', '0', '0', '2019-01-03 16:43:19', '2019-01-07 15:53:45', '1');
INSERT INTO `integration_background`.`admin_user` (`ad_uid`, `staff_number`, `auth_type`, `password_algorithm_system`, `account`, `passwd`, `salt`, `mobile_phone`, `username`, `access_token`, `access_token_expire`, `status`, `created_at`, `updated_at`, `reset_password`) VALUES ('43', '0', '1', '1', 'wutao', '54233ca52b7404db9ded56e0081e223f', '2333', '13472507455', '吴涛', '', '0', '0', '2019-01-03 16:43:19', '2019-01-07 15:53:49', '1');


-- ----------------------------
-- Record of systems
-- add data center system
-- ----------------------------
INSERT INTO `integration_background`.`system_admin` (`systems_id`, `ad_uid`, `created_at`, `updated_at`, `token_id`, `setting_token_id`) VALUES ('3', '4', '2019-01-04 16:21:08', '2019-01-08 10:57:14', '', '');
INSERT INTO `integration_background`.`system_admin` (`systems_id`, `ad_uid`, `created_at`, `updated_at`, `token_id`, `setting_token_id`) VALUES ('3', '33', '2019-01-04 16:21:08', '2019-01-08 10:57:14', '', '');
INSERT INTO `integration_background`.`system_admin` (`systems_id`, `ad_uid`, `created_at`, `updated_at`, `token_id`, `setting_token_id`) VALUES ('3', '34', '2019-01-04 16:21:08', '2019-01-08 10:57:14', '', '');
INSERT INTO `integration_background`.`system_admin` (`systems_id`, `ad_uid`, `created_at`, `updated_at`, `token_id`, `setting_token_id`) VALUES ('3', '35', '2019-01-04 16:21:08', '2019-01-08 10:57:14', '', '');
INSERT INTO `integration_background`.`system_admin` (`systems_id`, `ad_uid`, `created_at`, `updated_at`, `token_id`, `setting_token_id`) VALUES ('3', '36', '2019-01-04 16:21:08', '2019-01-08 10:57:14', '', '');
INSERT INTO `integration_background`.`system_admin` (`systems_id`, `ad_uid`, `created_at`, `updated_at`, `token_id`, `setting_token_id`) VALUES ('3', '37', '2019-01-04 16:21:08', '2019-01-08 10:57:14', '', '');
INSERT INTO `integration_background`.`system_admin` (`systems_id`, `ad_uid`, `created_at`, `updated_at`, `token_id`, `setting_token_id`) VALUES ('3', '38', '2019-01-04 16:21:08', '2019-01-08 10:57:14', '', '');
INSERT INTO `integration_background`.`system_admin` (`systems_id`, `ad_uid`, `created_at`, `updated_at`, `token_id`, `setting_token_id`) VALUES ('3', '39', '2019-01-04 16:21:08', '2019-01-08 10:57:14', '', '');
INSERT INTO `integration_background`.`system_admin` (`systems_id`, `ad_uid`, `created_at`, `updated_at`, `token_id`, `setting_token_id`) VALUES ('3', '40', '2019-01-04 16:21:08', '2019-01-08 10:57:14', '', '');
INSERT INTO `integration_background`.`system_admin` (`systems_id`, `ad_uid`, `created_at`, `updated_at`, `token_id`, `setting_token_id`) VALUES ('3', '41', '2019-01-04 16:21:08', '2019-01-08 10:57:14', '', '');
INSERT INTO `integration_background`.`system_admin` (`systems_id`, `ad_uid`, `created_at`, `updated_at`, `token_id`, `setting_token_id`) VALUES ('3', '42', '2019-01-04 16:21:08', '2019-01-08 10:57:14', '', '');
INSERT INTO `integration_background`.`system_admin` (`systems_id`, `ad_uid`, `created_at`, `updated_at`, `token_id`, `setting_token_id`) VALUES ('3', '43', '2019-01-04 16:21:08', '2019-01-08 10:57:14', '', '');

-- ----------------------------
-- Table structure for s3_system_group
-- ----------------------------
DROP TABLE IF EXISTS `s3_system_group`;
CREATE TABLE `s3_system_group` (
  `sg_id` int(11) NOT NULL AUTO_INCREMENT,
  `sg_desc` varchar(128) NOT NULL DEFAULT '' COMMENT '角色描述',
  `sg_name` varchar(16) NOT NULL DEFAULT '' COMMENT '角色名称',
  `privilege_level` tinyint(1) NOT NULL DEFAULT 2 COMMENT '后台角色权限级别置位，一位前台权限、二位后台权限',
  `created_at` datetime DEFAULT NULL,
  `updated_at` datetime DEFAULT NULL,
  PRIMARY KEY (`sg_id`)
) ENGINE=InnoDB AUTO_INCREMENT=5 DEFAULT CHARSET=utf8mb4;

-- ----------------------------
-- Records of s3_system_group
-- ----------------------------
INSERT INTO `s3_system_group` VALUES ('1', '系统管理员', '系统管理员', '3', '2019-01-04 16:21:08', '2019-01-07 15:44:58');
INSERT INTO `s3_system_group` VALUES ('2', '开发人员', '开发人员', '1', '2019-01-07 10:25:35', '2019-01-07 18:07:55');
INSERT INTO `s3_system_group` VALUES ('3', '测试人员', '测试人员', '1', '2019-01-07 15:45:15', '2019-01-07 15:46:42');
INSERT INTO `s3_system_group` VALUES ('4', '游戏产品', '游戏产品', '1', '2019-01-07 15:45:44', '2019-01-07 15:46:47');

-- ----------------------------
-- Table structure for s3_system_group_game
-- ----------------------------
DROP TABLE IF EXISTS `s3_system_group_game`;
CREATE TABLE `s3_system_group_game` (
  `sggid` int(11) NOT NULL AUTO_INCREMENT,
  `sg_id` int(11) NOT NULL DEFAULT 0 COMMENT '角色id',
  `game_id` int(11) NOT NULL DEFAULT 0 COMMENT '游戏id',
  `created_at` datetime DEFAULT NULL,
  `updated_at` datetime DEFAULT NULL,
  PRIMARY KEY (`sggid`)
) ENGINE=InnoDB AUTO_INCREMENT=47 DEFAULT CHARSET=utf8mb4;

-- ----------------------------
-- Records of s3_system_group_game
-- ----------------------------
INSERT INTO `s3_system_group_game` VALUES ('1', '1', '-1', '2019-01-04 16:21:08', '2019-01-04 16:21:08');
INSERT INTO `s3_system_group_game` VALUES ('3', '1', '5182', '2019-01-04 17:35:20', '2019-01-04 17:35:20');
INSERT INTO `s3_system_group_game` VALUES ('5', '1', '5174', '2019-01-07 10:16:54', '2019-01-07 10:16:54');
INSERT INTO `s3_system_group_game` VALUES ('6', '2', '-1', '2019-01-07 10:25:35', '2019-01-07 10:25:35');
INSERT INTO `s3_system_group_game` VALUES ('11', '2', '5174', '2019-01-07 12:13:47', '2019-01-07 12:13:47');
INSERT INTO `s3_system_group_game` VALUES ('12', '1', '5192', '2019-01-07 12:15:09', '2019-01-07 12:15:09');
INSERT INTO `s3_system_group_game` VALUES ('13', '1', '5151', '2019-01-07 12:15:38', '2019-01-07 12:15:38');
INSERT INTO `s3_system_group_game` VALUES ('14', '3', '-1', '2019-01-07 15:45:15', '2019-01-07 15:45:15');
INSERT INTO `s3_system_group_game` VALUES ('15', '4', '-1', '2019-01-07 15:45:44', '2019-01-07 15:45:44');
INSERT INTO `s3_system_group_game` VALUES ('16', '4', '5151', '2019-01-07 15:55:39', '2019-01-07 15:55:39');
INSERT INTO `s3_system_group_game` VALUES ('17', '4', '5174', '2019-01-07 15:55:39', '2019-01-07 15:55:39');
INSERT INTO `s3_system_group_game` VALUES ('18', '4', '5182', '2019-01-07 15:55:39', '2019-01-07 15:55:39');
INSERT INTO `s3_system_group_game` VALUES ('19', '4', '5192', '2019-01-07 15:55:39', '2019-01-07 15:55:39');
INSERT INTO `s3_system_group_game` VALUES ('20', '1', '5010', '2019-01-07 16:00:27', '2019-01-07 16:00:27');
INSERT INTO `s3_system_group_game` VALUES ('21', '1', '5016', '2019-01-07 16:00:27', '2019-01-07 16:00:27');
INSERT INTO `s3_system_group_game` VALUES ('22', '1', '5051', '2019-01-07 16:00:27', '2019-01-07 16:00:27');
INSERT INTO `s3_system_group_game` VALUES ('23', '1', '5069', '2019-01-07 16:00:27', '2019-01-07 16:00:27');
INSERT INTO `s3_system_group_game` VALUES ('24', '1', '5078', '2019-01-07 16:00:27', '2019-01-07 16:00:27');
INSERT INTO `s3_system_group_game` VALUES ('25', '2', '5010', '2019-01-07 16:00:45', '2019-01-07 16:00:45');
INSERT INTO `s3_system_group_game` VALUES ('26', '2', '5016', '2019-01-07 16:00:45', '2019-01-07 16:00:45');
INSERT INTO `s3_system_group_game` VALUES ('27', '2', '5051', '2019-01-07 16:00:45', '2019-01-07 16:00:45');
INSERT INTO `s3_system_group_game` VALUES ('28', '2', '5069', '2019-01-07 16:00:45', '2019-01-07 16:00:45');
INSERT INTO `s3_system_group_game` VALUES ('29', '2', '5078', '2019-01-07 16:00:45', '2019-01-07 16:00:45');
INSERT INTO `s3_system_group_game` VALUES ('30', '2', '5151', '2019-01-07 16:00:45', '2019-01-07 16:00:45');
INSERT INTO `s3_system_group_game` VALUES ('31', '2', '5182', '2019-01-07 16:00:45', '2019-01-07 16:00:45');
INSERT INTO `s3_system_group_game` VALUES ('32', '2', '5192', '2019-01-07 16:00:45', '2019-01-07 16:00:45');
INSERT INTO `s3_system_group_game` VALUES ('33', '3', '5010', '2019-01-07 16:00:59', '2019-01-07 16:00:59');
INSERT INTO `s3_system_group_game` VALUES ('34', '3', '5016', '2019-01-07 16:00:59', '2019-01-07 16:00:59');
INSERT INTO `s3_system_group_game` VALUES ('35', '3', '5051', '2019-01-07 16:00:59', '2019-01-07 16:00:59');
INSERT INTO `s3_system_group_game` VALUES ('36', '3', '5069', '2019-01-07 16:00:59', '2019-01-07 16:00:59');
INSERT INTO `s3_system_group_game` VALUES ('37', '3', '5078', '2019-01-07 16:00:59', '2019-01-07 16:00:59');
INSERT INTO `s3_system_group_game` VALUES ('38', '3', '5151', '2019-01-07 16:00:59', '2019-01-07 16:00:59');
INSERT INTO `s3_system_group_game` VALUES ('39', '3', '5174', '2019-01-07 16:00:59', '2019-01-07 16:00:59');
INSERT INTO `s3_system_group_game` VALUES ('40', '3', '5182', '2019-01-07 16:00:59', '2019-01-07 16:00:59');
INSERT INTO `s3_system_group_game` VALUES ('41', '3', '5192', '2019-01-07 16:00:59', '2019-01-07 16:00:59');
INSERT INTO `s3_system_group_game` VALUES ('42', '4', '5010', '2019-01-07 16:01:09', '2019-01-07 16:01:09');
INSERT INTO `s3_system_group_game` VALUES ('43', '4', '5016', '2019-01-07 16:01:09', '2019-01-07 16:01:09');
INSERT INTO `s3_system_group_game` VALUES ('44', '4', '5051', '2019-01-07 16:01:09', '2019-01-07 16:01:09');
INSERT INTO `s3_system_group_game` VALUES ('45', '4', '5069', '2019-01-07 16:01:09', '2019-01-07 16:01:09');
INSERT INTO `s3_system_group_game` VALUES ('46', '4', '5078', '2019-01-07 16:01:09', '2019-01-07 16:01:09');

-- ----------------------------
-- Table structure for s3_system_group_priv
-- ----------------------------
DROP TABLE IF EXISTS `s3_system_group_priv`;
CREATE TABLE `s3_system_group_priv` (
  `sgp_id` int(11) NOT NULL AUTO_INCREMENT,
  `sg_id` int(11) NOT NULL DEFAULT 0 COMMENT '对应角色id',
  `sp_id` int(11) NOT NULL DEFAULT 0 COMMENT '对应权限id',
  `created_at` datetime DEFAULT NULL,
  `updated_at` datetime DEFAULT NULL,
  PRIMARY KEY (`sgp_id`)
) ENGINE=InnoDB AUTO_INCREMENT=331 DEFAULT CHARSET=utf8mb4;

-- ----------------------------
-- Records of s3_system_group_priv
-- ----------------------------
INSERT INTO `s3_system_group_priv` VALUES ('1', '1', '1', '2019-01-04 16:21:08', '2019-01-04 16:21:08');
INSERT INTO `s3_system_group_priv` VALUES ('2', '1', '2', '2019-01-04 16:21:08', '2019-01-04 16:21:08');
INSERT INTO `s3_system_group_priv` VALUES ('3', '1', '3', '2019-01-04 16:21:08', '2019-01-04 16:21:08');
INSERT INTO `s3_system_group_priv` VALUES ('4', '1', '4', '2019-01-04 16:21:08', '2019-01-04 16:21:08');
INSERT INTO `s3_system_group_priv` VALUES ('5', '1', '5', '2019-01-04 16:21:08', '2019-01-04 16:21:08');
INSERT INTO `s3_system_group_priv` VALUES ('6', '1', '6', '2019-01-04 16:21:08', '2019-01-04 16:21:08');
INSERT INTO `s3_system_group_priv` VALUES ('7', '1', '7', '2019-01-04 16:21:08', '2019-01-04 16:21:08');
INSERT INTO `s3_system_group_priv` VALUES ('8', '1', '8', '2019-01-04 16:21:08', '2019-01-04 16:21:08');
INSERT INTO `s3_system_group_priv` VALUES ('9', '1', '9', '2019-01-04 16:21:08', '2019-01-04 16:21:08');
INSERT INTO `s3_system_group_priv` VALUES ('10', '1', '10', '2019-01-04 16:21:08', '2019-01-04 16:21:08');
INSERT INTO `s3_system_group_priv` VALUES ('11', '1', '11', '2019-01-04 16:21:08', '2019-01-04 16:21:08');
INSERT INTO `s3_system_group_priv` VALUES ('12', '1', '12', '2019-01-04 16:21:08', '2019-01-04 16:21:08');
INSERT INTO `s3_system_group_priv` VALUES ('13', '1', '13', '2019-01-04 16:21:08', '2019-01-04 16:21:08');
INSERT INTO `s3_system_group_priv` VALUES ('14', '1', '14', '2019-01-04 16:21:08', '2019-01-04 16:21:08');
INSERT INTO `s3_system_group_priv` VALUES ('15', '1', '15', '2019-01-04 16:21:08', '2019-01-04 16:21:08');
INSERT INTO `s3_system_group_priv` VALUES ('16', '1', '16', '2019-01-04 16:21:08', '2019-01-04 16:21:08');
INSERT INTO `s3_system_group_priv` VALUES ('17', '1', '17', '2019-01-04 16:21:08', '2019-01-04 16:21:08');
INSERT INTO `s3_system_group_priv` VALUES ('18', '1', '18', '2019-01-04 16:21:08', '2019-01-04 16:21:08');
INSERT INTO `s3_system_group_priv` VALUES ('19', '1', '19', '2019-01-04 16:21:08', '2019-01-04 16:21:08');
INSERT INTO `s3_system_group_priv` VALUES ('20', '1', '20', '2019-01-04 16:21:08', '2019-01-04 16:21:08');
INSERT INTO `s3_system_group_priv` VALUES ('21', '1', '21', '2019-01-04 16:21:08', '2019-01-04 16:21:08');
INSERT INTO `s3_system_group_priv` VALUES ('22', '1', '22', '2019-01-04 16:21:08', '2019-01-04 16:21:08');
INSERT INTO `s3_system_group_priv` VALUES ('23', '1', '23', '2019-01-04 16:21:08', '2019-01-04 16:21:08');
INSERT INTO `s3_system_group_priv` VALUES ('24', '1', '24', '2019-01-04 16:21:08', '2019-01-04 16:21:08');
INSERT INTO `s3_system_group_priv` VALUES ('25', '1', '25', '2019-01-04 16:21:08', '2019-01-04 16:21:08');
INSERT INTO `s3_system_group_priv` VALUES ('26', '1', '26', '2019-01-04 16:21:08', '2019-01-04 16:21:08');
INSERT INTO `s3_system_group_priv` VALUES ('27', '1', '27', '2019-01-04 16:21:08', '2019-01-04 16:21:08');
INSERT INTO `s3_system_group_priv` VALUES ('28', '1', '28', '2019-01-04 16:21:08', '2019-01-04 16:21:08');
INSERT INTO `s3_system_group_priv` VALUES ('29', '1', '29', '2019-01-04 16:21:08', '2019-01-04 16:21:08');
INSERT INTO `s3_system_group_priv` VALUES ('30', '1', '30', '2019-01-04 16:21:08', '2019-01-04 16:21:08');
INSERT INTO `s3_system_group_priv` VALUES ('31', '1', '31', '2019-01-04 16:21:08', '2019-01-04 16:21:08');
INSERT INTO `s3_system_group_priv` VALUES ('32', '1', '32', '2019-01-04 16:21:08', '2019-01-04 16:21:08');
INSERT INTO `s3_system_group_priv` VALUES ('33', '1', '33', '2019-01-04 16:21:08', '2019-01-04 16:21:08');
INSERT INTO `s3_system_group_priv` VALUES ('34', '1', '33', '2019-01-04 16:21:08', '2019-01-04 16:21:08');
INSERT INTO `s3_system_group_priv` VALUES ('35', '1', '1001', '2019-01-04 18:39:31', '2019-01-04 18:39:31');
INSERT INTO `s3_system_group_priv` VALUES ('36', '1', '200', '2019-01-04 18:39:31', '2019-01-04 18:39:31');
INSERT INTO `s3_system_group_priv` VALUES ('37', '1', '201', '2019-01-04 18:39:31', '2019-01-04 18:39:31');
INSERT INTO `s3_system_group_priv` VALUES ('38', '1', '202', '2019-01-04 18:39:31', '2019-01-04 18:39:31');
INSERT INTO `s3_system_group_priv` VALUES ('39', '1', '203', '2019-01-04 18:39:31', '2019-01-04 18:39:31');
INSERT INTO `s3_system_group_priv` VALUES ('40', '1', '204', '2019-01-04 18:39:31', '2019-01-04 18:39:31');
INSERT INTO `s3_system_group_priv` VALUES ('41', '1', '205', '2019-01-04 18:39:31', '2019-01-04 18:39:31');
INSERT INTO `s3_system_group_priv` VALUES ('42', '1', '206', '2019-01-04 18:39:31', '2019-01-04 18:39:31');
INSERT INTO `s3_system_group_priv` VALUES ('43', '1', '211', '2019-01-04 18:39:31', '2019-01-04 18:39:31');
INSERT INTO `s3_system_group_priv` VALUES ('44', '1', '212', '2019-01-04 18:39:31', '2019-01-04 18:39:31');
INSERT INTO `s3_system_group_priv` VALUES ('45', '1', '213', '2019-01-04 18:39:31', '2019-01-04 18:39:31');
INSERT INTO `s3_system_group_priv` VALUES ('46', '1', '214', '2019-01-04 18:39:31', '2019-01-04 18:39:31');
INSERT INTO `s3_system_group_priv` VALUES ('47', '1', '300', '2019-01-04 18:39:31', '2019-01-04 18:39:31');
INSERT INTO `s3_system_group_priv` VALUES ('48', '1', '301', '2019-01-04 18:39:31', '2019-01-04 18:39:31');
INSERT INTO `s3_system_group_priv` VALUES ('50', '1', '303', '2019-01-04 18:39:31', '2019-01-04 18:39:31');
INSERT INTO `s3_system_group_priv` VALUES ('51', '1', '304', '2019-01-04 18:39:31', '2019-01-04 18:39:31');
INSERT INTO `s3_system_group_priv` VALUES ('52', '1', '305', '2019-01-04 18:39:31', '2019-01-04 18:39:31');
INSERT INTO `s3_system_group_priv` VALUES ('53', '1', '306', '2019-01-04 18:39:31', '2019-01-04 18:39:31');
INSERT INTO `s3_system_group_priv` VALUES ('54', '1', '307', '2019-01-04 18:39:31', '2019-01-04 18:39:31');
INSERT INTO `s3_system_group_priv` VALUES ('55', '1', '308', '2019-01-04 18:39:31', '2019-01-04 18:39:31');
INSERT INTO `s3_system_group_priv` VALUES ('56', '1', '310', '2019-01-04 18:39:31', '2019-01-04 18:39:31');
INSERT INTO `s3_system_group_priv` VALUES ('57', '1', '311', '2019-01-04 18:39:31', '2019-01-04 18:39:31');
INSERT INTO `s3_system_group_priv` VALUES ('58', '1', '313', '2019-01-04 18:39:31', '2019-01-04 18:39:31');
INSERT INTO `s3_system_group_priv` VALUES ('59', '1', '314', '2019-01-04 18:39:31', '2019-01-04 18:39:31');
INSERT INTO `s3_system_group_priv` VALUES ('60', '1', '315', '2019-01-04 18:39:31', '2019-01-04 18:39:31');
INSERT INTO `s3_system_group_priv` VALUES ('61', '1', '400', '2019-01-04 18:39:31', '2019-01-04 18:39:31');
INSERT INTO `s3_system_group_priv` VALUES ('62', '1', '401', '2019-01-04 18:39:31', '2019-01-04 18:39:31');
INSERT INTO `s3_system_group_priv` VALUES ('63', '1', '402', '2019-01-04 18:39:31', '2019-01-04 18:39:31');
INSERT INTO `s3_system_group_priv` VALUES ('64', '1', '403', '2019-01-04 18:39:31', '2019-01-04 18:39:31');
INSERT INTO `s3_system_group_priv` VALUES ('65', '1', '500', '2019-01-04 18:39:31', '2019-01-04 18:39:31');
INSERT INTO `s3_system_group_priv` VALUES ('66', '1', '501', '2019-01-04 18:39:31', '2019-01-04 18:39:31');
INSERT INTO `s3_system_group_priv` VALUES ('67', '1', '502', '2019-01-04 18:39:31', '2019-01-04 18:39:31');
INSERT INTO `s3_system_group_priv` VALUES ('68', '1', '503', '2019-01-04 18:39:31', '2019-01-04 18:39:31');
INSERT INTO `s3_system_group_priv` VALUES ('69', '1', '504', '2019-01-04 18:39:31', '2019-01-04 18:39:31');
INSERT INTO `s3_system_group_priv` VALUES ('70', '2', '1001', '2019-01-07 10:25:57', '2019-01-07 10:25:57');
INSERT INTO `s3_system_group_priv` VALUES ('71', '2', '200', '2019-01-07 10:25:57', '2019-01-07 10:25:57');
INSERT INTO `s3_system_group_priv` VALUES ('72', '2', '201', '2019-01-07 10:25:57', '2019-01-07 10:25:57');
INSERT INTO `s3_system_group_priv` VALUES ('73', '2', '202', '2019-01-07 10:25:57', '2019-01-07 10:25:57');
INSERT INTO `s3_system_group_priv` VALUES ('74', '2', '203', '2019-01-07 10:25:57', '2019-01-07 10:25:57');
INSERT INTO `s3_system_group_priv` VALUES ('75', '2', '204', '2019-01-07 10:25:57', '2019-01-07 10:25:57');
INSERT INTO `s3_system_group_priv` VALUES ('76', '2', '205', '2019-01-07 10:25:57', '2019-01-07 10:25:57');
INSERT INTO `s3_system_group_priv` VALUES ('77', '2', '206', '2019-01-07 10:25:57', '2019-01-07 10:25:57');
INSERT INTO `s3_system_group_priv` VALUES ('78', '2', '211', '2019-01-07 10:25:57', '2019-01-07 10:25:57');
INSERT INTO `s3_system_group_priv` VALUES ('79', '2', '212', '2019-01-07 10:25:57', '2019-01-07 10:25:57');
INSERT INTO `s3_system_group_priv` VALUES ('80', '2', '213', '2019-01-07 10:25:57', '2019-01-07 10:25:57');
INSERT INTO `s3_system_group_priv` VALUES ('81', '2', '214', '2019-01-07 10:25:57', '2019-01-07 10:25:57');
INSERT INTO `s3_system_group_priv` VALUES ('82', '2', '300', '2019-01-07 10:25:57', '2019-01-07 10:25:57');
INSERT INTO `s3_system_group_priv` VALUES ('83', '2', '301', '2019-01-07 10:25:57', '2019-01-07 10:25:57');
INSERT INTO `s3_system_group_priv` VALUES ('84', '2', '303', '2019-01-07 10:25:57', '2019-01-07 10:25:57');
INSERT INTO `s3_system_group_priv` VALUES ('85', '2', '304', '2019-01-07 10:25:57', '2019-01-07 10:25:57');
INSERT INTO `s3_system_group_priv` VALUES ('86', '2', '305', '2019-01-07 10:25:57', '2019-01-07 10:25:57');
INSERT INTO `s3_system_group_priv` VALUES ('87', '2', '306', '2019-01-07 10:25:57', '2019-01-07 10:25:57');
INSERT INTO `s3_system_group_priv` VALUES ('88', '2', '307', '2019-01-07 10:25:57', '2019-01-07 10:25:57');
INSERT INTO `s3_system_group_priv` VALUES ('89', '2', '308', '2019-01-07 10:25:57', '2019-01-07 10:25:57');
INSERT INTO `s3_system_group_priv` VALUES ('90', '2', '310', '2019-01-07 10:25:57', '2019-01-07 10:25:57');
INSERT INTO `s3_system_group_priv` VALUES ('91', '2', '311', '2019-01-07 10:25:57', '2019-01-07 10:25:57');
INSERT INTO `s3_system_group_priv` VALUES ('92', '2', '313', '2019-01-07 10:25:57', '2019-01-07 10:25:57');
INSERT INTO `s3_system_group_priv` VALUES ('93', '2', '314', '2019-01-07 10:25:57', '2019-01-07 10:25:57');
INSERT INTO `s3_system_group_priv` VALUES ('94', '2', '315', '2019-01-07 10:25:57', '2019-01-07 10:25:57');
INSERT INTO `s3_system_group_priv` VALUES ('95', '2', '400', '2019-01-07 10:25:57', '2019-01-07 10:25:57');
INSERT INTO `s3_system_group_priv` VALUES ('96', '2', '401', '2019-01-07 10:25:57', '2019-01-07 10:25:57');
INSERT INTO `s3_system_group_priv` VALUES ('97', '2', '402', '2019-01-07 10:25:57', '2019-01-07 10:25:57');
INSERT INTO `s3_system_group_priv` VALUES ('98', '2', '403', '2019-01-07 10:25:57', '2019-01-07 10:25:57');
INSERT INTO `s3_system_group_priv` VALUES ('99', '2', '500', '2019-01-07 10:25:57', '2019-01-07 10:25:57');
INSERT INTO `s3_system_group_priv` VALUES ('100', '2', '501', '2019-01-07 10:25:57', '2019-01-07 10:25:57');
INSERT INTO `s3_system_group_priv` VALUES ('101', '2', '502', '2019-01-07 10:25:57', '2019-01-07 10:25:57');
INSERT INTO `s3_system_group_priv` VALUES ('102', '2', '503', '2019-01-07 10:25:57', '2019-01-07 10:25:57');
INSERT INTO `s3_system_group_priv` VALUES ('103', '2', '504', '2019-01-07 10:25:57', '2019-01-07 10:25:57');
INSERT INTO `s3_system_group_priv` VALUES ('104', '1', '302', '2019-01-07 11:37:42', '2019-01-07 11:37:42');
INSERT INTO `s3_system_group_priv` VALUES ('174', '3', '1001', '2019-01-07 15:46:42', '2019-01-07 15:46:42');
INSERT INTO `s3_system_group_priv` VALUES ('175', '3', '200', '2019-01-07 15:46:42', '2019-01-07 15:46:42');
INSERT INTO `s3_system_group_priv` VALUES ('176', '3', '201', '2019-01-07 15:46:42', '2019-01-07 15:46:42');
INSERT INTO `s3_system_group_priv` VALUES ('177', '3', '205', '2019-01-07 15:46:42', '2019-01-07 15:46:42');
INSERT INTO `s3_system_group_priv` VALUES ('178', '3', '206', '2019-01-07 15:46:42', '2019-01-07 15:46:42');
INSERT INTO `s3_system_group_priv` VALUES ('179', '3', '211', '2019-01-07 15:46:42', '2019-01-07 15:46:42');
INSERT INTO `s3_system_group_priv` VALUES ('180', '3', '300', '2019-01-07 15:46:42', '2019-01-07 15:46:42');
INSERT INTO `s3_system_group_priv` VALUES ('181', '3', '301', '2019-01-07 15:46:42', '2019-01-07 15:46:42');
INSERT INTO `s3_system_group_priv` VALUES ('182', '3', '302', '2019-01-07 15:46:42', '2019-01-07 15:46:42');
INSERT INTO `s3_system_group_priv` VALUES ('183', '3', '303', '2019-01-07 15:46:42', '2019-01-07 15:46:42');
INSERT INTO `s3_system_group_priv` VALUES ('184', '3', '304', '2019-01-07 15:46:42', '2019-01-07 15:46:42');
INSERT INTO `s3_system_group_priv` VALUES ('185', '3', '305', '2019-01-07 15:46:42', '2019-01-07 15:46:42');
INSERT INTO `s3_system_group_priv` VALUES ('186', '3', '306', '2019-01-07 15:46:42', '2019-01-07 15:46:42');
INSERT INTO `s3_system_group_priv` VALUES ('187', '3', '307', '2019-01-07 15:46:42', '2019-01-07 15:46:42');
INSERT INTO `s3_system_group_priv` VALUES ('188', '3', '308', '2019-01-07 15:46:42', '2019-01-07 15:46:42');
INSERT INTO `s3_system_group_priv` VALUES ('189', '3', '310', '2019-01-07 15:46:42', '2019-01-07 15:46:42');
INSERT INTO `s3_system_group_priv` VALUES ('190', '3', '311', '2019-01-07 15:46:42', '2019-01-07 15:46:42');
INSERT INTO `s3_system_group_priv` VALUES ('191', '3', '313', '2019-01-07 15:46:42', '2019-01-07 15:46:42');
INSERT INTO `s3_system_group_priv` VALUES ('192', '3', '314', '2019-01-07 15:46:42', '2019-01-07 15:46:42');
INSERT INTO `s3_system_group_priv` VALUES ('193', '3', '315', '2019-01-07 15:46:42', '2019-01-07 15:46:42');
INSERT INTO `s3_system_group_priv` VALUES ('194', '3', '400', '2019-01-07 15:46:42', '2019-01-07 15:46:42');
INSERT INTO `s3_system_group_priv` VALUES ('195', '3', '401', '2019-01-07 15:46:42', '2019-01-07 15:46:42');
INSERT INTO `s3_system_group_priv` VALUES ('196', '3', '500', '2019-01-07 15:46:42', '2019-01-07 15:46:42');
INSERT INTO `s3_system_group_priv` VALUES ('197', '3', '501', '2019-01-07 15:46:42', '2019-01-07 15:46:42');
INSERT INTO `s3_system_group_priv` VALUES ('198', '3', '502', '2019-01-07 15:46:42', '2019-01-07 15:46:42');
INSERT INTO `s3_system_group_priv` VALUES ('199', '3', '503', '2019-01-07 15:46:42', '2019-01-07 15:46:42');
INSERT INTO `s3_system_group_priv` VALUES ('200', '3', '504', '2019-01-07 15:46:42', '2019-01-07 15:46:42');
INSERT INTO `s3_system_group_priv` VALUES ('201', '4', '1001', '2019-01-07 15:46:47', '2019-01-07 15:46:47');
INSERT INTO `s3_system_group_priv` VALUES ('202', '4', '200', '2019-01-07 15:46:47', '2019-01-07 15:46:47');
INSERT INTO `s3_system_group_priv` VALUES ('203', '4', '201', '2019-01-07 15:46:47', '2019-01-07 15:46:47');
INSERT INTO `s3_system_group_priv` VALUES ('204', '4', '202', '2019-01-07 15:46:47', '2019-01-07 15:46:47');
INSERT INTO `s3_system_group_priv` VALUES ('205', '4', '203', '2019-01-07 15:46:47', '2019-01-07 15:46:47');
INSERT INTO `s3_system_group_priv` VALUES ('206', '4', '204', '2019-01-07 15:46:47', '2019-01-07 15:46:47');
INSERT INTO `s3_system_group_priv` VALUES ('207', '4', '205', '2019-01-07 15:46:47', '2019-01-07 15:46:47');
INSERT INTO `s3_system_group_priv` VALUES ('208', '4', '206', '2019-01-07 15:46:47', '2019-01-07 15:46:47');
INSERT INTO `s3_system_group_priv` VALUES ('209', '4', '211', '2019-01-07 15:46:47', '2019-01-07 15:46:47');
INSERT INTO `s3_system_group_priv` VALUES ('210', '4', '212', '2019-01-07 15:46:47', '2019-01-07 15:46:47');
INSERT INTO `s3_system_group_priv` VALUES ('211', '4', '213', '2019-01-07 15:46:47', '2019-01-07 15:46:47');
INSERT INTO `s3_system_group_priv` VALUES ('212', '4', '214', '2019-01-07 15:46:47', '2019-01-07 15:46:47');
INSERT INTO `s3_system_group_priv` VALUES ('213', '4', '300', '2019-01-07 15:46:47', '2019-01-07 15:46:47');
INSERT INTO `s3_system_group_priv` VALUES ('214', '4', '301', '2019-01-07 15:46:47', '2019-01-07 15:46:47');
INSERT INTO `s3_system_group_priv` VALUES ('215', '4', '302', '2019-01-07 15:46:47', '2019-01-07 15:46:47');
INSERT INTO `s3_system_group_priv` VALUES ('216', '4', '303', '2019-01-07 15:46:47', '2019-01-07 15:46:47');
INSERT INTO `s3_system_group_priv` VALUES ('217', '4', '304', '2019-01-07 15:46:47', '2019-01-07 15:46:47');
INSERT INTO `s3_system_group_priv` VALUES ('218', '4', '305', '2019-01-07 15:46:47', '2019-01-07 15:46:47');
INSERT INTO `s3_system_group_priv` VALUES ('219', '4', '306', '2019-01-07 15:46:47', '2019-01-07 15:46:47');
INSERT INTO `s3_system_group_priv` VALUES ('220', '4', '307', '2019-01-07 15:46:47', '2019-01-07 15:46:47');
INSERT INTO `s3_system_group_priv` VALUES ('221', '4', '308', '2019-01-07 15:46:47', '2019-01-07 15:46:47');
INSERT INTO `s3_system_group_priv` VALUES ('222', '4', '310', '2019-01-07 15:46:47', '2019-01-07 15:46:47');
INSERT INTO `s3_system_group_priv` VALUES ('223', '4', '311', '2019-01-07 15:46:47', '2019-01-07 15:46:47');
INSERT INTO `s3_system_group_priv` VALUES ('224', '4', '313', '2019-01-07 15:46:47', '2019-01-07 15:46:47');
INSERT INTO `s3_system_group_priv` VALUES ('225', '4', '314', '2019-01-07 15:46:47', '2019-01-07 15:46:47');
INSERT INTO `s3_system_group_priv` VALUES ('226', '4', '315', '2019-01-07 15:46:47', '2019-01-07 15:46:47');
INSERT INTO `s3_system_group_priv` VALUES ('227', '4', '400', '2019-01-07 15:46:47', '2019-01-07 15:46:47');
INSERT INTO `s3_system_group_priv` VALUES ('228', '4', '401', '2019-01-07 15:46:47', '2019-01-07 15:46:47');
INSERT INTO `s3_system_group_priv` VALUES ('229', '4', '402', '2019-01-07 15:46:47', '2019-01-07 15:46:47');
INSERT INTO `s3_system_group_priv` VALUES ('230', '4', '403', '2019-01-07 15:46:47', '2019-01-07 15:46:47');
INSERT INTO `s3_system_group_priv` VALUES ('231', '4', '500', '2019-01-07 15:46:47', '2019-01-07 15:46:47');
INSERT INTO `s3_system_group_priv` VALUES ('232', '4', '501', '2019-01-07 15:46:47', '2019-01-07 15:46:47');
INSERT INTO `s3_system_group_priv` VALUES ('233', '4', '502', '2019-01-07 15:46:47', '2019-01-07 15:46:47');
INSERT INTO `s3_system_group_priv` VALUES ('234', '4', '503', '2019-01-07 15:46:47', '2019-01-07 15:46:47');
INSERT INTO `s3_system_group_priv` VALUES ('235', '4', '504', '2019-01-07 15:46:47', '2019-01-07 15:46:47');
INSERT INTO `s3_system_group_priv` VALUES ('236', '2', '1002', '2019-01-07 16:07:13', '2019-01-07 16:07:13');
INSERT INTO `s3_system_group_priv` VALUES ('237', '2', '1003', '2019-01-07 16:16:22', '2019-01-07 16:16:22');
INSERT INTO `s3_system_group_priv` VALUES ('238', '2', '302', '2019-01-07 16:16:22', '2019-01-07 16:16:22');
INSERT INTO `s3_system_group_priv` VALUES ('239', '2', '1004', '2019-01-07 16:19:15', '2019-01-07 16:19:15');
INSERT INTO `s3_system_group_priv` VALUES ('240', '2', '1005', '2019-01-07 16:23:29', '2019-01-07 16:23:29');
INSERT INTO `s3_system_group_priv` VALUES ('241', '2', '1006', '2019-01-07 16:41:03', '2019-01-07 16:41:03');
INSERT INTO `s3_system_group_priv` VALUES ('242', '2', '1007', '2019-01-07 16:41:03', '2019-01-07 16:41:03');
INSERT INTO `s3_system_group_priv` VALUES ('243', '2', '1008', '2019-01-07 16:41:03', '2019-01-07 16:41:03');
INSERT INTO `s3_system_group_priv` VALUES ('244', '2', '1009', '2019-01-07 16:51:50', '2019-01-07 16:51:50');
INSERT INTO `s3_system_group_priv` VALUES ('245', '2', '1010', '2019-01-07 16:51:50', '2019-01-07 16:51:50');
INSERT INTO `s3_system_group_priv` VALUES ('246', '2', '1011', '2019-01-07 16:51:50', '2019-01-07 16:51:50');
INSERT INTO `s3_system_group_priv` VALUES ('247', '2', '1012', '2019-01-07 16:51:50', '2019-01-07 16:51:50');
INSERT INTO `s3_system_group_priv` VALUES ('248', '2', '1013', '2019-01-07 16:51:50', '2019-01-07 16:51:50');
INSERT INTO `s3_system_group_priv` VALUES ('249', '2', '1014', '2019-01-07 16:51:50', '2019-01-07 16:51:50');
INSERT INTO `s3_system_group_priv` VALUES ('250', '1', '1003', '2019-01-07 17:10:24', '2019-01-07 17:10:24');
INSERT INTO `s3_system_group_priv` VALUES ('251', '1', '1002', '2019-01-07 17:10:24', '2019-01-07 17:10:24');
INSERT INTO `s3_system_group_priv` VALUES ('252', '1', '1009', '2019-01-07 17:10:24', '2019-01-07 17:10:24');
INSERT INTO `s3_system_group_priv` VALUES ('253', '1', '1010', '2019-01-07 17:10:24', '2019-01-07 17:10:24');
INSERT INTO `s3_system_group_priv` VALUES ('254', '1', '1011', '2019-01-07 17:10:24', '2019-01-07 17:10:24');
INSERT INTO `s3_system_group_priv` VALUES ('255', '1', '1012', '2019-01-07 17:10:24', '2019-01-07 17:10:24');
INSERT INTO `s3_system_group_priv` VALUES ('256', '1', '1013', '2019-01-07 17:10:24', '2019-01-07 17:10:24');
INSERT INTO `s3_system_group_priv` VALUES ('257', '1', '1014', '2019-01-07 17:10:24', '2019-01-07 17:10:24');
INSERT INTO `s3_system_group_priv` VALUES ('258', '1', '1004', '2019-01-07 17:10:24', '2019-01-07 17:10:24');
INSERT INTO `s3_system_group_priv` VALUES ('259', '1', '1005', '2019-01-07 17:10:24', '2019-01-07 17:10:24');
INSERT INTO `s3_system_group_priv` VALUES ('260', '1', '1006', '2019-01-07 17:10:24', '2019-01-07 17:10:24');
INSERT INTO `s3_system_group_priv` VALUES ('261', '1', '1007', '2019-01-07 17:10:24', '2019-01-07 17:10:24');
INSERT INTO `s3_system_group_priv` VALUES ('262', '1', '1008', '2019-01-07 17:10:24', '2019-01-07 17:10:24');
INSERT INTO `s3_system_group_priv` VALUES ('264', '2', '1016', '2019-01-07 17:55:57', '2019-01-07 17:55:57');
INSERT INTO `s3_system_group_priv` VALUES ('265', '2', '1017', '2019-01-07 17:55:57', '2019-01-07 17:55:57');
INSERT INTO `s3_system_group_priv` VALUES ('266', '2', '1018', '2019-01-07 17:55:57', '2019-01-07 17:55:57');
INSERT INTO `s3_system_group_priv` VALUES ('267', '1', '1016', '2019-01-07 17:56:03', '2019-01-07 17:56:03');
INSERT INTO `s3_system_group_priv` VALUES ('268', '1', '1017', '2019-01-07 17:56:03', '2019-01-07 17:56:03');
INSERT INTO `s3_system_group_priv` VALUES ('269', '1', '1018', '2019-01-07 17:56:03', '2019-01-07 17:56:03');
INSERT INTO `s3_system_group_priv` VALUES ('270', '1', '1015', '2019-01-07 18:00:44', '2019-01-07 18:00:44');
INSERT INTO `s3_system_group_priv` VALUES ('293', '3', '1016', '2019-01-07 18:08:00', '2019-01-07 18:08:00');
INSERT INTO `s3_system_group_priv` VALUES ('294', '3', '1017', '2019-01-07 18:08:00', '2019-01-07 18:08:00');
INSERT INTO `s3_system_group_priv` VALUES ('295', '3', '1018', '2019-01-07 18:08:00', '2019-01-07 18:08:00');
INSERT INTO `s3_system_group_priv` VALUES ('296', '3', '202', '2019-01-07 18:08:03', '2019-01-07 18:08:03');
INSERT INTO `s3_system_group_priv` VALUES ('297', '3', '203', '2019-01-07 18:08:03', '2019-01-07 18:08:03');
INSERT INTO `s3_system_group_priv` VALUES ('298', '3', '204', '2019-01-07 18:08:03', '2019-01-07 18:08:03');
INSERT INTO `s3_system_group_priv` VALUES ('299', '3', '1003', '2019-01-07 18:08:03', '2019-01-07 18:08:03');
INSERT INTO `s3_system_group_priv` VALUES ('300', '3', '212', '2019-01-07 18:08:03', '2019-01-07 18:08:03');
INSERT INTO `s3_system_group_priv` VALUES ('301', '3', '213', '2019-01-07 18:08:03', '2019-01-07 18:08:03');
INSERT INTO `s3_system_group_priv` VALUES ('302', '3', '214', '2019-01-07 18:08:03', '2019-01-07 18:08:03');
INSERT INTO `s3_system_group_priv` VALUES ('303', '3', '1002', '2019-01-07 18:08:03', '2019-01-07 18:08:03');
INSERT INTO `s3_system_group_priv` VALUES ('304', '3', '1009', '2019-01-07 18:08:03', '2019-01-07 18:08:03');
INSERT INTO `s3_system_group_priv` VALUES ('305', '3', '1010', '2019-01-07 18:08:03', '2019-01-07 18:08:03');
INSERT INTO `s3_system_group_priv` VALUES ('306', '3', '1011', '2019-01-07 18:08:03', '2019-01-07 18:08:03');
INSERT INTO `s3_system_group_priv` VALUES ('307', '3', '1012', '2019-01-07 18:08:03', '2019-01-07 18:08:03');
INSERT INTO `s3_system_group_priv` VALUES ('308', '3', '1013', '2019-01-07 18:08:03', '2019-01-07 18:08:03');
INSERT INTO `s3_system_group_priv` VALUES ('309', '3', '402', '2019-01-07 18:08:03', '2019-01-07 18:08:03');
INSERT INTO `s3_system_group_priv` VALUES ('310', '3', '403', '2019-01-07 18:08:03', '2019-01-07 18:08:03');
INSERT INTO `s3_system_group_priv` VALUES ('311', '3', '1004', '2019-01-07 18:08:03', '2019-01-07 18:08:03');
INSERT INTO `s3_system_group_priv` VALUES ('312', '3', '1005', '2019-01-07 18:08:03', '2019-01-07 18:08:03');
INSERT INTO `s3_system_group_priv` VALUES ('313', '3', '1006', '2019-01-07 18:08:03', '2019-01-07 18:08:03');
INSERT INTO `s3_system_group_priv` VALUES ('314', '3', '1007', '2019-01-07 18:08:03', '2019-01-07 18:08:03');
INSERT INTO `s3_system_group_priv` VALUES ('315', '3', '1008', '2019-01-07 18:08:03', '2019-01-07 18:08:03');
INSERT INTO `s3_system_group_priv` VALUES ('316', '4', '1003', '2019-01-07 18:08:08', '2019-01-07 18:08:08');
INSERT INTO `s3_system_group_priv` VALUES ('317', '4', '1002', '2019-01-07 18:08:08', '2019-01-07 18:08:08');
INSERT INTO `s3_system_group_priv` VALUES ('318', '4', '1009', '2019-01-07 18:08:08', '2019-01-07 18:08:08');
INSERT INTO `s3_system_group_priv` VALUES ('319', '4', '1010', '2019-01-07 18:08:08', '2019-01-07 18:08:08');
INSERT INTO `s3_system_group_priv` VALUES ('320', '4', '1011', '2019-01-07 18:08:08', '2019-01-07 18:08:08');
INSERT INTO `s3_system_group_priv` VALUES ('321', '4', '1012', '2019-01-07 18:08:08', '2019-01-07 18:08:08');
INSERT INTO `s3_system_group_priv` VALUES ('322', '4', '1013', '2019-01-07 18:08:08', '2019-01-07 18:08:08');
INSERT INTO `s3_system_group_priv` VALUES ('323', '4', '1004', '2019-01-07 18:08:08', '2019-01-07 18:08:08');
INSERT INTO `s3_system_group_priv` VALUES ('324', '4', '1005', '2019-01-07 18:08:08', '2019-01-07 18:08:08');
INSERT INTO `s3_system_group_priv` VALUES ('325', '4', '1006', '2019-01-07 18:08:08', '2019-01-07 18:08:08');
INSERT INTO `s3_system_group_priv` VALUES ('326', '4', '1007', '2019-01-07 18:08:08', '2019-01-07 18:08:08');
INSERT INTO `s3_system_group_priv` VALUES ('327', '4', '1008', '2019-01-07 18:08:08', '2019-01-07 18:08:08');
INSERT INTO `s3_system_group_priv` VALUES ('328', '4', '1016', '2019-01-07 18:08:08', '2019-01-07 18:08:08');
INSERT INTO `s3_system_group_priv` VALUES ('329', '4', '1017', '2019-01-07 18:08:08', '2019-01-07 18:08:08');
INSERT INTO `s3_system_group_priv` VALUES ('330', '4', '1018', '2019-01-07 18:08:08', '2019-01-07 18:08:08');

-- ----------------------------
-- Table structure for s3_system_menu
-- ----------------------------
DROP TABLE IF EXISTS `s3_system_menu`;
CREATE TABLE `s3_system_menu` (
  `sm_id` int(11) NOT NULL AUTO_INCREMENT,
  `sm_label` char(16) NOT NULL DEFAULT '' COMMENT '菜单名称',
  `sm_view` varchar(32) NOT NULL DEFAULT '' COMMENT '菜单前端对应目录',
  `sm_icon` varchar(64) NOT NULL DEFAULT '' COMMENT '菜单logo',
  `sort_by` int(11) NOT NULL DEFAULT 0 COMMENT '排序',
  `is_show_sidebar` tinyint(1) NOT NULL DEFAULT 1 COMMENT '是否显示',
  `sm_status` int(1) NOT NULL DEFAULT 0 COMMENT '菜单状态',
  `sm_parent_id` int(11) NOT NULL DEFAULT 0 COMMENT '父菜单id',
  `sm_set_or_business` tinyint(1) NOT NULL DEFAULT 0 COMMENT '菜单属于系统设置还是业务，默认0：业务，1：系统设置',
  `created_at` datetime DEFAULT NULL,
  `updated_at` datetime DEFAULT NULL,
  PRIMARY KEY (`sm_id`)
) ENGINE=InnoDB AUTO_INCREMENT=45 DEFAULT CHARSET=utf8mb4;

-- ----------------------------
-- Records of s3_system_menu
-- ----------------------------
INSERT INTO `s3_system_menu` VALUES ('1', '系统设置', 'system', '', '0', '1', '0', '0', '1', '2019-01-04 16:21:08', '2019-01-04 16:21:08');
INSERT INTO `s3_system_menu` VALUES ('2', '管理员维护', 'admins', '', '0', '1', '0', '1', '1', '2019-01-04 16:21:08', '2019-01-04 16:21:08');
INSERT INTO `s3_system_menu` VALUES ('3', '角色列表', 'groups', '', '0', '1', '0', '1', '1', '2019-01-04 16:21:08', '2019-01-04 16:21:08');
INSERT INTO `s3_system_menu` VALUES ('4', '菜单列表', 'menus', '', '0', '1', '0', '1', '1', '2019-01-04 16:21:08', '2019-01-04 16:21:08');
INSERT INTO `s3_system_menu` VALUES ('5', '权限列表', 'privileges', '', '0', '1', '0', '1', '1', '2019-01-04 16:21:08', '2019-01-04 16:21:08');
INSERT INTO `s3_system_menu` VALUES ('6', '活跃记录', 'active', '', '0', '1', '0', '36', '0', '2019-01-04 16:21:08', '2019-01-04 16:21:08');
INSERT INTO `s3_system_menu` VALUES ('7', '充值记录', 'recharge', '', '0', '1', '0', '36', '0', '2019-01-04 16:21:08', '2019-01-04 16:21:08');
INSERT INTO `s3_system_menu` VALUES ('8', '补单记录', 'replacement', '', '0', '1', '0', '36', '0', '2019-01-04 16:21:08', '2019-01-04 16:21:08');
INSERT INTO `s3_system_menu` VALUES ('9', '信用记录', 'credit', '', '0', '1', '0', '36', '0', '2019-01-04 16:21:08', '2019-01-04 16:21:08');
INSERT INTO `s3_system_menu` VALUES ('10', '产品管理', 'product', 'layui-icon-theme', '0', '1', '0', '0', '0', '2019-01-04 16:21:08', '2019-01-04 16:21:08');
INSERT INTO `s3_system_menu` VALUES ('11', '产品列表', 'product', '', '0', '1', '0', '10', '0', '2019-01-04 16:21:08', '2019-01-04 16:21:08');
INSERT INTO `s3_system_menu` VALUES ('12', '规则管理', 'rule', 'layui-icon-xuanzemoban48', '0', '1', '0', '39', '0', '2019-01-04 16:21:08', '2019-01-04 16:21:08');
INSERT INTO `s3_system_menu` VALUES ('13', '规则配置', 'rule', '', '0', '1', '0', '12', '0', '2019-01-04 16:21:08', '2019-01-04 16:21:08');
INSERT INTO `s3_system_menu` VALUES ('15', '操作日志', 'operation-log', '', '0', '1', '0', '40', '0', '2019-01-04 16:21:08', '2019-01-04 16:21:08');
INSERT INTO `s3_system_menu` VALUES ('30', '分析报表', 'analysis', 'layui-icon-biaoge', '0', '1', '0', '39', '0', '2019-01-04 16:21:08', '2019-01-04 16:21:08');
INSERT INTO `s3_system_menu` VALUES ('31', '坏账', 'bad-debts', '', '0', '1', '0', '30', '0', '2019-01-04 16:21:08', '2019-01-04 16:21:08');
INSERT INTO `s3_system_menu` VALUES ('32', '用户', 'user', '', '0', '1', '0', '30', '0', '2019-01-04 16:21:08', '2019-01-04 16:21:08');
INSERT INTO `s3_system_menu` VALUES ('33', '设备', 'device', '', '0', '1', '0', '30', '0', '2019-01-04 16:21:08', '2019-01-04 16:21:08');
INSERT INTO `s3_system_menu` VALUES ('34', '产品联系人', 'linkman', '', '0', '1', '0', '10', '0', '2019-01-04 16:21:08', '2019-01-04 16:21:08');
INSERT INTO `s3_system_menu` VALUES ('35', '票据设备', 'receipt-device', '', '0', '1', '0', '30', '0', '2019-01-04 16:21:08', '2019-01-04 16:21:08');
INSERT INTO `s3_system_menu` VALUES ('36', '明细查询', 'source-data', 'layui-icon-biaoge', '0', '1', '0', '39', '0', '2019-01-04 16:21:08', '2019-01-04 16:21:08');
INSERT INTO `s3_system_menu` VALUES ('37', '登录记录', 'login', '', '0', '1', '0', '36', '0', '2019-01-04 16:21:08', '2019-01-04 16:21:08');
INSERT INTO `s3_system_menu` VALUES ('39', 'IOS风控', 'risk', 'layui-icon-yinqing', '0', '1', '0', '0', '0', '2019-01-07 16:54:06', '2019-01-07 17:21:49');
INSERT INTO `s3_system_menu` VALUES ('40', '日志', 'logs', 'layui-icon-zuoduiqi', '0', '1', '0', '0', '0', '2019-01-07 17:58:38', '2019-01-07 17:58:38');

-- ----------------------------
-- Table structure for s3_system_priv
-- ----------------------------
DROP TABLE IF EXISTS `s3_system_priv`;
CREATE TABLE `s3_system_priv` (
  `sp_id` int(11) NOT NULL AUTO_INCREMENT,
  `sm_id` int(11) NOT NULL DEFAULT 0 COMMENT '菜单id',
  `sp_label` varchar(16) NOT NULL DEFAULT '' COMMENT '权限名称',
  `sp_module` varchar(32) NOT NULL DEFAULT '' COMMENT '权限对应模块',
  `sp_controller` varchar(32) NOT NULL DEFAULT '' COMMENT '权限对应控制器',
  `sp_action` varchar(32) NOT NULL DEFAULT '' COMMENT '权限对应方法',
  `sp_parent_id` int(11) NOT NULL DEFAULT 0 COMMENT '权限父id',
  `sp_set_or_business` tinyint(1) NOT NULL DEFAULT 0 COMMENT '权限属于系统设置还是业务，默认0：业务，1：系统设置',
  `created_at` datetime DEFAULT NULL,
  `updated_at` datetime DEFAULT NULL,
  PRIMARY KEY (`sp_id`)
) ENGINE=InnoDB AUTO_INCREMENT=1020 DEFAULT CHARSET=utf8mb4;

-- ----------------------------
-- Records of s3_system_priv
-- ----------------------------
INSERT INTO `s3_system_priv` VALUES ('1', '1', '系统管理', 'main', 'main', 'main', '0', '1', '2019-01-04 16:21:08', '2019-01-04 16:21:08');
INSERT INTO `s3_system_priv` VALUES ('2', '2', '管理员维护', 'main', 'main', 'main', '1', '1', '2019-01-04 16:21:08', '2019-01-04 16:21:08');
INSERT INTO `s3_system_priv` VALUES ('3', '2', '管理员列表', 'admin', 'admin-user', 'index', '2', '1', '2019-01-04 16:21:08', '2019-01-04 16:21:08');
INSERT INTO `s3_system_priv` VALUES ('4', '2', '添加管理员', 'admin', 'admin-user', 'create', '2', '1', '2019-01-04 16:21:08', '2019-01-04 16:21:08');
INSERT INTO `s3_system_priv` VALUES ('5', '2', '修改管理员', 'admin', 'admin-user', 'update', '2', '1', '2019-01-04 16:21:08', '2019-01-04 16:21:08');
INSERT INTO `s3_system_priv` VALUES ('6', '2', '删除管理员', 'admin', 'admin-user', 'delete', '2', '1', '2019-01-04 16:21:08', '2019-01-04 16:21:08');
INSERT INTO `s3_system_priv` VALUES ('7', '3', '角色维护', 'main', 'main', 'main', '1', '1', '2019-01-04 16:21:08', '2019-01-04 16:21:08');
INSERT INTO `s3_system_priv` VALUES ('8', '3', '角色列表', 'admin', 'system-group', 'index', '7', '1', '2019-01-04 16:21:08', '2019-01-04 16:21:08');
INSERT INTO `s3_system_priv` VALUES ('9', '3', '添加角色', 'admin', 'system-group', 'create', '7', '1', '2019-01-04 16:21:08', '2019-01-04 16:21:08');
INSERT INTO `s3_system_priv` VALUES ('10', '3', '修改角色', 'admin', 'system-group', 'update', '7', '1', '2019-01-04 16:21:08', '2019-01-04 16:21:08');
INSERT INTO `s3_system_priv` VALUES ('11', '3', '删除角色', 'admin', 'system-group', 'delete', '7', '1', '2019-01-04 16:21:08', '2019-01-04 16:21:08');
INSERT INTO `s3_system_priv` VALUES ('12', '3', '角色权限列表', 'admin', 'system-group', 'group-privilege-list', '7', '1', '2019-01-04 16:21:08', '2019-01-04 16:21:08');
INSERT INTO `s3_system_priv` VALUES ('13', '3', '角色权限修改', 'admin', 'system-group', 'group-privilege-update', '7', '1', '2019-01-04 16:21:08', '2019-01-04 16:21:08');
INSERT INTO `s3_system_priv` VALUES ('14', '4', '菜单维护', 'main', 'main', 'main', '1', '1', '2019-01-04 16:21:08', '2019-01-04 16:21:08');
INSERT INTO `s3_system_priv` VALUES ('15', '4', '菜单列表', 'admin', 'menu', 'index', '14', '1', '2019-01-04 16:21:08', '2019-01-04 16:21:08');
INSERT INTO `s3_system_priv` VALUES ('16', '4', '添加菜单', 'admin', 'menu', 'create', '14', '1', '2019-01-04 16:21:08', '2019-01-04 16:21:08');
INSERT INTO `s3_system_priv` VALUES ('17', '4', '修改菜单', 'admin', 'menu', 'update', '14', '1', '2019-01-04 16:21:08', '2019-01-04 16:21:08');
INSERT INTO `s3_system_priv` VALUES ('18', '4', '删除菜单', 'admin', 'menu', 'delete', '14', '1', '2019-01-04 16:21:08', '2019-01-04 16:21:08');
INSERT INTO `s3_system_priv` VALUES ('19', '5', '权限维护', 'main', 'main', 'main', '1', '1', '2019-01-04 16:21:08', '2019-01-04 16:21:08');
INSERT INTO `s3_system_priv` VALUES ('20', '5', '权限列表', 'admin', 'privilege', 'index', '19', '1', '2019-01-04 16:21:08', '2019-01-04 16:21:08');
INSERT INTO `s3_system_priv` VALUES ('21', '5', '添加权限', 'admin', 'privilege', 'create', '19', '1', '2019-01-04 16:21:08', '2019-01-04 16:21:08');
INSERT INTO `s3_system_priv` VALUES ('22', '5', '修改权限', 'admin', 'privilege', 'update', '19', '1', '2019-01-04 16:21:08', '2019-01-04 16:21:08');
INSERT INTO `s3_system_priv` VALUES ('23', '5', '删除权限', 'admin', 'privilege', 'delete', '19', '1', '2019-01-04 16:21:08', '2019-01-04 16:21:08');
INSERT INTO `s3_system_priv` VALUES ('200', '10', '产品管理', 'main', 'main', 'main', '0', '0', '2019-01-04 16:21:08', '2019-01-07 17:08:58');
INSERT INTO `s3_system_priv` VALUES ('201', '11', '产品列表', 'main', 'main', 'main', '200', '0', '2019-01-04 16:21:08', '2019-01-07 17:09:09');
INSERT INTO `s3_system_priv` VALUES ('202', '11', '添加产品', 'index', 'product', 'create', '201', '0', '2019-01-04 16:21:08', '2019-01-07 17:09:26');
INSERT INTO `s3_system_priv` VALUES ('203', '11', '修改产品', 'index', 'product', 'update', '201', '0', '2019-01-04 16:21:08', '2019-01-04 16:21:08');
INSERT INTO `s3_system_priv` VALUES ('204', '11', '删除产品', 'index', 'product', 'delete', '201', '0', '2019-01-04 16:21:08', '2019-01-04 16:21:08');
INSERT INTO `s3_system_priv` VALUES ('205', '11', '我的产品', 'index', 'product', 'my-product', '201', '0', '2019-01-04 16:21:08', '2019-01-04 16:21:08');
INSERT INTO `s3_system_priv` VALUES ('206', '11', '切换产品', 'index', 'product', 'switch-product', '201', '0', '2019-01-04 16:21:08', '2019-01-04 16:21:08');
INSERT INTO `s3_system_priv` VALUES ('211', '34', '产品联系人', 'main', 'main', 'main', '200', '0', '2019-01-04 16:21:08', '2019-01-07 16:11:01');
INSERT INTO `s3_system_priv` VALUES ('212', '34', '添加产品联系人', 'index', 'linkman', 'create', '211', '0', '2019-01-04 16:21:08', '2019-01-04 16:21:08');
INSERT INTO `s3_system_priv` VALUES ('213', '34', '修改产品联系人', 'index', 'linkman', 'update', '211', '0', '2019-01-04 16:21:08', '2019-01-04 16:21:08');
INSERT INTO `s3_system_priv` VALUES ('214', '34', '删除产品联系人', 'index', 'linkman', 'delete', '211', '0', '2019-01-04 16:21:08', '2019-01-04 16:21:08');
INSERT INTO `s3_system_priv` VALUES ('300', '36', '明细查询', 'main', 'main', 'main', '1001', '0', '2019-01-04 16:21:08', '2019-01-04 16:21:08');
INSERT INTO `s3_system_priv` VALUES ('301', '37', '登录记录', 'main', 'main', 'main', '300', '0', '2019-01-04 16:21:08', '2019-01-04 19:23:26');
INSERT INTO `s3_system_priv` VALUES ('302', '7', '充值记录', 'main', 'main', 'main', '300', '0', '2019-01-04 16:21:08', '2019-01-04 19:23:40');
INSERT INTO `s3_system_priv` VALUES ('303', '6', '活跃记录', 'main', 'main', 'main', '300', '0', '2019-01-04 16:21:08', '2019-01-04 19:23:44');
INSERT INTO `s3_system_priv` VALUES ('304', '8', '补单记录', 'main', 'main', 'main', '300', '0', '2019-01-04 16:21:08', '2019-01-04 19:23:48');
INSERT INTO `s3_system_priv` VALUES ('305', '8', '手动补单', 'index', 'recharge', 'renotify', '302', '0', '2019-01-04 16:21:08', '2019-01-04 19:23:52');
INSERT INTO `s3_system_priv` VALUES ('306', '8', '订单重置', 'main', 'main', 'main', '302', '0', '2019-01-04 16:21:08', '2019-01-04 19:23:56');
INSERT INTO `s3_system_priv` VALUES ('307', '8', '订单票据', 'index', 'recharge', 'receipt', '302', '0', '2019-01-04 16:21:08', '2019-01-04 16:21:08');
INSERT INTO `s3_system_priv` VALUES ('308', '8', '订单快照', 'index', 'recharge', 'snap-analyze', '302', '0', '2019-01-04 16:21:08', '2019-01-04 16:21:08');
INSERT INTO `s3_system_priv` VALUES ('310', '9', '信用记录', 'main', 'main', 'main', '300', '0', '2019-01-04 16:21:08', '2019-01-04 19:24:07');
INSERT INTO `s3_system_priv` VALUES ('311', '9', '信用详情', 'index', 'credit', 'view', '310', '0', '2019-01-04 16:21:08', '2019-01-04 16:21:08');
INSERT INTO `s3_system_priv` VALUES ('314', '9', '设备加分', 'index', 'credit', 'add-device-score-directly', '310', '0', '2019-01-04 16:21:08', '2019-01-04 16:21:08');
INSERT INTO `s3_system_priv` VALUES ('315', '9', '清除设备', 'index', 'credit', 'clear-devices-score', '310', '0', '2019-01-04 16:21:08', '2019-01-04 16:21:08');
INSERT INTO `s3_system_priv` VALUES ('400', '12', '规则管理', 'main', 'main', 'main', '1001', '0', '2019-01-04 16:21:08', '2019-01-04 16:21:08');
INSERT INTO `s3_system_priv` VALUES ('401', '13', '规则查看', 'main', 'main', 'main', '400', '0', '2019-01-04 16:21:08', '2019-01-04 19:24:19');
INSERT INTO `s3_system_priv` VALUES ('402', '13', '规则更新', 'index', 'rule', 'update', '401', '0', '2019-01-04 16:21:08', '2019-01-04 16:21:08');
INSERT INTO `s3_system_priv` VALUES ('403', '13', '规则说明', 'index', 'rule', 'intro', '401', '0', '2019-01-04 16:21:08', '2019-01-04 16:21:08');
INSERT INTO `s3_system_priv` VALUES ('500', '30', '分析报表', 'main', 'main', 'main', '1001', '0', '2019-01-04 16:21:08', '2019-01-04 16:21:08');
INSERT INTO `s3_system_priv` VALUES ('501', '31', '坏账', 'main', 'main', 'main', '500', '0', '2019-01-04 16:21:08', '2019-01-04 19:24:24');
INSERT INTO `s3_system_priv` VALUES ('502', '32', '用户', 'main', 'main', 'main', '500', '0', '2019-01-04 16:21:08', '2019-01-04 19:24:27');
INSERT INTO `s3_system_priv` VALUES ('503', '33', '设备', 'main', 'main', 'main', '500', '0', '2019-01-04 16:21:08', '2019-01-04 19:24:32');
INSERT INTO `s3_system_priv` VALUES ('504', '35', '票据设备', 'main', 'main', 'main', '500', '0', '2019-01-04 16:21:08', '2019-01-04 19:24:35');
INSERT INTO `s3_system_priv` VALUES ('1001', '39', '风控系统', 'main', 'main', 'main', '0', '0', '2019-01-04 16:21:08', '2019-01-07 17:08:42');
INSERT INTO `s3_system_priv` VALUES ('1002', '34', '产品联系人', 'index', 'linkman', 'index', '211', '0', null, null);
INSERT INTO `s3_system_priv` VALUES ('1003', '11', '产品列表', 'index', 'product', 'index', '201', '0', null, null);
INSERT INTO `s3_system_priv` VALUES ('1004', '13', '规则查看', 'index', 'rule', 'index', '401', '0', null, null);
INSERT INTO `s3_system_priv` VALUES ('1005', '31', '坏账', 'index', 'analysis', 'bad-debts', '501', '0', null, null);
INSERT INTO `s3_system_priv` VALUES ('1006', '32', '用户', 'index', 'analysis', 'user', '502', '0', null, null);
INSERT INTO `s3_system_priv` VALUES ('1007', '33', '设备', 'index', 'analysis', 'device', '503', '0', null, null);
INSERT INTO `s3_system_priv` VALUES ('1008', '35', '票据设备', 'index', 'analysis', 'receipt-device', '504', '0', null, null);
INSERT INTO `s3_system_priv` VALUES ('1009', '37', '登录记录', 'index', 'login', 'index', '301', '0', null, null);
INSERT INTO `s3_system_priv` VALUES ('1010', '7', '充值记录', 'index', 'recharge', 'index', '302', '0', null, null);
INSERT INTO `s3_system_priv` VALUES ('1011', '6', '活跃记录', 'index', 'active', 'index', '303', '0', null, null);
INSERT INTO `s3_system_priv` VALUES ('1012', '8', '补单记录', 'index', 'replacement', 'index', '304', '0', null, null);
INSERT INTO `s3_system_priv` VALUES ('1013', '9', '信用记录', 'index', 'credit', 'index', '310', '0', null, null);
INSERT INTO `s3_system_priv` VALUES ('1016', '40', '日志', 'main', 'main', 'main', '0', '0', null, null);
INSERT INTO `s3_system_priv` VALUES ('1017', '15', '操作日志', 'main', 'main', 'main', '1016', '0', null, null);
INSERT INTO `s3_system_priv` VALUES ('1018', '15', '操作日志', 'admin', 'operation-log', 'index', '1017', '0', null, null);

-- ----------------------------
-- Table structure for s3_system_user_group
-- ----------------------------
DROP TABLE IF EXISTS `s3_system_user_group`;
CREATE TABLE `s3_system_user_group` (
  `sug_id` int(11) NOT NULL AUTO_INCREMENT,
  `sg_id` int(11) NOT NULL DEFAULT 0 COMMENT '角色id',
  `ad_uid` int(11) NOT NULL DEFAULT 0 COMMENT '管理员id',
  `created_at` datetime DEFAULT NULL,
  `updated_at` datetime DEFAULT NULL,
  PRIMARY KEY (`sug_id`)
) ENGINE=InnoDB AUTO_INCREMENT=15 DEFAULT CHARSET=utf8mb4;

-- ----------------------------
-- Records of s3_system_user_group
-- ----------------------------
INSERT INTO `s3_system_user_group` VALUES ('1', '1', '4', '2019-01-04 16:21:08', '2019-01-04 16:21:08');
